,id,Locate,Latitude,Longitude,Price_Plus,Price_Negative
0,1020,臺北市,25.0169639,121.226186,1178.913092105263,-1547.1597297297294
1,1021,臺中市,24.2204731,120.675682,207.2283582089552,-285.89805555555563
2,1022,臺南市,23.1229948,120.1312983,491.6162037037037,-443.11125000000027
3,1023,高雄市,22.7955626,120.3328973,479.6241216216218,-845.2009473684212
4,1024,嘉義市,23.4790323,120.4142769,371.393,-441.43304347826097
5,1025,基隆市,25.1240308,121.6475836,181.99375000000003,-245.901
6,1028,彰化縣,23.992187,120.323067,192.43645161290326,-214.63352941176473
7,1029,高雄市,22.7955626,120.3328973,330.3893749999999,-284.6676363636364
8,102A,新竹市,24.7835529,120.9316641,211.79459459459457,-224.78473684210525
9,102C,臺北市,25.0169639,121.226186,290.2740853658537,-309.33438461538464
10,102E,桃園市,24.8545491,120.9519931,220.3876923076923,-239.19944444444445
11,102F,臺中市,24.2204731,120.675682,319.6030158730158,-477.77624999999995
12,102G,新北市,24.9869053,121.3645974,157.0,-161.75
13,102Q,臺北市,25.0169639,121.226186,0.0,0.0
14,1030,臺北市,25.0169639,121.226186,214.98556603773582,-319.21102941176474
15,1031,臺中市,24.2204731,120.675682,242.14574074074076,-307.56088235294123
16,1032,臺南市,23.1229948,120.1312983,171.56125,-177.0911111111111
17,1033,高雄市,22.7955626,120.3328973,275.133,-213.70857142857145
18,1034,嘉義市,23.4790323,120.4142769,264.644090909091,-195.49642857142857
19,1035,新竹市,24.7835529,120.9316641,241.1883333333334,-336.79560000000015
20,1036,花蓮縣,23.8790869,121.3989973,209.6316666666667,-245.5207142857143
21,1037,花蓮縣,23.8790869,121.3989973,174.98357142857145,-169.33700000000002
22,1038,臺北市,25.0169639,121.226186,249.34613636363636,-332.46157894736837
23,1039,臺北市,25.0169639,121.226186,161.6940909090909,-228.1542857142857
24,103A,高雄市,22.7955626,120.3328973,222.17555555555558,-314.2638235294118
25,103B,彰化縣,23.992187,120.323067,306.90181818181816,-422.53499999999997
26,103C,臺南市,23.1229948,120.1312983,183.30166666666665,-213.1966666666667
27,103F,臺北市,25.0169639,121.226186,230.89450000000005,-576.8166666666666
28,1040,臺北市,25.0169639,121.226186,774.790471698113,-704.1097546012268
29,1041,高雄市,22.7955626,120.3328973,270.99989919354846,-350.48408783783793
30,1042,臺南市,23.1229948,120.1312983,255.5981593406593,-293.6596874999999
31,1043,臺北市,25.0169639,121.226186,280.671026119403,-326.405802919708
32,1045,新竹市,24.7835529,120.9316641,239.20110236220467,-260.9796296296297
33,104A,臺中市,24.2204731,120.675682,277.009693877551,-319.88134482758625
34,104C,高雄市,22.7955626,120.3328973,322.01048192771077,-338.50512048192763
35,104D,臺北市,25.0169639,121.226186,294.02625000000006,-384.35208695652176
36,1110,臺北市,25.0169639,121.226186,179.84799999999996,-1493.573888888889
37,1111,臺中市,24.2204731,120.675682,216.04151515151517,-274.95026315789477
38,1112,臺南市,23.1229948,120.1312983,159.23673913043476,-169.99
39,1113,高雄市,22.7955626,120.3328973,215.21250000000003,-240.58642857142863
40,1114,嘉義市,23.4790323,120.4142769,225.95374999999999,-200.32368421052635
41,1115,臺中市,24.2204731,120.675682,272.2789166666667,-410.04420000000005
42,1116,屏東縣,22.3912447,120.0679491,237.8884615384615,-355.72038461538466
43,1117,新竹縣,24.6873144,120.8920136,173.67361111111111,-179.483
44,1118,臺中市,24.2204731,120.675682,294.9841666666667,-180.4975
45,1119,高雄市,22.7955626,120.3328973,611.0395999999998,-1000.9368085106381
46,111A,嘉義縣,23.4257436,120.2573527,314.82842105263154,-369.7965625
47,111B,臺北市,25.0169639,121.226186,206.29125,-258.2083333333333
48,111C,高雄市,22.7955626,120.3328973,189.64045454545456,-152.805
49,111E,桃園市,24.8545491,120.9519931,184.90455882352938,-171.4827083333333
50,111F,高雄市,22.7955626,120.3328973,236.96947368421058,-199.7575
51,111G,新北市,24.9869053,121.3645974,189.0475,-212.03218749999996
52,1160,臺北市,25.0169639,121.226186,1286.6801027397264,-1216.9256914893615
53,1161,臺北市,25.0169639,121.226186,196.69797752808984,-211.8879310344827
54,1162,臺南市,23.1229948,120.1312983,188.85049999999998,-228.00755319148936
55,1163,臺中市,24.2204731,120.675682,192.534921875,-468.0774509803921
56,1164,臺北市,25.0169639,121.226186,200.14878048780488,-234.35913793103452
57,1165,新北市,24.9869053,121.3645974,332.1778000000001,-299.44613924050634
58,1166,新北市,24.9869053,121.3645974,203.32627118644064,-217.8652941176471
59,1167,嘉義市,23.4790323,120.4142769,281.788875,-296.6241176470589
60,1168,高雄市,22.7955626,120.3328973,283.49296296296296,-383.36531250000013
61,1169,臺北市,25.0169639,121.226186,444.6658125000002,-724.4699999999998
62,116A,臺北市,25.0169639,121.226186,256.9375308641976,-437.6429411764707
63,116B,桃園市,24.8545491,120.9519931,268.80992753623195,-344.06094594594595
64,116C,桃園市,24.8545491,120.9519931,318.37758333333335,-440.05038461538464
65,116E,新北市,24.9869053,121.3645974,280.3078448275862,-473.5996875000001
66,116F,彰化縣,23.992187,120.323067,229.2535483870968,-243.46184782608697
67,116G,臺北市,25.0169639,121.226186,266.63500000000005,-396.26549019607853
68,116H,新竹市,24.7835529,120.9316641,402.20888489208636,-385.5874193548386
69,116I,臺北市,25.0169639,121.226186,256.76631578947365,-322.32583333333326
70,116J,新北市,24.9869053,121.3645974,411.27912500000014,-183.33727272727273
71,116K,花蓮縣,23.8790869,121.3989973,492.6045348837208,-717.6864423076923
72,116L,臺中市,24.2204731,120.675682,424.15576923076924,-778.8927659574468
73,116M,屏東縣,22.3912447,120.0679491,240.17034482758615,-336.40534883720926
74,116N,臺南市,23.1229948,120.1312983,297.00303030303036,-355.59887755102045
75,116P,臺北市,25.0169639,121.226186,339.00820000000004,-591.4246999999999
76,116Q,彰化縣,23.992187,120.323067,210.73088235294122,-296.54875000000004
77,116S,新北市,24.9869053,121.3645974,254.22940476190482,-320.90285714285704
78,116U,桃園市,24.8545491,120.9519931,268.72563492063495,-416.31712121212104
79,116V,雲林縣,23.6745746,120.2945059,211.00301587301595,-279.0946590909091
80,116W,高雄市,22.7955626,120.3328973,283.2491025641026,-352.376
81,116X,宜蘭縣,25.0362375,121.8489444,224.03499999999997,-198.69400000000002
82,116Z,新北市,24.9869053,121.3645974,248.3315000000001,-396.49565217391296
83,116b,新竹市,24.7835529,120.9316641,268.80992753623195,-344.06094594594595
84,116c,臺中市,24.2204731,120.675682,318.37758333333335,-440.05038461538464
85,116d,新北市,24.9869053,121.3645974,249.4884722222223,-216.4039130434783
86,116e,新竹縣,24.6873144,120.8920136,280.3078448275862,-473.5996875000001
87,116f,臺北市,25.0169639,121.226186,229.2535483870968,-243.46184782608697
88,116g,桃園市,24.8545491,120.9519931,266.63500000000005,-396.26549019607853
89,116i,新北市,24.9869053,121.3645974,256.76631578947365,-322.32583333333326
90,116j,苗栗縣,24.5151718,120.6615375,411.27912500000014,-183.33727272727273
91,116k,高雄市,22.7955626,120.3328973,492.6045348837208,-717.6864423076923
92,116m,彰化縣,23.992187,120.323067,240.17034482758615,-336.40534883720926
93,116r,新北市,24.9869053,121.3645974,493.74118421052634,-557.1395588235295
94,116s,新北市,24.9869053,121.3645974,254.22940476190482,-320.90285714285704
95,116x,臺北市,25.0169639,121.226186,224.03499999999997,-198.69400000000002
96,1230,臺北市,25.0169639,121.226186,1691.784722222222,-631.3207407407407
97,1232,高雄市,22.7955626,120.3328973,259.93139534883716,-319.63294117647064
98,1233,臺中市,24.2204731,120.675682,473.47350000000006,-572.4272222222222
99,1260,臺北市,25.0169639,121.226186,874.8215384615385,-1476.3326136363632
100,1261,臺北市,25.0169639,121.226186,294.87605263157894,-316.0693750000001
101,1262,桃園市,24.8545491,120.9519931,311.8644047619048,-358.02772727272736
102,126D,臺南市,23.1229948,120.1312983,910.5998076923076,-1715.1226666666666
103,126H,新北市,24.9869053,121.3645974,186.11428571428573,-155.2373076923077
104,126L,臺中市,24.2204731,120.675682,602.3263636363637,-730.3388461538464
105,126Q,高雄市,22.7955626,120.3328973,339.8411,-346.7617708333333
106,126U,臺北市,25.0169639,121.226186,403.7412307692308,-478.64488095238096
107,126X,臺南市,23.1229948,120.1312983,187.35999999999999,-248.8325
108,1360,臺北市,25.0169639,121.226186,3923.4000714285717,-4723.901530612246
109,1380,臺北市,25.0169639,121.226186,3491.0775757575757,-6949.556492537313
110,1440,臺北市,25.0169639,121.226186,1992.3598219584587,-3040.5514299242413
111,1470,臺北市,25.0169639,121.226186,2356.950581717452,-2342.8118312387815
112,1480,臺北市,25.0169639,121.226186,2209.6799858757067,-2774.9677254098383
113,1520,臺北市,25.0169639,121.226186,1733.0009079283884,-1748.4982195121952
114,1530,臺北市,25.0169639,121.226186,1647.796793478261,-1940.9125903614465
115,1560,臺北市,25.0169639,121.226186,3258.546383928572,-3284.812989690722
116,1570,臺北市,25.0169639,121.226186,2394.7083999999995,-2485.357093023256
117,1590,臺北市,25.0169639,121.226186,2593.32106870229,-3134.3009246575352
118,1650,臺北市,25.0169639,121.226186,2667.9045722713863,-2591.6484888888886
119,2180,臺北市,25.0169639,121.226186,250.2327358490565,-258.9885714285714
120,2181,新北市,24.9869053,121.3645974,350.7548437499999,-522.5331666666667
121,2184,新竹市,24.7835529,120.9316641,217.47184931506857,-282.5842857142857
122,2185,臺南市,23.1229948,120.1312983,254.7622727272727,-259.8887096774194
123,2186,高雄市,22.7955626,120.3328973,269.0086320754716,-314.23867647058836
124,2187,臺中市,24.2204731,120.675682,264.64010638297873,-296.0373809523809
125,218A,新北市,24.9869053,121.3645974,0.0,0.0
126,2200,臺北市,25.0169639,121.226186,0.0,0.0
127,2210,臺北市,25.0169639,121.226186,0.0,0.0
128,5050,臺北市,25.0169639,121.226186,219.89444444444445,-280.505
129,5058,臺南市,23.1229948,120.1312983,0.0,0.0
130,5110,臺北市,25.0169639,121.226186,267.7294444444444,-310.89571428571435
131,5112,臺北市,25.0169639,121.226186,264.78875,-197.1966666666667
132,5260,臺北市,25.0169639,121.226186,335.4129310344828,-364.8589583333334
133,5261,新北市,24.9869053,121.3645974,195.07083333333333,-255.20800000000003
134,5262,桃園市,24.8545491,120.9519931,333.1747972972973,-358.89079545454547
135,5263,新北市,24.9869053,121.3645974,299.6879310344828,-285.70939999999996
136,5264,高雄市,22.7955626,120.3328973,171.5952380952381,-214.80694444444444
137,5265,苗栗縣,24.5151718,120.6615375,339.72573529411767,-348.5987096774193
138,5266,桃園市,24.8545491,120.9519931,191.17341463414635,-238.76562499999994
139,5267,基隆市,25.1240308,121.6475836,157.06884615384615,-162.73647058823528
140,5268,臺南市,23.1229948,120.1312983,283.2926923076923,-262.219375
141,5269,臺中市,24.2204731,120.675682,184.13476190476192,-163.793
142,526A,新北市,24.9869053,121.3645974,145.96722222222223,-147.92722222222224
143,526K,新北市,24.9869053,121.3645974,268.03639534883723,-248.55336956521734
144,526L,新北市,24.9869053,121.3645974,177.142,-169.05192307692306
145,5320,桃園市,24.8545491,120.9519931,270.65400826446273,-526.9614556962025
146,5321,桃園市,24.8545491,120.9519931,173.1068103448276,-244.0586956521739
147,5322,桃園市,24.8545491,120.9519931,230.8319230769231,-266.5240909090909
148,5323,桃園市,24.8545491,120.9519931,185.12265625,-206.63380952380953
149,5380,臺北市,25.0169639,121.226186,793.9626041666667,-3326.4900000000002
150,5381,彰化縣,23.992187,120.323067,517.9177857142857,-452.95132352941175
151,5382,臺中市,24.2204731,120.675682,401.1589473684211,-241.01153846153844
152,5383,高雄市,22.7955626,120.3328973,320.2505072463768,-423.9644897959185
153,5384,臺南市,23.1229948,120.1312983,418.18741758241765,-493.20029850746266
154,5385,桃園市,24.8545491,120.9519931,286.3458433734939,-335.79677777777766
155,5386,彰化縣,23.992187,120.323067,294.445,-344.0640384615384
156,5387,澎湖縣,23.1971235,119.9587763,232.68520833333332,-220.54937500000005
157,5389,臺北市,25.0169639,121.226186,252.17717391304348,-421.5921875000001
158,538A,高雄市,22.7955626,120.3328973,977.6984374999998,-2036.7706250000003
159,538B,新竹市,24.7835529,120.9316641,282.7803125,-373.6823076923077
160,538C,臺北市,25.0169639,121.226186,217.2232558139535,-298.80890625
161,538D,臺北市,25.0169639,121.226186,311.21606060606064,-688.1516666666666
162,538E,臺中市,24.2204731,120.675682,215.9145535714286,-249.5491463414633
163,538F,臺北市,25.0169639,121.226186,402.89108695652175,-386.623
164,538I,苗栗縣,24.5151718,120.6615375,233.94809523809522,-285.6238461538462
165,538M,嘉義市,23.4790323,120.4142769,307.15197916666665,-342.91162499999996
166,538N,臺中市,24.2204731,120.675682,335.8786507936509,-562.524
167,538P,高雄市,22.7955626,120.3328973,281.0255337078652,-344.35336283185836
168,538W,新北市,24.9869053,121.3645974,288.4865853658536,-1133.2022727272727
169,538Y,桃園市,24.8545491,120.9519931,191.6023684210526,-206.6705172413793
170,538a,臺北市,25.0169639,121.226186,977.6984374999998,-2036.7706250000003
171,538j,臺北市,25.0169639,121.226186,261.36241935483866,-266.0398214285714
172,5460,臺中市,24.2204731,120.675682,185.85833333333335,-209.71166666666667
173,5600,臺北市,25.0169639,121.226186,230.17484848484844,-202.26104166666667
174,5602,臺中市,24.2204731,120.675682,155.4615909090909,-265.24107142857144
175,5603,臺中市,24.2204731,120.675682,217.62565217391307,-237.46359374999997
176,5604,臺中市,24.2204731,120.675682,299.35558823529414,-363.0253846153846
177,5660,苗栗縣,24.5151718,120.6615375,207.3822916666668,-179.69545454545448
178,5850,臺北市,25.0169639,121.226186,1368.1652464788735,-1507.8819333333329
179,5851,高雄市,22.7955626,120.3328973,655.9737142857142,-590.1258522727275
180,5852,臺北市,25.0169639,121.226186,214.34264705882353,-202.10733333333334
181,5853,桃園市,24.8545491,120.9519931,234.5012711864408,-309.3566326530612
182,5854,臺北市,25.0169639,121.226186,191.274,-196.5505882352941
183,5855,臺南市,23.1229948,120.1312983,194.65640000000002,-295.0293023255814
184,5856,臺中市,24.2204731,120.675682,225.35045454545454,-271.1031249999999
185,5857,新竹市,24.7835529,120.9316641,163.39288135593222,-197.60797297297302
186,5858,嘉義市,23.4790323,120.4142769,519.7187878787879,-265.34722222222223
187,5859,屏東縣,22.3912447,120.0679491,253.98698275862077,-282.05808510638303
188,585A,基隆市,25.1240308,121.6475836,356.3864705882353,-273.3513333333333
189,585B,新北市,24.9869053,121.3645974,236.715,-183.6321428571428
190,585D,臺中市,24.2204731,120.675682,802.9125862068963,-1196.6447058823528
191,585E,臺南市,23.1229948,120.1312983,276.1502702702703,-568.2629166666668
192,585F,彰化縣,23.992187,120.323067,389.1196153846153,-495.1127173913043
193,585H,桃園市,24.8545491,120.9519931,287.66289062500005,-312.74882978723406
194,585I,彰化縣,23.992187,120.323067,352.43647058823524,-429.4306896551724
195,585J,新北市,24.9869053,121.3645974,241.78083333333336,-281.71662790697684
196,585M,臺北市,25.0169639,121.226186,221.45179104477612,-299.11020833333333
197,585P,新北市,24.9869053,121.3645974,557.814375,-813.8926666666667
198,585Q,高雄市,22.7955626,120.3328973,203.08743589743588,-210.9448
199,585R,新北市,24.9869053,121.3645974,298.42567567567573,-333.61125
200,585S,宜蘭縣,25.0362375,121.8489444,214.53166666666667,-223.95818181818183
201,585U,臺北市,25.0169639,121.226186,1632.3406666666667,-1388.471282051282
202,585W,金門縣,24.4309131,118.3225861,161.51266666666666,-172.756
203,585Y,新北市,24.9869053,121.3645974,233.4091025641025,-272.7186956521739
204,585Z,臺北市,25.0169639,121.226186,332.5145,-195.93999999999997
205,585b,臺北市,25.0169639,121.226186,236.715,-183.6321428571428
206,585c,臺北市,25.0169639,121.226186,785.2922916666668,-1208.3810714285712
207,585g,桃園市,24.8545491,120.9519931,306.07065217391306,-345.59258620689656
208,585m,苗栗縣,24.5151718,120.6615375,221.45179104477612,-299.11020833333333
209,585s,臺北市,25.0169639,121.226186,214.53166666666667,-223.95818181818183
210,5860,高雄市,22.7955626,120.3328973,205.1008333333333,-167.07149999999996
211,5861,高雄市,22.7955626,120.3328973,194.95285714285714,-194.92214285714286
212,5862,高雄市,22.7955626,120.3328973,195.82625000000002,-158.5
213,5870,花蓮縣,23.8790869,121.3989973,214.52273584905666,-188.24642857142857
214,5920,臺北市,25.0169639,121.226186,944.7205999999995,-1122.1317821782181
215,5921,高雄市,22.7955626,120.3328973,1298.529175824176,-1529.613198198198
216,5922,新北市,24.9869053,121.3645974,315.15288732394373,-338.027962962963
217,5923,新北市,24.9869053,121.3645974,204.93068965517244,-256.7083333333333
218,5925,臺中市,24.2204731,120.675682,288.61645348837203,-402.78303571428563
219,5926,高雄市,22.7955626,120.3328973,242.02858974358975,-275.7280555555556
220,5927,高雄市,22.7955626,120.3328973,429.00070175438594,-591.3375555555556
221,5928,新北市,24.9869053,121.3645974,269.6790151515152,-415.49524390243903
222,5929,臺南市,23.1229948,120.1312983,272.6208928571428,-345.6372368421052
223,592A,高雄市,22.7955626,120.3328973,506.2953097345132,-652.5008227848097
224,592B,新北市,24.9869053,121.3645974,211.5978846153847,-196.92225
225,592C,屏東縣,22.3912447,120.0679491,243.63696969696963,-276.9106097560976
226,592D,高雄市,22.7955626,120.3328973,987.1661627906982,-560.7783561643837
227,592E,臺北市,25.0169639,121.226186,162.5119642857143,-169.98454545454547
228,592G,新竹市,24.7835529,120.9316641,216.19985074626857,-289.76705128205134
229,592H,臺北市,25.0169639,121.226186,179.79375000000002,-182.05785714285716
230,592I,嘉義市,23.4790323,120.4142769,292.9519599999999,-506.67942708333317
231,592L,桃園市,24.8545491,120.9519931,272.1562037037037,-333.905606060606
232,592M,彰化縣,23.992187,120.323067,237.39766666666668,-219.75230769230768
233,592N,雲林縣,23.6745746,120.2945059,236.60625000000002,-311.3233333333334
234,592P,高雄市,22.7955626,120.3328973,409.5018458781361,-379.67671428571424
235,592Q,臺北市,25.0169639,121.226186,207.4121428571428,-354.07194444444445
236,592S,基隆市,25.1240308,121.6475836,155.3083333333333,-157.10500000000002
237,592U,宜蘭縣,25.0362375,121.8489444,433.37545454545455,-459.17575757575753
238,592V,臺北市,25.0169639,121.226186,252.39615384615388,-300.8425
239,592W,臺北市,25.0169639,121.226186,178.76934782608694,-216.0196153846154
240,592X,南投縣,23.8412218,120.7023258,220.66535714285715,-229.93568181818182
241,592Y,南投縣,23.8412218,120.7023258,212.59116666666665,-229.61833333333334
242,592Z,臺南市,23.1229948,120.1312983,299.57375,-239.65984848484845
243,592a,臺北市,25.0169639,121.226186,506.2953097345132,-652.5008227848097
244,592b,新北市,24.9869053,121.3645974,211.5978846153847,-196.92225
245,592c,臺中市,24.2204731,120.675682,243.63696969696963,-276.9106097560976
246,592d,臺北市,25.0169639,121.226186,987.1661627906982,-560.7783561643837
247,592e,臺北市,25.0169639,121.226186,162.5119642857143,-169.98454545454547
248,592f,臺北市,25.0169639,121.226186,0.0,0.0
249,592g,臺中市,24.2204731,120.675682,216.19985074626857,-289.76705128205134
250,592i,臺中市,24.2204731,120.675682,292.9519599999999,-506.67942708333317
251,592l,臺中市,24.2204731,120.675682,272.1562037037037,-333.905606060606
252,592m,臺南市,23.1229948,120.1312983,237.39766666666668,-219.75230769230768
253,592n,臺北市,25.0169639,121.226186,236.60625000000002,-311.3233333333334
254,592o,高雄市,22.7955626,120.3328973,356.77621794871794,-483.17407692307694
255,592q,屏東縣,22.3912447,120.0679491,207.4121428571428,-354.07194444444445
256,592r,臺北市,25.0169639,121.226186,299.78231707317076,-534.1893243243244
257,592u,臺北市,25.0169639,121.226186,433.37545454545455,-459.17575757575753
258,592v,桃園市,24.8545491,120.9519931,252.39615384615388,-300.8425
259,592w,臺南市,23.1229948,120.1312983,178.76934782608694,-216.0196153846154
260,592y,花蓮縣,23.8790869,121.3989973,212.59116666666665,-229.61833333333334
261,592z,臺中市,24.2204731,120.675682,299.57375,-239.65984848484845
262,5960,南投縣,23.8412218,120.7023258,230.90022727272728,-320.6815
263,5961,南投縣,23.8412218,120.7023258,228.12,-284.93416666666667
264,5962,南投縣,23.8412218,120.7023258,375.9009090909092,-196.5017857142857
265,6010,臺北市,25.0169639,121.226186,623.5358333333334,-2477.59
266,6012,臺北市,25.0169639,121.226186,239.1949999999999,-270.2926704545455
267,601d,臺北市,25.0169639,121.226186,331.85151260504193,-324.0066363636363
268,6110,臺中市,24.2204731,120.675682,267.25990740740735,-367.97388888888884
269,6114,彰化縣,23.992187,120.323067,196.84560606060612,-197.56649999999993
270,6115,臺北市,25.0169639,121.226186,1101.9813157894735,-893.0331578947369
271,6116,高雄市,22.7955626,120.3328973,258.695,-266.9925
272,611A,臺中市,24.2204731,120.675682,222.65473684210528,-259.19796875000003
273,6160,臺北市,25.0169639,121.226186,509.61850515463914,-550.3470769230769
274,6161,新北市,24.9869053,121.3645974,292.3986206896552,-594.6815624999999
275,6162,臺北市,25.0169639,121.226186,315.9157831325301,-452.5987500000001
276,6163,臺南市,23.1229948,120.1312983,367.153082706767,-636.7874999999998
277,6164,臺中市,24.2204731,120.675682,285.0561764705882,-378.5649999999999
278,6165,新竹市,24.7835529,120.9316641,282.6661827956989,-381.86999999999995
279,6167,臺北市,25.0169639,121.226186,180.4468918918919,-203.363
280,6168,嘉義市,23.4790323,120.4142769,200.37879310344826,-237.74058823529415
281,616A,桃園市,24.8545491,120.9519931,225.37886363636372,-299.12546875
282,616K,高雄市,22.7955626,120.3328973,302.476265060241,-422.6591818181818
283,616X,臺北市,25.0169639,121.226186,0.0,0.0
284,6210,高雄市,22.7955626,120.3328973,296.561846153846,-389.99323529411777
285,6380,彰化縣,23.992187,120.323067,239.73799999999991,-240.10924242424244
286,6381,彰化縣,23.992187,120.323067,196.18166666666662,-231.1396428571429
287,6382,彰化縣,23.992187,120.323067,194.57933333333332,-230.6327777777778
288,6383,彰化縣,23.992187,120.323067,145.28428571428572,-144.59100000000004
289,6385,彰化縣,23.992187,120.323067,154.72333333333333,-196.48875
290,6386,雲林縣,23.6745746,120.2945059,0.0,0.0
291,638A,嘉義縣,23.4257436,120.2573527,313.24682539682544,-561.655925925926
292,638D,高雄市,22.7955626,120.3328973,196.82050000000004,-243.02839285714285
293,6450,桃園市,24.8545491,120.9519931,485.72640624999997,-691.0858333333334
294,6451,桃園市,24.8545491,120.9519931,255.1245714285714,-230.78340909090912
295,6452,桃園市,24.8545491,120.9519931,374.6116666666666,-330.87333333333333
296,6460,新北市,24.9869053,121.3645974,217.34053921568622,-285.99992187500004
297,6461,新北市,24.9869053,121.3645974,252.12448863636348,-262.6629838709677
298,6462,新北市,24.9869053,121.3645974,211.40808823529417,-261.49296296296296
299,6463,新竹市,24.7835529,120.9316641,341.53078947368437,-473.93928571428563
300,6464,新北市,24.9869053,121.3645974,215.82475524475527,-325.25397540983613
301,6465,桃園市,24.8545491,120.9519931,191.85361111111112,-197.2522413793104
302,6480,臺北市,25.0169639,121.226186,654.7602272727273,-411.55199999999996
303,6489,新竹縣,24.6873144,120.8920136,0.0,0.0
304,6620,桃園市,24.8545491,120.9519931,420.78499999999997,-168.88
305,6910,臺北市,25.0169639,121.226186,396.33852941176474,-1070.976875
306,6912,臺中市,24.2204731,120.675682,230.9842105263158,-321.2914999999999
307,6913,臺南市,23.1229948,120.1312983,935.3830555555554,-574.5025
308,6914,新北市,24.9869053,121.3645974,168.11035714285714,-173.18125
309,6915,臺北市,25.0169639,121.226186,217.97617647058829,-228.28749999999994
310,6950,新北市,24.9869053,121.3645974,322.42042553191493,-487.93076923076933
311,7000,臺北市,25.0169639,121.226186,1182.6630952380951,-1347.756574074074
312,7001,嘉義市,23.4790323,120.4142769,217.85673076923075,-251.09763157894736
313,7003,臺中市,24.2204731,120.675682,289.4029999999999,-654.4162903225807
314,7005,臺中市,24.2204731,120.675682,239.8602659574469,-254.67280303030313
315,7006,臺南市,23.1229948,120.1312983,389.6687755102042,-216.1026666666666
316,7007,新竹縣,24.6873144,120.8920136,345.9292424242423,-368.6301785714285
317,7008,新北市,24.9869053,121.3645974,310.8066176470588,-222.4328125
318,7009,臺北市,25.0169639,121.226186,184.40365853658534,-206.2169512195122
319,700B,新北市,24.9869053,121.3645974,408.50391304347835,-151.00083333333333
320,700C,雲林縣,23.6745746,120.2945059,276.55408163265315,-385.48279411764713
321,700D,雲林縣,23.6745746,120.2945059,235.74512500000006,-229.41058823529403
322,700E,雲林縣,23.6745746,120.2945059,221.78533333333337,-190.56166666666664
323,700F,雲林縣,23.6745746,120.2945059,308.68500000000006,-235.27875
324,700G,臺南市,23.1229948,120.1312983,221.320303030303,-265.8713636363636
325,700H,臺北市,25.0169639,121.226186,233.61826923076922,-589.6475
326,700I,高雄市,22.7955626,120.3328973,254.03626016260154,-328.0759285714285
327,700J,臺中市,24.2204731,120.675682,402.5579268292683,-243.8395652173913
328,700K,臺南市,23.1229948,120.1312983,313.61886792452833,-520.0924999999999
329,700L,臺北市,25.0169639,121.226186,224.891375,-314.09058823529404
330,700M,桃園市,24.8545491,120.9519931,214.7476388888889,-274.907625
331,700N,新北市,24.9869053,121.3645974,678.3785714285714,-843.169347826087
332,700P,臺北市,25.0169639,121.226186,731.8537903225806,-287.3397777777778
333,700R,高雄市,22.7955626,120.3328973,262.4733333333333,-465.93379310344835
334,700S,臺北市,25.0169639,121.226186,250.5019047619047,-343.19000000000005
335,700U,桃園市,24.8545491,120.9519931,297.51673469387754,-406.11092592592587
336,700V,新竹市,24.7835529,120.9316641,294.0417647058824,-331.43584615384594
337,700W,臺北市,25.0169639,121.226186,202.73491525423734,-172.70106382978727
338,700X,新北市,24.9869053,121.3645974,200.471,-376.24333333333334
339,700Z,高雄市,22.7955626,120.3328973,300.17302013422824,-341.5079326923077
340,700a,臺北市,25.0169639,121.226186,302.03293577981646,-390.3643125
341,700b,桃園市,24.8545491,120.9519931,408.50391304347835,-151.00083333333333
342,700c,臺北市,25.0169639,121.226186,276.55408163265315,-385.48279411764713
343,700d,彰化縣,23.992187,120.323067,235.74512500000006,-229.41058823529403
344,700f,彰化縣,23.992187,120.323067,308.68500000000006,-235.27875
345,700g,臺北市,25.0169639,121.226186,221.320303030303,-265.8713636363636
346,700h,高雄市,22.7955626,120.3328973,233.61826923076922,-589.6475
347,700i,臺北市,25.0169639,121.226186,254.03626016260154,-328.0759285714285
348,700j,臺北市,25.0169639,121.226186,402.5579268292683,-243.8395652173913
349,700k,彰化縣,23.992187,120.323067,313.61886792452833,-520.0924999999999
350,700m,臺北市,25.0169639,121.226186,214.7476388888889,-274.907625
351,700p,臺北市,25.0169639,121.226186,731.8537903225806,-287.3397777777778
352,700q,臺北市,25.0169639,121.226186,329.82348484848484,-313.9393749999999
353,700r,臺中市,24.2204731,120.675682,262.4733333333333,-465.93379310344835
354,700s,高雄市,22.7955626,120.3328973,250.5019047619047,-343.19000000000005
355,700w,新北市,24.9869053,121.3645974,202.73491525423734,-172.70106382978727
356,7030,臺南市,23.1229948,120.1312983,457.78462499999995,-663.7837931034486
357,7031,臺北市,25.0169639,121.226186,419.541923076923,-835.1189999999999
358,7032,臺南市,23.1229948,120.1312983,184.61370370370366,-182.00037037037035
359,7033,臺南市,23.1229948,120.1312983,154.13352941176467,-192.47857142857146
360,7034,臺南市,23.1229948,120.1312983,198.80916666666667,-252.14749999999995
361,7035,臺北市,25.0169639,121.226186,203.6966666666667,-206.2266666666667
362,7036,高雄市,22.7955626,120.3328973,334.25474999999994,-208.06846153846152
363,7038,臺北市,25.0169639,121.226186,351.75525000000005,-731.0237500000001
364,703B,臺南市,23.1229948,120.1312983,195.06712500000003,-299.03933333333333
365,7070,臺中市,24.2204731,120.675682,199.27461538461537,-219.49650000000003
366,7080,桃園市,24.8545491,120.9519931,339.09749999999997,-271.927
367,7750,新北市,24.9869053,121.3645974,618.4081111111113,-549.2905263157895
368,7790,臺北市,25.0169639,121.226186,313.94814814814816,-295.2049999999999
369,7791,臺東縣,22.7551766,121.1451391,153.96224999999998,-195.85615384615386
370,7792,臺北市,25.0169639,121.226186,1277.6966666666665,-1735.725
371,7795,臺北市,25.0169639,121.226186,702.3826785714285,-963.3697500000001
372,7797,高雄市,22.7955626,120.3328973,281.23852459016393,-276.666170212766
373,7798,桃園市,24.8545491,120.9519931,437.3547826086956,-176.39
374,779D,臺南市,23.1229948,120.1312983,228.21765306122447,-255.6696428571428
375,779E,桃園市,24.8545491,120.9519931,390.98125,-549.9683333333334
376,779G,新北市,24.9869053,121.3645974,183.94173076923082,-244.02633333333335
377,779H,嘉義市,23.4790323,120.4142769,2492.5290625,-1934.594736842105
378,779J,高雄市,22.7955626,120.3328973,427.5682432432432,-342.36500000000007
379,779P,臺中市,24.2204731,120.675682,363.1451351351352,-391.0224999999999
380,779V,高雄市,22.7955626,120.3328973,456.44360576923066,-710.308888888889
381,779W,彰化縣,23.992187,120.323067,140.36111111111111,-274.88125
382,779X,新北市,24.9869053,121.3645974,280.12310344827574,-240.0432894736842
383,779Z,臺北市,25.0169639,121.226186,380.89464285714286,-457.6973809523811
384,779b,臺北市,25.0169639,121.226186,0.0,0.0
385,779c,臺北市,25.0169639,121.226186,1187.8228947368418,-1312.7747413793106
386,779e,臺南市,23.1229948,120.1312983,390.98125,-549.9683333333334
387,779j,高雄市,22.7955626,120.3328973,427.5682432432432,-342.36500000000007
388,779m,臺中市,24.2204731,120.675682,194.54316666666668,-165.58357142857145
389,779n,臺北市,25.0169639,121.226186,424.7893548387096,-639.5150000000001
390,779r,桃園市,24.8545491,120.9519931,209.87647058823532,-220.88909090909092
391,779u,臺北市,25.0169639,121.226186,602.9152777777778,-672.2568181818184
392,779v,臺中市,24.2204731,120.675682,456.44360576923066,-710.308888888889
393,779z,臺北市,25.0169639,121.226186,380.89464285714286,-457.6973809523811
394,8150,臺北市,25.0169639,121.226186,456.4076621160408,-682.0382571428572
395,8151,臺北市,25.0169639,121.226186,301.71744897959195,-510.9121428571428
396,8152,新北市,24.9869053,121.3645974,195.4299218749999,-186.41629629629628
397,8156,高雄市,22.7955626,120.3328973,385.574708737864,-479.37828767123295
398,8157,高雄市,22.7955626,120.3328973,280.6137295081966,-237.87629166666662
399,8158,臺北市,25.0169639,121.226186,220.81688888888885,-325.18764705882353
400,8159,臺南市,23.1229948,120.1312983,297.58076086956515,-248.5701515151516
401,815A,高雄市,22.7955626,120.3328973,478.6276642335766,-1437.3930769230776
402,815B,臺中市,24.2204731,120.675682,269.54584033613446,-263.35671875
403,815H,屏東縣,22.3912447,120.0679491,164.32573529411764,-219.234
404,815S,桃園市,24.8545491,120.9519931,234.331,-264.1033333333333
405,815Y,臺南市,23.1229948,120.1312983,218.72164473684217,-260.59088888888886
406,815Z,臺北市,25.0169639,121.226186,0.0,0.0
407,8380,高雄市,22.7955626,120.3328973,320.6726363636364,-352.908947368421
408,8381,高雄市,22.7955626,120.3328973,238.20086206896548,-315.3353571428571
409,8382,高雄市,22.7955626,120.3328973,181.13982142857145,-165.77999999999997
410,8440,臺北市,25.0169639,121.226186,2537.29742248062,-1810.2338345864675
411,8450,臺北市,25.0169639,121.226186,1140.6945454545455,-1849.506
412,8451,臺北市,25.0169639,121.226186,481.0341,-495.33399999999995
413,8455,臺中市,24.2204731,120.675682,205.73366666666664,-222.18336206896555
414,8456,新竹市,24.7835529,120.9316641,135.78166666666667,-140.41357142857143
415,8458,臺南市,23.1229948,120.1312983,262.78264705882356,-424.40431818181827
416,8459,嘉義市,23.4790323,120.4142769,251.09925000000004,-205.0838
417,845A,臺北市,25.0169639,121.226186,247.5657499999999,-343.1121428571428
418,845B,新北市,24.9869053,121.3645974,267.60875000000004,-565.5591176470589
419,845D,新北市,24.9869053,121.3645974,473.02166666666665,-587.92125
420,845E,澎湖縣,23.1971235,119.9587763,317.02657894736836,-431.755625
421,845F,臺北市,25.0169639,121.226186,659.9747297297297,-515.2626000000001
422,845J,高雄市,22.7955626,120.3328973,355.4114367816092,-341.7429220779221
423,845R,臺北市,25.0169639,121.226186,280.1958333333334,-358.2674999999999
424,845S,桃園市,24.8545491,120.9519931,294.7383333333334,-421.5404545454546
425,845U,臺北市,25.0169639,121.226186,324.2218055555556,-268.33738636363626
426,845X,屏東縣,22.3912447,120.0679491,249.03249999999994,-209.50750000000002
427,845Y,臺北市,25.0169639,121.226186,0.0,0.0
428,8490,嘉義市,23.4790323,120.4142769,311.7139285714285,-645.6925
429,8520,臺中市,24.2204731,120.675682,202.94238636363627,-240.6520588235294
430,8560,臺北市,25.0169639,121.226186,426.7745143487859,-514.5881660899651
431,8561,臺中市,24.2204731,120.675682,277.2496278317151,-311.14544973544963
432,8562,高雄市,22.7955626,120.3328973,337.79764912280706,-397.8460989010989
433,8563,新竹縣,24.6873144,120.8920136,260.25774509803915,-247.84635922330096
434,8564,臺南市,23.1229948,120.1312983,333.58945652173907,-413.8387850467289
435,8565,桃園市,24.8545491,120.9519931,224.52644578313252,-323.0767567567567
436,8580,臺北市,25.0169639,121.226186,661.3384375,-722.01
437,8581,高雄市,22.7955626,120.3328973,442.31922222222227,-738.8131249999998
438,8582,嘉義縣,23.4257436,120.2573527,144.65928571428572,-144.91375
439,8583,臺北市,25.0169639,121.226186,320.1091666666667,-316.3527272727273
440,8584,新北市,24.9869053,121.3645974,336.11884615384616,-214.20384615384611
441,8585,新北市,24.9869053,121.3645974,161.70833333333334,-163.98000000000002
442,8586,桃園市,24.8545491,120.9519931,134.42000000000002,0
443,8587,臺中市,24.2204731,120.675682,444.973125,-389.693125
444,8588,臺南市,23.1229948,120.1312983,220.89875000000004,-209.71166666666664
445,8710,臺北市,25.0169639,121.226186,230.66065217391304,-224.4328947368421
446,8711,臺北市,25.0169639,121.226186,623.0205769230769,-1191.6828947368422
447,8840,臺北市,25.0169639,121.226186,430.7845033112582,-1664.5760476190476
448,8841,新北市,24.9869053,121.3645974,269.27107954545454,-385.9260714285714
449,8842,新北市,24.9869053,121.3645974,241.14999999999995,-287.46133333333336
450,8843,高雄市,22.7955626,120.3328973,631.9857451923078,-340.7627238805967
451,8844,臺北市,25.0169639,121.226186,315.306388888889,-557.1676543209876
452,8846,新北市,24.9869053,121.3645974,255.65813084112153,-317.5511764705882
453,8847,臺南市,23.1229948,120.1312983,277.23382550335566,-305.3296
454,8848,嘉義市,23.4790323,120.4142769,244.61059859154946,-254.4213333333333
455,8849,臺北市,25.0169639,121.226186,296.6742696629213,-293.8205102040816
456,884A,臺北市,25.0169639,121.226186,395.148895348837,-444.02119999999996
457,884B,臺中市,24.2204731,120.675682,233.20517699115038,-264.91446666666667
458,884C,臺北市,25.0169639,121.226186,222.12057692307695,-214.7497222222222
459,884D,高雄市,22.7955626,120.3328973,485.1447325102881,-835.9420982142858
460,884E,臺北市,25.0169639,121.226186,306.36469696969687,-314.1676041666667
461,884F,桃園市,24.8545491,120.9519931,236.95715053763425,-302.46745098039213
462,884H,新竹市,24.7835529,120.9316641,249.7895402298851,-300.0691269841269
463,884J,臺中市,24.2204731,120.675682,251.99987288135594,-314.42811688311684
464,884L,臺北市,25.0169639,121.226186,0.0,0.0
465,8880,臺北市,25.0169639,121.226186,2604.4602013422823,-2195.5695224719107
466,8881,高雄市,22.7955626,120.3328973,712.63224789916,-464.4157723577234
467,8882,臺中市,24.2204731,120.675682,286.05654545454536,-267.3762890625
468,8883,臺北市,25.0169639,121.226186,239.0299242424242,-225.17288888888885
469,8884,臺南市,23.1229948,120.1312983,277.7399264705883,-439.35416666666674
470,8885,桃園市,24.8545491,120.9519931,313.03325000000007,-303.19609756097566
471,8886,新北市,24.9869053,121.3645974,282.45434210526327,-322.97
472,8887,臺北市,25.0169639,121.226186,256.7511904761905,-375.387142857143
473,8888,臺北市,25.0169639,121.226186,280.61414473684204,-370.49125
474,888A,臺北市,25.0169639,121.226186,237.34915151515142,-260.54628571428566
475,888K,新北市,24.9869053,121.3645974,226.19013966480443,-330.26060606060605
476,888Q,臺北市,25.0169639,121.226186,0.0,0.0
477,8890,臺北市,25.0169639,121.226186,1416.7392307692305,-3675.0059459459458
478,8900,臺北市,25.0169639,121.226186,529.8714,-1433.9862903225805
479,8960,臺北市,25.0169639,121.226186,2539.55866972477,-1689.5698387096777
480,9100,臺北市,25.0169639,121.226186,1069.090922330097,-1482.662962962963
481,9101,臺北市,25.0169639,121.226186,253.41948051948054,-243.58698275862062
482,9103,臺北市,25.0169639,121.226186,250.71724999999998,-289.681875
483,9105,高雄市,22.7955626,120.3328973,387.55972477064233,-404.9991428571429
484,9108,新北市,24.9869053,121.3645974,343.04885135135123,-280.95565573770494
485,910D,臺北市,25.0169639,121.226186,501.1123076923077,-546.4972857142857
486,9131,臺中市,24.2204731,120.675682,232.89798387096775,-224.89723076923073
487,9134,臺南市,23.1229948,120.1312983,277.33405797101454,-333.6727659574467
488,9135,新竹市,24.7835529,120.9316641,272.6342968750001,-349.15899999999993
489,9136,臺北市,25.0169639,121.226186,285.049875,-922.5881578947368
490,9137,臺北市,25.0169639,121.226186,275.27285714285716,-360.51792682926833
491,9138,臺中市,24.2204731,120.675682,296.0484482758621,-368.97633333333334
492,913D,臺中市,24.2204731,120.675682,908.3179661016949,-1244.4268888888894
493,913E,基隆市,25.1240308,121.6475836,429.0703846153847,-168.19423076923078
494,913H,屏東縣,22.3912447,120.0679491,211.24728571428574,-229.2592105263157
495,913I,臺北市,25.0169639,121.226186,298.42706896551726,-312.93676470588235
496,913N,新北市,24.9869053,121.3645974,230.14575757575747,-217.6803846153846
497,913R,高雄市,22.7955626,120.3328973,533.2151408450702,-733.4577272727273
498,913U,臺中市,24.2204731,120.675682,272.9818181818182,-343.9706666666667
499,913Y,臺北市,25.0169639,121.226186,219.30511904761903,-368.6539130434783
500,913g,新北市,24.9869053,121.3645974,191.99338235294115,-212.26647058823528
501,9183,高雄市,22.7955626,120.3328973,219.26236486486485,-223.0858035714286
502,9184,臺中市,24.2204731,120.675682,230.25625000000002,-394.03893442622945
503,9185,臺南市,23.1229948,120.1312983,257.20181818181817,-371.4726315789474
504,9186,新竹市,24.7835529,120.9316641,294.36410447761205,-327.4743333333333
505,9187,彰化縣,23.992187,120.323067,268.0307766990291,-290.5108088235294
506,9188,高雄市,22.7955626,120.3328973,282.51212121212114,-365.57887640449445
507,9189,桃園市,24.8545491,120.9519931,447.78230769230777,-255.89413793103458
508,918A,桃園市,24.8545491,120.9519931,251.7813815789474,-239.89696969696965
509,918B,新北市,24.9869053,121.3645974,198.17333333333335,-219.66916666666668
510,918C,臺北市,25.0169639,121.226186,250.7557236842105,-290.1782954545455
511,918D,臺南市,23.1229948,120.1312983,212.43103448275858,-223.1276363636364
512,918E,臺北市,25.0169639,121.226186,191.2393518518518,-199.5225609756097
513,918F,新北市,24.9869053,121.3645974,261.805703125,-316.58419354838713
514,918G,新北市,24.9869053,121.3645974,312.5964166666667,-348.71563636363635
515,918H,臺北市,25.0169639,121.226186,384.2683333333334,-509.9454166666667
516,918J,新北市,24.9869053,121.3645974,300.2721875,-270.80766666666665
517,918K,臺北市,25.0169639,121.226186,322.1011016949153,-310.49388888888893
518,918L,臺中市,24.2204731,120.675682,168.7575,-201.0265625
519,918M,嘉義市,23.4790323,120.4142769,318.2161249999999,-291.39603773584906
520,918P,臺北市,25.0169639,121.226186,277.4129629629629,-294.3307500000001
521,918W,臺北市,25.0169639,121.226186,323.70874999999995,-749.2311538461538
522,918X,臺北市,25.0169639,121.226186,283.1292105263158,-309.295
523,918c,高雄市,22.7955626,120.3328973,250.7557236842105,-290.1782954545455
524,918d,臺北市,25.0169639,121.226186,212.43103448275858,-223.1276363636364
525,918e,臺北市,25.0169639,121.226186,191.2393518518518,-199.5225609756097
526,918g,臺中市,24.2204731,120.675682,312.5964166666667,-348.71563636363635
527,918i,苗栗縣,24.5151718,120.6615375,254.77528571428573,-286.73477272727274
528,918s,新北市,24.9869053,121.3645974,807.9529166666666,-894.9828571428571
529,918u,高雄市,22.7955626,120.3328973,278.73935779816514,-335.43447058823534
530,918x,臺北市,25.0169639,121.226186,283.1292105263158,-309.295
531,918z,宜蘭縣,25.0362375,121.8489444,217.016328125,-296.9628125
532,9199,臺北市,25.0169639,121.226186,0.0,0.0
533,9200,臺北市,25.0169639,121.226186,2552.199946236559,-1989.3686979166666
534,9202,臺中市,24.2204731,120.675682,185.9952976190476,-199.1420754716981
535,9204,臺中市,24.2204731,120.675682,240.2978571428572,-254.20544642857143
536,9205,新北市,24.9869053,121.3645974,291.4990789473685,-351.7576923076923
537,9206,高雄市,22.7955626,120.3328973,286.4941826923077,-315.08671428571415
538,9207,新北市,24.9869053,121.3645974,524.2393548387096,-968.5427083333333
539,9208,桃園市,24.8545491,120.9519931,281.4752068965517,-328.4020987654322
540,9209,高雄市,22.7955626,120.3328973,443.8755228758169,-510.2424999999999
541,920A,新北市,24.9869053,121.3645974,372.5083333333333,-481.2514545454545
542,920C,新北市,24.9869053,121.3645974,378.2807142857144,-433.04973684210535
543,920D,臺北市,25.0169639,121.226186,234.09132075471695,-262.50140625
544,920E,臺南市,23.1229948,120.1312983,178.6268656716418,-243.73397058823528
545,920F,臺北市,25.0169639,121.226186,305.95722222222224,-615.6800000000002
546,920G,彰化縣,23.992187,120.323067,388.26406976744175,-392.38971153846154
547,920H,基隆市,25.1240308,121.6475836,246.7837068965518,-281.244255319149
548,920M,宜蘭縣,25.0362375,121.8489444,259.2145454545455,-314.46551724137925
549,920N,新竹縣,24.6873144,120.8920136,277.5106349206349,-472.45093750000007
550,920V,新北市,24.9869053,121.3645974,262.0715116279069,-329.538
551,920W,臺中市,24.2204731,120.675682,189.38250000000008,-216.29870370370375
552,920Z,臺東縣,22.7551766,121.1451391,263.63024999999993,-270.39790322580643
553,9211,臺南市,23.1229948,120.1312983,295.1300689655171,-388.35574074074066
554,9212,屏東縣,22.3912447,120.0679491,262.8610344827586,-263.02250000000004
555,9215,高雄市,22.7955626,120.3328973,256.2229430379747,-330.4003191489361
556,9216,臺北市,25.0169639,121.226186,252.21790909090913,-311.2203124999999
557,9217,臺北市,25.0169639,121.226186,341.51924050632897,-439.2929545454546
558,9218,臺北市,25.0169639,121.226186,484.7509615384616,-642.145
559,921C,臺北市,25.0169639,121.226186,487.7127777777779,-477.7805555555555
560,921E,新北市,24.9869053,121.3645974,216.91038461538454,-243.9028333333333
561,921F,臺北市,25.0169639,121.226186,157.2246428571429,-511.0475
562,921G,新北市,24.9869053,121.3645974,305.94403225806457,-363.0902631578947
563,921J,新北市,24.9869053,121.3645974,169.9889285714286,-202.005
564,921M,桃園市,24.8545491,120.9519931,199.90858974358977,-192.7613888888889
565,921S,新北市,24.9869053,121.3645974,189.11895833333332,-198.34114285714293
566,921Y,臺中市,24.2204731,120.675682,274.24240000000003,-363.27187499999997
567,9223,臺中市,24.2204731,120.675682,184.28197674418604,-214.93700000000004
568,9224,新北市,24.9869053,121.3645974,161.5112068965517,-200.43886363636364
569,9225,屏東縣,22.3912447,120.0679491,231.22818181818184,-282.5707894736842
570,9226,新北市,24.9869053,121.3645974,204.26237288135604,-207.02084905660374
571,9227,臺北市,25.0169639,121.226186,285.7003488372093,-261.0144262295082
572,9229,臺北市,25.0169639,121.226186,269.1293820224718,-306.096507936508
573,922C,屏東縣,22.3912447,120.0679491,283.0980952380952,-377.6808536585366
574,922H,臺北市,25.0169639,121.226186,506.3675641025639,-430.1472727272727
575,9231,彰化縣,23.992187,120.323067,221.17978260869566,-159.673
576,9233,桃園市,24.8545491,120.9519931,251.14179487179484,-226.2714634146342
577,9234,新竹縣,24.6873144,120.8920136,212.5665168539325,-248.21846153846167
578,9235,臺南市,23.1229948,120.1312983,163.0257291666667,-175.2854
579,9236,雲林縣,23.6745746,120.2945059,273.4292222222223,-389.57347826086965
580,9237,臺北市,25.0169639,121.226186,150.50222222222223,-161.12611111111113
581,9238,臺北市,25.0169639,121.226186,258.4050549450549,-320.13540816326537
582,9239,臺中市,24.2204731,120.675682,310.1129347826086,-433.1460416666668
583,9252,嘉義市,23.4790323,120.4142769,215.81934210526316,-189.75060000000002
584,9254,新竹市,24.7835529,120.9316641,231.49754385964914,-251.2133333333333
585,9255,臺北市,25.0169639,121.226186,321.4577927927929,-423.39837837837814
586,9256,桃園市,24.8545491,120.9519931,670.346,-555.3544444444443
587,9257,新北市,24.9869053,121.3645974,222.8130327868853,-244.90487500000003
588,9258,宜蘭縣,25.0362375,121.8489444,289.15527777777777,-298.35600000000005
589,9266,新竹縣,24.6873144,120.8920136,231.2509803921569,-211.397
590,9268,臺北市,25.0169639,121.226186,784.8532965299685,-835.342574750831
591,9272,新竹市,24.7835529,120.9316641,266.15467479674794,-321.01938271604934
592,9273,新竹縣,24.6873144,120.8920136,204.78696428571428,-213.6070588235294
593,9274,高雄市,22.7955626,120.3328973,839.4669791666665,-1074.9188947368418
594,9275,高雄市,22.7955626,120.3328973,316.09796296296304,-359.77045454545447
595,9276,苗栗縣,24.5151718,120.6615375,215.2162962962963,-297.44545454545454
596,9278,臺南市,23.1229948,120.1312983,196.13478571428573,-220.1092307692307
597,9281,雲林縣,23.6745746,120.2945059,171.2508333333333,-170.98499999999999
598,9283,臺南市,23.1229948,120.1312983,200.14421875,-322.96312500000005
599,9285,桃園市,24.8545491,120.9519931,533.6219270833334,-390.67674999999997
600,9287,臺北市,25.0169639,121.226186,174.1325925925926,-181.99384615384614
601,9288,新北市,24.9869053,121.3645974,197.8708536585366,-224.37465517241375
602,9289,臺北市,25.0169639,121.226186,288.700641025641,-446.16949999999997
603,9291,臺北市,25.0169639,121.226186,221.389746835443,-277.60204918032787
604,9296,苗栗縣,24.5151718,120.6615375,212.0553846153846,-228.09647058823538
605,9297,臺中市,24.2204731,120.675682,231.29488095238088,-215.64625
606,9299,臺北市,25.0169639,121.226186,0.0,0.0
607,9300,臺北市,25.0169639,121.226186,1261.2749777777774,-1783.1293402777776
608,9302,臺中市,24.2204731,120.675682,265.01918604651155,-271.09897727272727
609,9303,高雄市,22.7955626,120.3328973,304.75648936170217,-437.87843023255795
610,9305,新北市,24.9869053,121.3645974,186.57461538461536,-143.87666666666667
611,9306,臺南市,23.1229948,120.1312983,244.2785714285715,-303.7502272727272
612,9307,臺北市,25.0169639,121.226186,454.3042592592592,-435.63296296296306
613,9308,臺南市,23.1229948,120.1312983,197.5476428571428,-229.54977272727274
614,9309,臺北市,25.0169639,121.226186,183.548,-443.425
615,9312,高雄市,22.7955626,120.3328973,228.96499999999992,-341.6523076923078
616,9314,嘉義市,23.4790323,120.4142769,234.66724137931033,-276.78599999999994
617,9315,苗栗縣,24.5151718,120.6615375,333.2521052631579,-433.0585
618,9316,新北市,24.9869053,121.3645974,177.17176470588242,-230.48166666666668
619,9317,新北市,24.9869053,121.3645974,171.98100000000002,-220.16660714285715
620,9319,新北市,24.9869053,121.3645974,308.519090909091,-357.30214285714294
621,9322,基隆市,25.1240308,121.6475836,272.69750000000005,-236.96546511627906
622,9323,高雄市,22.7955626,120.3328973,226.59701923076926,-460.275
623,9324,高雄市,22.7955626,120.3328973,452.2507570422534,-539.6975123152706
624,9325,臺北市,25.0169639,121.226186,535.5475925925927,-347.71
625,9326,臺北市,25.0169639,121.226186,282.1203301886793,-384.7016666666667
626,9327,雲林縣,23.6745746,120.2945059,239.5025471698114,-340.1286764705882
627,9328,屏東縣,22.3912447,120.0679491,164.995243902439,-176.96545454545458
628,9329,嘉義縣,23.4257436,120.2573527,202.55986842105264,-198.6638709677419
629,9331,高雄市,22.7955626,120.3328973,1001.6194202898554,-1536.4901127819548
630,9332,高雄市,22.7955626,120.3328973,309.06040697674416,-397.55925373134323
631,9333,宜蘭縣,25.0362375,121.8489444,279.22952380952376,-249.52926470588238
632,9334,臺北市,25.0169639,121.226186,594.0566666666666,-474.29517857142866
633,9337,桃園市,24.8545491,120.9519931,201.85602272727274,-236.1564
634,9339,新竹縣,24.6873144,120.8920136,169.15662499999996,-234.05366666666663
635,9343,苗栗縣,24.5151718,120.6615375,383.02136363636373,-416.9861363636364
636,9347,臺北市,25.0169639,121.226186,217.72452380952376,-234.43924999999996
637,9349,新北市,24.9869053,121.3645974,217.85568965517243,-184.57913793103447
638,9352,桃園市,24.8545491,120.9519931,237.5614814814815,-267.355
639,9358,臺中市,24.2204731,120.675682,185.415,-181.23700000000002
640,9359,臺北市,25.0169639,121.226186,449.6736315789473,-460.9540740740741
641,9362,苗栗縣,24.5151718,120.6615375,270.5986666666667,-225.77894736842106
642,9363,彰化縣,23.992187,120.323067,274.1494339622642,-341.6737500000001
643,9369,新北市,24.9869053,121.3645974,464.684375,-551.8426923076923
644,9377,雲林縣,23.6745746,120.2945059,263.4678571428571,-405.5855263157895
645,9386,臺東縣,22.7551766,121.1451391,319.19655172413803,-275.2405263157894
646,9399,臺北市,25.0169639,121.226186,0.0,0.0
647,9600,臺北市,25.0169639,121.226186,3026.9346226415105,-2293.92
648,9604,臺北市,25.0169639,121.226186,300.7359701492537,-266.6871428571429
649,9608,臺東縣,22.7551766,121.1451391,258.3484615384615,-228.23857142857148
650,960S,臺北市,25.0169639,121.226186,0.0,0.0
651,9614,基隆市,25.1240308,121.6475836,249.44777777777776,-245.28833333333336
652,9616,高雄市,22.7955626,120.3328973,487.8061676646708,-583.7031879194626
653,9621,花蓮縣,23.8790869,121.3989973,327.7703571428572,-245.58450000000008
654,9622,新竹市,24.7835529,120.9316641,279.86536231884054,-369.88097826086954
655,9623,臺北市,25.0169639,121.226186,307.34818652849754,-339.32204379562006
656,9624,新竹縣,24.6873144,120.8920136,220.8779545454545,-261.04083333333335
657,9625,新竹縣,24.6873144,120.8920136,222.42976190476188,-187.90966666666665
658,9627,臺北市,25.0169639,121.226186,252.72586206896548,-256.34233333333333
659,9634,宜蘭縣,25.0362375,121.8489444,201.43262499999997,-211.07531249999997
660,9636,桃園市,24.8545491,120.9519931,249.40917177914125,-317.7310989010991
661,9647,新竹市,24.7835529,120.9316641,473.1490066225165,-539.4335858585858
662,9651,臺北市,25.0169639,121.226186,273.8643596059114,-355.6896551724139
663,9654,新北市,24.9869053,121.3645974,271.36932098765425,-302.1358474576271
664,9655,新北市,24.9869053,121.3645974,316.72146103896097,-363.3156770833334
665,9657,苗栗縣,24.5151718,120.6615375,188.37073770491796,-211.3284444444445
666,9658,臺北市,25.0169639,121.226186,288.28013605442175,-321.8401086956521
667,9659,高雄市,22.7955626,120.3328973,356.6413764044943,-467.9107482993198
668,965K,臺中市,24.2204731,120.675682,268.7048214285714,-338.1638679245282
669,965U,彰化縣,23.992187,120.323067,210.62145348837205,-256.23254098360655
670,9661,新北市,24.9869053,121.3645974,270.4485447761193,-278.4461176470588
671,9663,臺北市,25.0169639,121.226186,320.3193506493506,-407.5105882352942
672,9665,桃園市,24.8545491,120.9519931,238.07647058823528,-244.83060344827595
673,9666,臺中市,24.2204731,120.675682,319.0636842105263,-285.1537692307692
674,9667,臺南市,23.1229948,120.1312983,414.4659174311926,-314.6365517241378
675,966F,高雄市,22.7955626,120.3328973,469.8263507109005,-679.1710185185184
676,9672,彰化縣,23.992187,120.323067,382.61045977011514,-493.05669354838716
677,9676,臺北市,25.0169639,121.226186,310.22621428571415,-343.9216949152542
678,9677,新北市,24.9869053,121.3645974,197.37386363636367,-210.9546428571428
679,9679,臺北市,25.0169639,121.226186,386.59327205882346,-566.0032352941176
680,9686,宜蘭縣,25.0362375,121.8489444,217.68891304347824,-245.21554054054056
681,9692,嘉義市,23.4790323,120.4142769,454.3151648351649,-479.14134615384626
682,9693,臺南市,23.1229948,120.1312983,286.9493333333333,-360.685
683,9695,嘉義縣,23.4257436,120.2573527,280.67952380952386,-301.4871739130435
684,9697,雲林縣,23.6745746,120.2945059,259.4507534246576,-273.0538793103449
685,969C,雲林縣,23.6745746,120.2945059,285.40259615384616,-263.2490322580645
686,9800,臺北市,25.0169639,121.226186,2028.6525910931186,-2438.3051833333357
687,9801,臺北市,25.0169639,121.226186,222.44123376623375,-286.62490909090906
688,980C,雲林縣,23.6745746,120.2945059,279.94851485148513,-297.5751408450705
689,980D,臺南市,23.1229948,120.1312983,284.3579761904761,-259.4745689655172
690,980K,新竹市,24.7835529,120.9316641,195.63930327868854,-205.26732142857145
691,980Q,桃園市,24.8545491,120.9519931,204.6325,-211.39155172413794
692,980R,臺北市,25.0169639,121.226186,495.4598214285714,-754.6861999999998
693,980a,臺北市,25.0169639,121.226186,206.26442307692315,-254.1358108108108
694,980d,臺中市,24.2204731,120.675682,284.3579761904761,-259.4745689655172
695,980e,臺中市,24.2204731,120.675682,184.38440677966096,-206.95947368421056
696,980h,臺北市,25.0169639,121.226186,299.61836734693884,-467.3947058823531
697,980l,雲林縣,23.6745746,120.2945059,235.0616216216217,-242.05470588235295
698,980u,臺南市,23.1229948,120.1312983,179.04263157894738,-174.40978260869565
699,980w,臺中市,24.2204731,120.675682,209.7759756097561,-214.71522727272725
700,9812,臺中市,24.2204731,120.675682,252.84750000000003,-272.55662790697687
701,9813,臺北市,25.0169639,121.226186,281.4488235294117,-509.2566071428572
702,9814,臺南市,23.1229948,120.1312983,361.4957627118644,-483.74034246575343
703,9815,臺南市,23.1229948,120.1312983,272.1975949367088,-343.20259259259257
704,9816,新竹市,24.7835529,120.9316641,341.8781896551724,-370.082888888889
705,9817,高雄市,22.7955626,120.3328973,285.47572368421044,-338.5062359550562
706,981A,新北市,24.9869053,121.3645974,205.5031578947368,-202.79200000000003
707,981B,新竹縣,24.6873144,120.8920136,214.2171,-287.0735714285714
708,981C,高雄市,22.7955626,120.3328973,324.6052892561981,-369.62975609756097
709,981D,南投縣,23.8412218,120.7023258,351.1001898734179,-392.3723214285714
710,981E,新北市,24.9869053,121.3645974,236.43722222222226,-251.8208571428572
711,981F,新北市,24.9869053,121.3645974,179.20480000000003,-175.90136363636364
712,981G,彰化縣,23.992187,120.323067,193.7345614035088,-196.88443181818175
713,981I,臺北市,25.0169639,121.226186,287.9472560975611,-286.80107692307695
714,981K,高雄市,22.7955626,120.3328973,342.3793181818182,-371.19833333333344
715,981L,高雄市,22.7955626,120.3328973,330.6508527131782,-577.7967105263158
716,981M,苗栗縣,24.5151718,120.6615375,245.07568181818186,-577.0032352941176
717,981N,金門縣,24.4309131,118.3225861,241.83199999999997,-340.32800000000003
718,981Q,臺中市,24.2204731,120.675682,249.68129310344827,-254.60481481481486
719,981R,南投縣,23.8412218,120.7023258,611.5759677419356,-590.2526506024096
720,981S,臺中市,24.2204731,120.675682,274.44059322033905,-307.3590476190476
721,981U,臺北市,25.0169639,121.226186,240.0909090909091,-493.16421052631574
722,981V,嘉義縣,23.4257436,120.2573527,274.976447368421,-406.18529411764706
723,981X,臺北市,25.0169639,121.226186,362.3788095238096,-428.87423076923073
724,981Z,屏東縣,22.3912447,120.0679491,169.25095238095238,-215.55619999999996
725,981a,臺南市,23.1229948,120.1312983,205.5031578947368,-202.79200000000003
726,981e,臺南市,23.1229948,120.1312983,236.43722222222226,-251.8208571428572
727,981g,臺中市,24.2204731,120.675682,193.7345614035088,-196.88443181818175
728,981h,屏東縣,22.3912447,120.0679491,247.2122463768116,-267.36732558139533
729,981i,雲林縣,23.6745746,120.2945059,287.9472560975611,-286.80107692307695
730,981j,臺北市,25.0169639,121.226186,257.41950892857136,-331.8203378378379
731,981m,高雄市,22.7955626,120.3328973,245.07568181818186,-577.0032352941176
732,981n,高雄市,22.7955626,120.3328973,241.83199999999997,-340.32800000000003
733,981p,臺北市,25.0169639,121.226186,302.2727403846153,-209.70585714285713
734,981q,臺北市,25.0169639,121.226186,249.68129310344827,-254.60481481481486
735,981r,屏東縣,22.3912447,120.0679491,611.5759677419356,-590.2526506024096
736,981y,臺南市,23.1229948,120.1312983,333.6080985915494,-480.6366346153846
737,981z,新竹市,24.7835529,120.9316641,169.25095238095238,-215.55619999999996
738,9822,新北市,24.9869053,121.3645974,233.12162499999994,-388.06325
739,9824,臺中市,24.2204731,120.675682,230.98839285714283,-353.2420588235294
740,9825,臺南市,23.1229948,120.1312983,292.78144230769226,-338.85010416666677
741,9829,臺南市,23.1229948,120.1312983,219.53247663551403,-263.8767213114754
742,982A,宜蘭縣,25.0362375,121.8489444,189.59196078431378,-206.5288235294117
743,982B,高雄市,22.7955626,120.3328973,291.47967499999993,-294.74045774647897
744,982C,高雄市,22.7955626,120.3328973,505.7243567251464,-729.8743697478993
745,982F,臺北市,25.0169639,121.226186,1103.5292857142856,-1163.3921428571427
746,9831,高雄市,22.7955626,120.3328973,510.53898963730535,-918.7844607843138
747,9833,臺北市,25.0169639,121.226186,421.7801960784314,-507.79357142857145
748,9834,桃園市,24.8545491,120.9519931,289.2461061946903,-388.38239436619716
749,9835,彰化縣,23.992187,120.323067,205.5171875,-254.54390625
750,9837,雲林縣,23.6745746,120.2945059,245.43583333333333,-337.9523170731708
751,9838,臺中市,24.2204731,120.675682,356.41629310344837,-329.3651282051281
752,983B,臺南市,23.1229948,120.1312983,334.5977777777777,-305.6864444444445
753,983G,新北市,24.9869053,121.3645974,237.75401785714288,-253.5817567567568
754,983K,臺南市,23.1229948,120.1312983,173.63260000000002,-183.86249999999998
755,983M,臺北市,25.0169639,121.226186,288.66307692307697,-353.1630681818182
756,983N,臺北市,25.0169639,121.226186,203.0566129032258,-231.80204545454544
757,983U,苗栗縣,24.5151718,120.6615375,252.47249999999997,-281.0043939393939
758,983V,苗栗縣,24.5151718,120.6615375,195.62782051282048,-255.57064516129037
759,983W,臺中市,24.2204731,120.675682,202.1592261904763,-210.88208333333333
760,983Z,高雄市,22.7955626,120.3328973,264.1158,-271.83515151515155
761,983f,新竹縣,24.6873144,120.8920136,179.03145161290323,-196.20027777777779
762,983i,臺中市,24.2204731,120.675682,237.43684466019417,-327.75611111111107
763,983j,臺北市,25.0169639,121.226186,261.1415816326531,-213.7388815789474
764,984C,新北市,24.9869053,121.3645974,196.95380434782612,-243.50130136986314
765,984E,新北市,24.9869053,121.3645974,346.1824285714286,-467.0535000000001
766,984H,臺北市,25.0169639,121.226186,201.71975806451607,-188.88457142857143
767,984K,臺北市,25.0169639,121.226186,223.5787499999999,-230.85647368421047
768,9852,臺北市,25.0169639,121.226186,244.7485500000001,-302.3381428571428
769,9853,臺中市,24.2204731,120.675682,375.7814084507042,-526.1354
770,9854,臺中市,24.2204731,120.675682,230.8440909090909,-353.3043220338984
771,9856,花蓮縣,23.8790869,121.3989973,196.98924657534238,-248.33446428571432
772,9857,新北市,24.9869053,121.3645974,307.82543650793644,-343.65719178082185
773,9858,桃園市,24.8545491,120.9519931,285.63486666666665,-341.75106796116506
774,9859,新竹市,24.7835529,120.9316641,278.88289285714285,-257.4757870370371
775,985C,高雄市,22.7955626,120.3328973,660.2360887096771,-836.3168041237107
776,9862,臺北市,25.0169639,121.226186,504.1951249999999,-658.4325316455695
777,9863,臺北市,25.0169639,121.226186,446.44796296296306,-436.77037500000006
778,9867,臺北市,25.0169639,121.226186,249.5077536231884,-315.83606557377044
779,9868,臺中市,24.2204731,120.675682,234.25283783783783,-308.3632432432433
780,9869,新北市,24.9869053,121.3645974,436.95306249999993,-511.0615151515151
781,986K,基隆市,25.1240308,121.6475836,336.41059322033897,-335.1760204081634
782,9871,臺北市,25.0169639,121.226186,586.0689839572192,-737.2966406249996
783,9872,臺北市,25.0169639,121.226186,306.6285514018691,-724.4528947368422
784,9873,臺北市,25.0169639,121.226186,335.24929687499986,-547.4694871794873
785,9874,新北市,24.9869053,121.3645974,260.8327848101266,-260.47010638297877
786,9875,新北市,24.9869053,121.3645974,203.1136413043478,-230.55226415094344
787,9878,臺南市,23.1229948,120.1312983,485.2389473684211,-994.3307575757576
788,9879,新北市,24.9869053,121.3645974,269.95587837837826,-448.9183333333335
789,987A,桃園市,24.8545491,120.9519931,214.81932432432433,-243.62913461538466
790,9884,雲林縣,23.6745746,120.2945059,185.17729508196726,-246.61264705882354
791,9888,新北市,24.9869053,121.3645974,198.31341463414634,-290.50437500000004
792,9889,彰化縣,23.992187,120.323067,241.76518867924526,-294.92318181818183
793,988B,桃園市,24.8545491,120.9519931,222.53458333333336,-250.0479166666667
794,988C,新北市,24.9869053,121.3645974,316.82342105263155,-389.5900000000001
795,988V,桃園市,24.8545491,120.9519931,153.375,0
796,9891,新北市,24.9869053,121.3645974,211.69335714285717,-242.1876923076923
797,9892,屏東縣,22.3912447,120.0679491,227.77796874999999,-236.26439024390245
798,9893,臺北市,25.0169639,121.226186,289.71365384615376,-369.6911363636363
799,9894,桃園市,24.8545491,120.9519931,332.8955747126436,-439.69065217391307
800,9896,臺南市,23.1229948,120.1312983,340.5507727272727,-318.1379487179488
801,9897,新北市,24.9869053,121.3645974,258.87568965517244,-273.86239130434785
802,9898,新北市,24.9869053,121.3645974,253.27683333333323,-317.26928571428573
803,9899,新北市,24.9869053,121.3645974,175.7767307692308,-201.2067045454545
804,989A,臺北市,25.0169639,121.226186,419.3098684210528,-495.02008196721323
805,989B,臺中市,24.2204731,120.675682,275.1145454545456,-339.80523076923083
806,989C,新北市,24.9869053,121.3645974,221.36119565217382,-269.2335344827586
807,989D,高雄市,22.7955626,120.3328973,379.37678160919523,-345.5438607594937
808,989E,南投縣,23.8412218,120.7023258,213.61076923076922,-236.95486842105274
809,989F,高雄市,22.7955626,120.3328973,289.78075163398705,-343.0006880733945
810,989G,臺北市,25.0169639,121.226186,282.82623711340204,-279.0065000000001
811,989I,新北市,24.9869053,121.3645974,261.9525000000001,-320.29951388888884
812,989J,彰化縣,23.992187,120.323067,380.57500000000005,-427.89589285714294
813,989L,桃園市,24.8545491,120.9519931,325.2269277108433,-227.71330357142855
814,989N,臺北市,25.0169639,121.226186,307.48249999999996,-398.89815789473687
815,989P,臺北市,25.0169639,121.226186,300.2459166666666,-352.22575757575765
816,989Q,新北市,24.9869053,121.3645974,321.8087254901959,-335.665988372093
817,989S,彰化縣,23.992187,120.323067,205.84977941176464,-263.0579761904762
818,989U,臺中市,24.2204731,120.675682,237.8458783783784,-305.48182926829276
819,989V,新北市,24.9869053,121.3645974,304.40277777777777,-328.05136363636365
820,989W,臺中市,24.2204731,120.675682,196.77240740740737,-199.345606060606
821,989X,臺北市,25.0169639,121.226186,392.4212195121952,-396.9449090909091
822,989Y,基隆市,25.1240308,121.6475836,200.27679245283016,-214.01976190476185
823,989Z,高雄市,22.7955626,120.3328973,262.1049615384616,-347.1767045454544
824,989a,苗栗縣,24.5151718,120.6615375,419.3098684210528,-495.02008196721323
825,989d,臺中市,24.2204731,120.675682,379.37678160919523,-345.5438607594937
826,989e,新北市,24.9869053,121.3645974,213.61076923076922,-236.95486842105274
827,989f,屏東縣,22.3912447,120.0679491,289.78075163398705,-343.0006880733945
828,989g,嘉義市,23.4790323,120.4142769,282.82623711340204,-279.0065000000001
829,989j,新北市,24.9869053,121.3645974,380.57500000000005,-427.89589285714294
830,989k,臺北市,25.0169639,121.226186,211.84833333333341,-297.28662162162163
831,989m,臺北市,25.0169639,121.226186,493.0091111111109,-413.9398333333333
832,989z,臺北市,25.0169639,121.226186,262.1049615384616,-347.1767045454544
833,9A00,臺北市,25.0169639,121.226186,2077.93478448276,-1494.1883902439022
834,9A61,高雄市,22.7955626,120.3328973,253.4914864864865,-250.1208653846153
835,9A69,屏東縣,22.3912447,120.0679491,221.11249999999995,-266.09625
836,9A79,南投縣,23.8412218,120.7023258,315.0810526315789,-238.02823529411765
837,9A88,臺北市,25.0169639,121.226186,0.0,0.0
838,9A89,臺北市,25.0169639,121.226186,182.625,-150.25
839,9A8F,臺北市,25.0169639,121.226186,228.52873417721514,-279.9493292682927
840,9A91,臺北市,25.0169639,121.226186,340.24632812499993,-399.65906249999995
841,9A92,臺北市,25.0169639,121.226186,402.2793478260869,-444.9932608695653
842,9A96,臺北市,25.0169639,121.226186,243.12019736842097,-310.1009433962264
843,9A97,新竹市,24.7835529,120.9316641,210.03962962962973,-325.81373239436624
844,9A98,桃園市,24.8545491,120.9519931,268.9715254237288,-372.0001388888889
845,9A99,桃園市,24.8545491,120.9519931,250.4804651162791,-395.30199999999996
846,9A9A,宜蘭縣,25.0362375,121.8489444,212.1704166666667,-192.98384615384612
847,9A9B,新北市,24.9869053,121.3645974,423.6387142857143,-444.14107142857137
848,9A9C,彰化縣,23.992187,120.323067,250.5866379310345,-315.83351063829787
849,9A9D,臺北市,25.0169639,121.226186,218.26068965517243,-276.63789473684216
850,9A9E,新北市,24.9869053,121.3645974,296.5023958333333,-374.9945714285714
851,9A9G,臺北市,25.0169639,121.226186,301.11569767441875,-332.4351351351352
852,9A9H,新北市,24.9869053,121.3645974,407.4330681818182,-566.0815625000001
853,9A9J,新北市,24.9869053,121.3645974,329.17615384615385,-421.5917187499999
854,9A9K,新北市,24.9869053,121.3645974,212.7995283018868,-192.33549999999997
855,9A9L,臺中市,24.2204731,120.675682,269.0073913043478,-340.14698412698414
856,9A9M,南投縣,23.8412218,120.7023258,181.1846,-181.85431818181817
857,9A9N,桃園市,24.8545491,120.9519931,221.70679104477605,-269.0193333333333
858,9A9P,新竹縣,24.6873144,120.8920136,244.54083333333335,-280.32969230769226
859,9A9Q,臺中市,24.2204731,120.675682,310.02895161290326,-339.21922222222213
860,9A9R,臺北市,25.0169639,121.226186,779.3700000000001,-1266.873888888889
861,9A9S,臺北市,25.0169639,121.226186,303.18364864864867,-461.630625
862,9A9U,臺北市,25.0169639,121.226186,294.9723308270677,-345.448465909091
863,9A9W,臺中市,24.2204731,120.675682,298.41729999999995,-330.2877450980393
864,9A9X,新竹市,24.7835529,120.9316641,277.10084615384613,-394.67981481481473
865,9A9Y,新北市,24.9869053,121.3645974,245.41187500000007,-291.08220000000006
866,9A9Z,臺北市,25.0169639,121.226186,387.5568055555556,-329.8290476190477
867,9A9a,高雄市,22.7955626,120.3328973,212.1704166666667,-192.98384615384612
868,9A9b,雲林縣,23.6745746,120.2945059,423.6387142857143,-444.14107142857137
869,9A9c,臺南市,23.1229948,120.1312983,250.5866379310345,-315.83351063829787
870,9A9d,臺北市,25.0169639,121.226186,218.26068965517243,-276.63789473684216
871,9A9e,高雄市,22.7955626,120.3328973,296.5023958333333,-374.9945714285714
872,9A9f,臺中市,24.2204731,120.675682,1138.154436090225,-1672.9146039603954
873,9A9g,臺北市,25.0169639,121.226186,301.11569767441875,-332.4351351351352
874,9A9h,臺南市,23.1229948,120.1312983,407.4330681818182,-566.0815625000001
875,9A9i,新北市,24.9869053,121.3645974,303.24166666666673,-357.4802702702703
876,9A9j,嘉義市,23.4790323,120.4142769,329.17615384615385,-421.5917187499999
877,9A9q,屏東縣,22.3912447,120.0679491,310.02895161290326,-339.21922222222213
878,9A9r,高雄市,22.7955626,120.3328973,779.3700000000001,-1266.873888888889
879,9A9s,彰化縣,23.992187,120.323067,303.18364864864867,-461.630625
880,9A9x,桃園市,24.8545491,120.9519931,277.10084615384613,-394.67981481481473
