,Id,stockiid,buy,sell,blance,Latitude_and_Longitude
112,1520,2330,487757.2005,-1245359.097,-757601.8965,"('25.058077', '121.545174')"
578,9268,2330,305276.91275,-696139.959,-390863.04625,"('25.052223', '121.535076')"
110,1470,2330,566287.2632500001,-920109.78925,-353822.5259999999,"('25.026038', '121.549202')"
467,8900,2330,200038.62925,-526466.0507499999,-326427.42149999994,"('25.033424', '121.564756')"
116,1590,2330,291452.525,-582438.8705000001,-290986.34550000005,"('25.038787', '121.566065')"
117,1650,2330,468901.4575,-721908.557,-253007.0995,"('25.038288', '121.56885')"
111,1480,2330,486076.58725,-719780.0845,-233703.49725,"('25.026038', '121.549202')"
402,8440,2330,1124628.0895000002,-1339380.88,-214752.7904999999,"('25.032604', '121.566785')"
109,1440,2330,557769.051,-642844.19875,-85075.14775,"('25.026038', '121.549202')"
846,9A9U,2330,9813.85075,-46054.8085,-36240.95775,"('25.049431', '121.523747')"
113,1530,2330,140666.40075,-174842.32825,-34175.92749999998,"('25.037404', '121.553567')"
115,1570,2330,109049.3585,-143163.971,-34114.61249999999,"('25.04068077', '121.56688392')"
108,1380,2330,650428.78475,-682313.97325,-31885.188500000047,"('25.029257', '121.549306')"
174,5850,2330,80621.43024999999,-103640.8745,-23019.44425000001,"('25.050111', '121.56494')"
748,983j,2330,10077.817749999998,-29065.824999999993,-18988.007249999995,"('25.037384', '121.543894')"
752,984K,2330,9554.46925,-27051.78425,-17497.314999999995,"('25.045904', '121.514373')"
493,9186,2330,8458.689000000002,-25227.597999999998,-16768.909,"('24.80632', '120.962846')"
499,918C,2330,7566.193500000001,-21890.9465,-14324.752999999995,"('25.027163', '121.520879')"
512,918c,2330,7566.193500000001,-21890.9465,-14324.752999999995,"('22.603186', '120.334545')"
656,9663,2330,9123.99075,-23200.916999999994,-14076.926249999995,"('25.045586', '121.548465')"
470,9101,2330,12264.91925,-25799.2825,-13534.363250000002,"('25.028953', '121.549172')"
214,5925,2330,40667.46375000002,-53546.81750000001,-12879.353749999995,"('24.139891', '120.658046')"
768,9872,2330,31090.6555,-43393.537250000016,-12302.881750000008,"('25.062628', '121.543817')"
776,9888,2330,8602.867499999997,-17607.575,-9004.707500000002,"('25.009954', '121.514557')"
260,6010,2330,36882.19725000001,-44248.84325,-7366.6459999999925,"('25.052842', '121.544234')"
317,700F,2330,11823.804499999998,-18380.418,-6556.613500000002,"('23.709395', '120.432824')"
338,700f,2330,11823.804499999998,-18380.418,-6556.613500000002,"('24.0497535', '120.4378526')"
430,8583,2330,3431.48825,-9957.8395,-6526.35125,"('25.041847', '121.549222')"
427,8580,2330,6400.957250000001,-12062.915,-5661.95775,"('25.052223', '121.535076')"
822,9A89,2330,11748.892500000002,-17232.151999999995,-5483.259499999993,"('25.051373', '121.548469')"
582,9275,2330,8877.27525,-14290.709000000004,-5413.433750000002,"('22.613697', '120.301791')"
2,1022,2330,7205.3184999999985,-12465.848999999998,-5260.530499999999,"('22.997999', '120.207877')"
181,5857,2330,16596.66575,-21825.809,-5229.143249999997,"('24.80632', '120.962846')"
545,9217,2330,6533.371499999998,-11671.09425,-5137.722750000001,"('25.049881', '121.576375')"
533,920F,2330,17734.04975,-21795.85075,-4061.801,"('25.045723', '121.516952')"
806,989X,2330,8265.2055,-12161.0035,-3895.798000000001,"('25.05978', '121.564696')"
261,6012,2330,6507.939,-10372.28675,-3864.347749999999,"('25.052842', '121.544234')"
176,5852,2330,15930.44475,-19724.6955,-3794.250749999999,"('25.030796', '121.549111')"
81,116Z,2330,27772.105499999994,-31542.604249999997,-3770.498749999999,"('25.001621', '121.500102')"
18,1035,2330,5344.234500000001,-8769.908749999999,-3425.674249999998,"('24.803771', '120.9666')"
863,9A9s,2330,6150.358500000001,-9445.38275,-3295.0242499999977,"('24.0780997', '120.5409603')"
845,9A9S,2330,6150.358500000001,-9445.38275,-3295.0242499999977,"('25.051815', '121.538218')"
262,601d,2330,15995.546000000002,-19269.39025,-3273.8442499999987,"('25.052842', '121.544234')"
314,700C,2330,5064.005,-8296.324499999999,-3232.3194999999987,"('23.711456', '120.541869')"
336,700c,2330,5064.005,-8296.324499999999,-3232.3194999999987,"('25.057532', '121.545978')"
365,7795,2330,3277.66575,-6360.313,-3082.64725,"('25.055037', '121.606446')"
148,5383,2330,11594.01775,-14657.321249999995,-3063.303499999998,"('22.628187', '120.332681')"
50,111G,2330,1971.394,-4895.047250000001,-2923.653250000001,"('25.015709', '121.473968')"
770,9874,2330,6481.660000000002,-9353.343250000002,-2871.6832500000014,"('24.999522', '121.506772')"
559,9227,2330,7404.835500000001,-10246.55475,-2841.7192499999987,"('25.045055', '121.511507')"
464,888A,2330,24810.414500000006,-27617.212000000003,-2806.797499999997,"('25.044307', '121.515075')"
167,538j,2330,9450.6545,-12175.20375,-2724.5492500000023,"('25.039183', '121.550365')"
741,983N,2330,3969.0679999999998,-6691.405000000002,-2722.3370000000004,"('25.024875', '121.546068')"
166,538a,2330,12345.13825,-14976.375249999996,-2631.236999999997,"('25.048774', '121.524667')"
154,538A,2330,12345.13825,-14976.375249999996,-2631.236999999997,"('22.630868', '120.301117')"
599,9307,2330,6695.97125,-9298.90275,-2602.931500000001,"('25.034921', '121.543352')"
630,9369,2330,1409.9729999999995,-4007.0359999999996,-2597.063,"('25.080635', '121.481825')"
738,983G,2330,4498.564750000001,-7060.414500000001,-2561.8497500000008,"('25.045207', '121.459655')"
727,982A,2330,3427.53,-5975.0915,-2547.5615,"('24.679254', '121.772016')"
524,9205,2330,9765.584,-12311.17025,-2545.5862500000007,"('25.067384', '121.496228')"
388,8151,2330,4501.4435,-7046.3725,-2544.929,"('25.054158', '121.537281')"
408,8459,2330,2312.2035,-4800.39375,-2488.19025,"('23.468166', '120.443655')"
163,538P,2330,8016.3485,-10320.13125,-2303.7827499999985,"('22.854394', '120.26153')"
284,6386,2330,5182.5059999999985,-7413.750749999998,-2231.24475,"('23.711932', '120.434329')"
234,592V,2330,4670.498000000001,-6867.203500000001,-2196.705500000001,"('25.063017', '121.521848')"
253,592v,2330,4670.498000000001,-6867.203500000001,-2196.705500000001,"('24.993339', '121.313779')"
622,9343,2330,2975.48,-5150.253750000002,-2174.7737500000007,"('24.68636369', '120.91302342')"
359,7070,2330,3334.2049999999995,-5483.328,-2149.123,"('24.25456', '120.727251')"
767,9871,2330,10603.26925,-12700.103,-2096.83375,"('25.04115', '121.556267')"
299,6910,2330,5091.11875,-7160.619749999997,-2069.5009999999984,"('25.036314', '121.532235')"
200,585Z,2330,9006.41325,-10978.88975,-1972.4765000000007,"('25.053603', '121.533337')"
862,9A9r,2330,2131.27525,-4032.794,-1901.51875,"('22.660478', '120.296905')"
844,9A9R,2330,2131.27525,-4032.794,-1901.51875,"('25.033462', '121.551039')"
56,1165,2330,6242.7145,-8132.359749999999,-1889.6452499999987,"('25.008613', '121.458841')"
38,1113,2330,967.36075,-2837.4175,-1870.05675,"('22.640754', '120.306572')"
686,9813,2330,4730.254999999999,-6558.1625,-1827.9075000000007,"('25.048127', '121.551673')"
49,111F,2330,2641.0835,-4461.32475,-1820.24125,"('22.628228', '120.307803')"
749,984C,2330,6106.69275,-7925.241249999999,-1818.5484999999992,"('24.973013', '121.539514')"
737,983B,2330,4296.7429999999995,-6092.52475,-1795.7817499999994,"('22.987374', '120.223463')"
126,5110,2330,2607.14475,-4379.1165,-1771.9717500000004,"('25.051997', '121.546126')"
303,6915,2330,1578.618,-3341.806,-1763.1879999999994,"('25.033341', '121.555368')"
349,700w,2330,5060.9627500000015,-6818.3915,-1757.4287499999994,"('25.052992', '121.459574')"
331,700W,2330,5060.9627500000015,-6818.3915,-1757.4287499999994,"('25.046881', '121.513106')"
593,9297,2330,2185.323250000001,-3918.32025,-1732.9969999999994,"('24.171581', '120.693441')"
304,6950,2330,4638.561,-6315.359,-1676.7979999999998,"('25.16949116', '121.44149707')"
458,8883,2330,5541.839,-7214.54775,-1672.7087499999998,"('25.053154', '121.532807')"
6,1028,2330,3820.33125,-5478.472,-1658.1407499999993,"('24.0820056', '120.5422723')"
11,102F,2330,6688.999000000002,-8313.96425,-1624.9652500000002,"('24.165313', '120.661594')"
425,8564,2330,9071.11425,-10687.88175,-1616.7675,"('22.984301', '120.224882')"
4,1024,2330,3824.0942499999987,-5434.69075,-1610.5965000000006,"('23.48046', '120.448328')"
5,1025,2330,6054.71625,-7657.34125,-1602.625000000001,"('25.129819', '121.742367')"
118,2180,2330,9916.65275,-11457.723999999998,-1541.0712500000006,"('25.043125', '121.513069')"
275,6168,2330,2487.0349999999994,-3940.61325,-1453.5782500000007,"('23.479678', '120.446045')"
525,9206,2330,6805.088500000002,-8244.192,-1439.1034999999986,"('22.630513', '120.318438')"
178,5854,2330,14854.764250000002,-16261.67975,-1406.9154999999973,"('25.044579', '121.511374')"
20,1037,2330,3353.2285,-4697.468750000001,-1344.2402500000007,"('23.98265843', '121.60527155')"
99,1261,2330,1615.7005,-2957.4805,-1341.7800000000002,"('25.059584', '121.564726')"
280,6381,2330,1712.1747499999994,-3050.64225,-1338.4675000000004,"('23.9621456', '120.4810277')"
623,9347,2330,2823.9607499999993,-4126.042,-1302.0812500000004,"('25.041763', '121.548271')"
519,918x,2330,2001.23325,-3298.08975,-1296.8565,"('25.056549', '121.511475')"
511,918X,2330,2001.23325,-3298.08975,-1296.8565,"('25.050911', '121.51352')"
277,616K,2330,9729.42475,-11004.996750000002,-1275.572000000002,"('22.629454', '120.295318')"
805,989W,2330,4295.617249999998,-5565.17625,-1269.559000000001,"('24.25504428', '120.72246313')"
678,980a,2330,3762.25425,-5018.023500000001,-1255.7692500000014,"('25.070592', '121.518096')"
428,8581,2330,3592.74775,-4837.487000000001,-1244.739250000001,"('22.629156', '120.313829')"
429,8582,2330,818.909,-2047.2015,-1228.2925,"('23.60246728', '120.39221025')"
42,1117,2330,4181.5562500000015,-5398.01075,-1216.454499999999,"('24.8279', '121.01051')"
812,989f,2330,6104.724499999998,-7306.31225,-1201.5877500000004,"('22.470167', '120.457815')"
794,989F,2330,6104.724499999998,-7306.31225,-1201.5877500000004,"('22.654532', '120.315625')"
648,9654,2330,5096.420999999999,-6286.7247499999985,-1190.3037499999991,"('25.007262', '121.506427')"
758,9858,2330,6343.9185,-7514.92325,-1171.00475,"('24.863562', '121.211771')"
397,815S,2330,2576.7975,-3716.686500000001,-1139.889000000001,"('24.959694', '121.224767')"
553,921S,2330,2092.442,-3223.7424999999994,-1131.3004999999996,"('25.045269', '121.453491')"
518,918u,2330,3476.66875,-4605.67975,-1129.0110000000004,"('22.622579', '120.329768')"
404,8451,2330,2047.3480000000006,-3147.5917500000005,-1100.24375,"('25.053216', '121.509811')"
184,585A,2330,5107.37275,-6200.47775,-1093.1049999999998,"('25.127909', '121.744473')"
287,6450,2330,4720.00575,-5806.3065000000015,-1086.3007500000003,"('24.993802', '121.302993')"
658,9666,2330,8804.059000000001,-9874.15375,-1070.0947500000002,"('24.142212', '120.639384')"
411,845D,2330,6517.61825,-7559.207249999998,-1041.5889999999972,"('25.019378', '121.479061')"
311,7008,2330,2403.6015,-3438.32325,-1034.7217500000004,"('25.068216', '121.496242')"
620,9337,2330,1521.2022499999996,-2520.635,-999.43275,"('24.9622483', '121.2526719')"
535,920H,2330,2729.0705,-3701.6775,-972.6070000000003,"('25.128216', '121.748688')"
461,8886,2330,4232.9259999999995,-5201.534500000002,-968.6085000000003,"('25.034632', '121.445934')"
121,2185,2330,3179.5985000000005,-4131.386500000001,-951.788,"('22.985499', '120.22163')"
183,5859,2330,4983.95325,-5920.71825,-936.7650000000003,"('22.677037', '120.490943')"
194,585Q,2330,1823.2854999999995,-2748.63525,-925.3497500000003,"('22.616124', '120.301354')"
120,2184,2330,6211.6757499999985,-7102.2247499999985,-890.5489999999991,"('24.785234', '121.012867')"
318,700G,2330,1233.1664999999996,-2120.66725,-887.5007500000003,"('23.1837571', '120.2514098')"
339,700g,2330,1233.1664999999996,-2120.66725,-887.5007500000003,"('25.028939', '121.521324')"
375,779W,2330,1831.11075,-2717.743,-886.6322500000001,"('24.0792447', '120.5295626')"
626,9358,2330,2969.5444999999995,-3832.032750000001,-862.4882500000017,"('24.259108', '120.829253')"
410,845B,2330,3299.618,-4126.77875,-827.1607500000005,"('24.999363', '121.517753')"
136,5268,2330,1201.7065,-2026.82275,-825.11625,"('23.001406', '120.196586')"
351,7031,2330,1890.76575,-2702.0315,-811.2657500000003,"('25.033075', '121.547814')"
730,982F,2330,4431.10675,-5238.5705,-807.4637499999999,"('25.04115', '121.556267')"
92,116r,2330,4707.066499999999,-5509.41075,-802.344250000001,"('25.027416', '121.471255')"
389,8152,2330,2329.8902499999995,-3122.5365,-792.6462500000008,"('25.023114', '121.425873')"
530,920C,2330,2063.0145,-2820.7145,-757.6999999999997,"('24.999522', '121.506772')"
185,585B,2330,6219.155250000002,-6957.663750000002,-738.5085000000007,"('25.007713', '121.514088')"
201,585b,2330,6219.155250000002,-6957.663750000002,-738.5085000000007,"('25.081197', '121.572679')"
251,592r,2330,7663.223499999997,-8393.378999999999,-730.1555000000008,"('25.052233', '121.533704')"
36,1111,2330,1842.32775,-2566.161,-723.8332499999998,"('24.143132', '120.67897')"
293,6463,2330,2411.538,-3131.6565,-720.1185000000005,"('24.806169', '120.967653')"
624,9349,2330,2363.7499999999995,-3075.88175,-712.1317500000005,"('25.00798', '121.460091')"
666,9692,2330,8385.4035,-9096.610750000003,-711.207250000003,"('23.482901', '120.445221')"
639,9622,2330,9739.33,-10448.3785,-709.0485000000008,"('24.785608', '121.01188')"
526,9207,2330,4295.3600000000015,-5000.915750000001,-705.5557500000003,"('24.996577', '121.514702')"
156,538C,2330,5127.3765,-5824.92125,-697.54475,"('25.048865', '121.557639')"
861,9A9q,2330,3316.4790000000007,-4013.7855,-697.3065000000001,"('22.552658', '120.538829')"
843,9A9Q,2330,3316.4790000000007,-4013.7855,-697.3065000000001,"('24.250022', '120.717933')"
212,5922,2330,5818.81875,-6501.1155,-682.2967499999995,"('24.979771', '121.544857')"
19,1036,2330,1620.0817499999996,-2300.9834999999994,-680.9017499999994,"('23.33321315', '121.31491742')"
45,111A,2330,2724.3874999999994,-3400.3575,-675.9700000000003,"('23.521418', '120.439797')"
482,913E,2330,2891.74825,-3530.7135000000007,-638.9652500000002,"('25.129819', '121.742367')"
487,913U,2330,2211.53725,-2832.59675,-621.0594999999997,"('24.178686', '120.686189')"
46,111B,2330,2633.45525,-3253.6977500000007,-620.2425000000002,"('25.052966', '121.518354')"
612,9326,2330,10044.8155,-10654.61275,-609.7972499999996,"('25.05165', '121.544548')"
83,116c,2330,2231.38475,-2839.07,-607.6852499999994,"('24.25337', '120.719767')"
63,116C,2330,2231.38475,-2839.07,-607.6852499999994,"('24.959964', '121.299709')"
539,920W,2330,2356.1987500000005,-2960.33575,-604.1369999999993,"('24.104291', '120.688566')"
699,981K,2330,1226.34775,-1820.84625,-594.4985000000001,"('22.501173', '120.397642')"
436,8710,2330,3770.833750000001,-4365.0185,-594.1847499999994,"('25.059206', '121.564126')"
549,921F,2330,1286.7899999999995,-1866.4885,-579.6985000000004,"('25.119042', '121.53085')"
218,5929,2330,4404.8957500000015,-4963.128750000002,-558.2330000000002,"('22.991223', '120.20254')"
840,9A9M,2330,1902.5244999999993,-2448.7987499999995,-546.2742499999998,"('23.907054', '120.68785')"
788,9899,2330,5116.592000000001,-5653.784000000001,-537.192,"('25.16956618', '121.44092193')"
654,965U,2330,2847.57925,-3383.7964999999995,-536.2172499999997,"('24.074442', '120.5434769')"
580,9273,2330,2800.417000000001,-3328.3375,-527.9204999999997,"('24.742226', '121.085452')"
276,616A,2330,2569.0170000000003,-3095.07025,-526.0532500000004,"('24.955629', '121.225632')"
258,5961,2330,951.3660000000001,-1472.1469999999995,-520.7809999999997,"('23.972519', '120.969331')"
173,5660,2330,3191.2542500000004,-3711.25075,-519.9964999999997,"('24.560325', '120.821991')"
471,9103,2330,7366.027500000001,-7874.2235,-508.195999999999,"('25.051362', '121.555681')"
859,9A9i,2330,1964.69575,-2471.7345,-507.03875,"('24.978049', '121.542901')"
1,1021,2330,12165.96325,-12670.054499999998,-504.09124999999773,"('24.138041', '120.679355')"
383,779r,2330,3055.69475,-3549.2477500000014,-493.55300000000125,"('24.993498', '121.311696')"
199,585Y,2330,4545.0909999999985,-5037.267,-492.1760000000013,"('24.986118', '121.452036')"
414,845J,2330,2526.0527500000007,-3012.7405,-486.6877499999996,"('22.630603', '120.308499')"
170,5602,2330,2509.841,-2990.98525,-481.1442500000003,"('24.182597', '120.666064')"
146,5381,2330,2559.71875,-3038.688,-478.9692499999997,"('23.95892167', '120.57429326')"
433,8586,2330,1822.52075,-2298.64275,-476.1220000000003,"('25.01371', '121.31212')"
138,526A,2330,1310.75825,-1782.33075,-471.5725,"('24.990765', '121.511921')"
853,9A9c,2330,5277.364749999999,-5738.63575,-461.2710000000016,"('23.009846', '120.232911')"
832,9A9C,2330,5277.364749999999,-5738.63575,-461.2710000000016,"('23.9631111', '120.5798179')"
353,7033,2330,862.0359999999997,-1320.04675,-458.01075000000014,"('22.988819', '120.207512')"
207,5861,2330,620.1665,-1078.0235,-457.857,"('22.6093', '120.335153')"
88,116i,2330,6217.20275,-6674.56875,-457.36600000000084,"('24.991178', '121.423086')"
68,116I,2330,6217.20275,-6674.56875,-457.36600000000084,"('25.051903', '121.529399')"
803,989U,2330,6214.4085,-6670.01075,-455.60224999999986,"('24.342578', '120.62267')"
137,5269,2330,2492.96675,-2937.3015,-444.33475,"('24.171148', '120.685678')"
517,918s,2330,2226.8455,-2665.75975,-438.9142500000002,"('25.026434', '121.418359')"
274,6167,2330,3921.59575,-4355.2707500000015,-433.6750000000001,"('25.05819', '121.532895')"
217,5928,2330,2070.18475,-2503.82225,-433.63750000000033,"('25.043004', '121.444391')"
283,6385,2330,972.58175,-1402.4029999999998,-429.8212499999997,"('24.0260209', '120.5374423')"
208,5862,2330,554.33625,-982.3769999999997,-428.04074999999983,"('22.726169', '120.326474')"
775,9884,2330,2546.01,-2973.74325,-427.73325000000017,"('23.711079', '120.546716')"
264,6114,2330,2273.9169999999995,-2698.315750000001,-424.3987500000012,"('23.95892167', '120.57429326')"
829,9A99,2330,1852.289,-2264.9105000000004,-412.62150000000037,"('24.959628', '121.224713')"
190,585I,2330,1146.1225,-1555.72075,-409.59825,"('23.95892167', '120.57429326')"
329,700U,2330,4200.34625,-4603.07375,-402.7275,"('24.981434', '121.319652')"
577,9266,2330,2673.3625,-3074.585,-401.2225000000003,"('24.875719', '120.994973')"
431,8584,2330,1500.69,-1888.96275,-388.2727499999999,"('24.997629', '121.515972')"
701,981M,2330,1702.8584999999996,-2090.084,-387.2255,"('24.559694', '120.82161')"
716,981m,2330,1702.8584999999996,-2090.084,-387.2255,"('22.629354', '120.296668')"
236,592X,2330,3536.6657499999988,-3922.323,-385.65725000000015,"('23.979129', '120.685121')"
75,116Q,2330,1969.43775,-2345.228,-375.7902500000001,"('23.8999522', '120.3674833')"
576,9258,2330,1519.85875,-1895.51125,-375.65250000000015,"('24.679682', '121.771917')"
309,7006,2330,5938.16,-6313.32525,-375.16525,"('22.991197', '120.202862')"
102,126H,2330,1082.5455,-1452.8472499999998,-370.3017499999999,"('25.00134', '121.482906')"
571,9252,2330,3400.2509999999997,-3763.383,-363.13200000000006,"('23.473485', '120.443919')"
125,5058,2330,573.7602499999998,-933.72275,-359.9625,"('23.003724', '120.204026')"
662,9676,2330,18806.556,-19160.903250000007,-354.34725000000253,"('25.037318', '121.538465')"
203,585g,2330,2802.52175,-3144.7870000000003,-342.26524999999987,"('24.959096', '121.211685')"
377,779Z,2330,71696.56025000001,-72030.43275,-333.8724999999977,"('25.03292', '121.555987')"
386,779z,2330,71696.56025000001,-72030.43275,-333.8724999999977,"('25.04601', '121.51133')"
58,1167,2330,2211.4715000000006,-2543.025,-331.55349999999913,"('23.467891', '120.437834')"
405,8455,2330,5081.2337499999985,-5410.714750000001,-329.48100000000164,"('24.153716', '120.677632')"
585,9281,2330,746.433,-1074.79375,-328.36075000000005,"('23.70978', '120.547783')"
16,1033,2330,1484.48625,-1791.7779999999998,-307.29174999999987,"('22.626134', '120.284885')"
605,9316,2330,2421.65175,-2726.46125,-304.8094999999998,"('25.1691647', '121.4422402')"
100,1262,2330,8312.4485,-8615.703000000001,-303.2544999999991,"('25.01761', '121.29755')"
180,5856,2330,6675.3317499999985,-6977.231749999999,-301.89999999999964,"('24.139845', '120.65605')"
300,6912,2330,2268.05925,-2551.3245,-283.2652499999995,"('24.147801', '120.674211')"
165,538Y,2330,2200.16075,-2468.6534999999994,-268.49274999999943,"('24.958252', '121.217556')"
489,913g,2330,2676.4005,-2941.8245,-265.4239999999995,"('25.059538', '121.498365')"
670,969C,2330,3225.5515,-3489.48775,-263.9362500000006,"('23.568128', '120.301917')"
360,7080,2330,983.14125,-1242.298,-259.1567500000001,"('24.952815', '121.206495')"
761,9862,2330,16243.391000000001,-16501.523,-258.1320000000014,"('25.052117', '121.543075')"
707,981V,2330,1401.9975,-1657.931,-255.93350000000007,"('23.55569835', '120.4259518')"
8,102A,2330,2188.836,-2443.82925,-254.9932499999996,"('24.804306', '120.972705')"
285,638A,2330,2186.6279999999997,-2438.51475,-251.8867499999997,"('23.465509', '120.244779')"
312,7009,2330,3228.3715,-3478.7005,-250.3289999999997,"('24.993284', '121.541138')"
202,585c,2330,6492.135999999999,-6737.945749999999,-245.80975000000038,"('25.039141', '121.550426')"
722,981z,2330,2209.11875,-2454.24575,-245.12699999999995,"('24.798967', '120.963883')"
709,981Z,2330,2209.11875,-2454.24575,-245.12699999999995,"('22.556637', '120.540471')"
256,592z,2330,3096.56975,-3331.47475,-234.90499999999975,"('24.162041', '120.648356')"
238,592Z,2330,3096.56975,-3331.47475,-234.90499999999975,"('23.047005', '120.185203')"
340,700h,2330,3950.92925,-4184.444250000001,-233.5150000000008,"('22.640347', '120.327423')"
319,700H,2330,3950.92925,-4184.444250000001,-233.5150000000008,"('25.032849', '121.527235')"
74,116P,2330,4244.306,-4468.037,-223.73100000000068,"('25.028846', '121.557306')"
302,6914,2330,2807.2155,-3024.40725,-217.19175,"('25.058498', '121.486514')"
352,7032,2330,2905.6709999999994,-3122.37,-216.69900000000047,"('23.1592112', '120.1750808')"
385,779v,2330,3136.86725,-3348.32475,-211.45749999999958,"('24.156736', '120.646221')"
374,779V,2330,3136.86725,-3348.32475,-211.45749999999958,"('22.667867', '120.319003')"
289,6452,2330,1702.3877499999994,-1913.30025,-210.91250000000042,"('24.966342', '121.300985')"
717,981n,2330,1679.6029999999996,-1887.0562500000005,-207.45325000000045,"('22.887912', '120.482184')"
702,981N,2330,1679.6029999999996,-1887.0562500000005,-207.45325000000045,"('24.43867379', '118.31949433')"
252,592u,2330,6052.2505,-6258.5825,-206.3320000000004,"('25.032867', '121.560584')"
233,592U,2330,6052.2505,-6258.5825,-206.3320000000004,"('24.75911661', '121.7557037')"
301,6913,2330,1109.579,-1307.87875,-198.29974999999993,"('23.300368', '120.310234')"
266,6116,2330,1373.7492500000005,-1565.95825,-192.20899999999986,"('22.681811', '120.304722')"
298,6620,2330,1011.4185,-1202.691,-191.27250000000004,"('24.99211', '121.306313')"
631,9377,2330,2863.9082499999995,-3053.33375,-189.42550000000026,"('23.709672', '120.438683')"
14,1031,2330,7207.517000000003,-7394.988750000001,-187.4717499999997,"('24.138261', '120.679929')"
76,116S,2330,1027.51925,-1209.6504999999995,-182.13124999999968,"('25.034637', '121.445981')"
93,116s,2330,1027.51925,-1209.6504999999995,-182.13124999999968,"('24.974325', '121.441609')"
344,700m,2330,10126.13675,-10294.65725,-168.52049999999872,"('25.043085', '121.530934')"
324,700M,2330,10126.13675,-10294.65725,-168.52049999999872,"('24.993091', '121.313868')"
680,980e,2330,2636.52575,-2793.2647500000007,-156.7390000000005,"('24.270212', '120.576176')"
731,9831,2330,6828.0865,-6981.78075,-153.69424999999956,"('22.616476', '120.302439')"
357,7038,2330,1298.7425,-1451.85325,-153.11075000000002,"('25.051192', '121.563737')"
96,1232,2330,3137.4425,-3290.3660000000004,-152.9235000000003,"('22.634534', '120.306533')"
142,5321,2330,4147.536999999998,-4291.783750000001,-144.24675000000116,"('24.8634868', '121.2137423')"
356,7036,2330,2340.417000000001,-2482.6042499999994,-142.18724999999904,"('22.625287', '120.315398')"
62,116B,2330,5064.86825,-5205.469749999998,-140.60149999999885,"('24.957677', '121.225147')"
82,116b,2330,5064.86825,-5205.469749999998,-140.60149999999885,"('24.801218', '120.994762')"
692,981B,2330,4660.657000000001,-4799.4555,-138.79849999999894,"('24.82648', '121.01033')"
119,2181,2330,4474.42175,-4611.073750000001,-136.65200000000095,"('24.995085', '121.45107')"
745,983Z,2330,3268.12925,-3402.5235,-134.39425000000028,"('22.59565', '120.331133')"
621,9339,2330,2451.79075,-2578.6505,-126.85975000000008,"('24.8215', '121.02711')"
316,700E,2330,1851.13525,-1975.2685,-124.13324999999963,"('23.676456', '120.47815')"
604,9315,2330,1398.4260000000002,-1520.42025,-121.99424999999997,"('24.44224', '120.655678')"
292,6462,2330,2659.309,-2778.5962500000005,-119.2872500000003,"('24.965247', '121.517045')"
123,2187,2330,1566.60075,-1662.93325,-96.33249999999998,"('24.141897', '120.683795')"
204,585m,2330,4538.39325,-4632.44375,-94.05050000000028,"('24.683574', '120.873834')"
192,585M,2330,4538.39325,-4632.44375,-94.05050000000028,"('25.082812', '121.523617')"
507,918L,2330,2503.45125,-2596.94225,-93.49100000000044,"('24.130503', '120.687954')"
714,981i,2330,8417.007999999998,-8506.9435,-89.93550000000141,"('23.801309', '120.460379')"
698,981I,2330,8417.007999999998,-8506.9435,-89.93550000000141,"('25.118368', '121.526696')"
41,1116,2330,1515.41125,-1596.8815,-81.47024999999985,"('22.670295', '120.489952')"
703,981Q,2330,3174.526000000001,-3249.38975,-74.86374999999907,"('24.130008', '120.720227')"
719,981q,2330,3174.526000000001,-3249.38975,-74.86374999999907,"('25.035943', '121.499195')"
820,9A69,2330,2874.717,-2948.2575,-73.54050000000007,"('22.6752514', '120.4874519')"
641,9624,2330,5101.892749999999,-5168.926750000001,-67.03400000000147,"('24.82891', '121.00594')"
508,918M,2330,6785.624750000001,-6852.428000000001,-66.80324999999903,"('23.474368', '120.458653')"
370,779G,2330,2560.25275,-2622.4625,-62.20974999999999,"('25.03685', '121.452109')"
315,700D,2330,2373.95625,-2434.468250000001,-60.51200000000063,"('23.799864', '120.461031')"
337,700d,2330,2373.95625,-2434.468250000001,-60.51200000000063,"('24.0802419', '120.5401959')"
162,538N,2330,3445.923750000001,-3505.6630000000005,-59.73925000000008,"('24.250733', '120.71423')"
141,5320,2330,5777.511999999999,-5836.667249999999,-59.155249999999796,"('24.954845', '121.228327')"
600,9308,2330,6572.792,-6629.578250000001,-56.78625000000102,"('23.183821', '120.247369')"
557,9225,2330,1506.3725,-1561.4242499999998,-55.051749999999856,"('22.618303', '120.565301')"
556,9224,2330,1296.90125,-1347.10525,-50.20400000000018,"('25.024007', '121.423921')"
215,5926,2330,2055.73675,-2096.6667499999994,-40.92999999999938,"('22.616413', '120.30044')"
307,7003,2330,4272.766750000002,-4312.465249999998,-39.6984999999986,"('24.139845', '120.65605')"
592,9296,2330,2029.81825,-2068.4805,-38.662249999999865,"('24.68636369', '120.91302342')"
396,815H,2330,1839.36875,-1877.76625,-38.397500000000036,"('22.672929', '120.499449')"
135,5267,2330,986.4060000000001,-1020.211,-33.805000000000064,"('25.131994', '121.745184')"
435,8588,2330,876.5827499999998,-909.64025,-33.05750000000012,"('22.980796', '120.230204')"
693,981C,2330,2620.19075,-2645.6785,-25.487750000000233,"('22.854514', '120.25984')"
710,981a,2330,1835.93075,-1859.86825,-23.937499999999773,"('22.966657', '120.293211')"
691,981A,2330,1835.93075,-1859.86825,-23.937499999999773,"('24.956118', '121.34945')"
485,913N,2330,2623.72925,-2644.868,-21.138750000000073,"('24.985456', '121.445112')"
432,8585,2330,1310.1282500000002,-1327.9405000000004,-17.81224999999995,"('25.061408', '121.495238')"
790,989B,2330,5183.5239999999985,-5196.719750000001,-13.19575000000168,"('24.156274', '120.660124')"
462,8887,2330,6589.58225,-6599.092999999999,-9.510749999999462,"('25.041682', '121.552496')"
175,5851,2330,10184.287,-10188.18225,-3.895249999999578,"('22.630603', '120.308499')"
47,111C,2330,1226.2325,-1229.6829999999998,-3.4504999999996926,"('22.632746', '120.301672')"
667,9693,2330,2650.094,-2650.2845,-0.19049999999970169,"('23.3052104', '120.3032022')"
520,918z,2330,2581.4320000000002,-2581.597,-0.16499999999996362,"('24.75485245', '121.75145086')"
255,592y,2330,1629.53725,-1627.8025,1.7347500000000764,"('23.98096466', '121.60855602')"
237,592Y,2330,1629.53725,-1627.8025,1.7347500000000764,"('23.966468', '120.964319')"
188,585F,2330,3759.2865,-3752.12875,7.157749999999851,"('24.0743658', '120.5422267')"
139,526K,2330,6013.209000000002,-6002.629000000001,10.579999999999927,"('25.06706', '121.497468')"
401,8382,2330,982.221,-971.2787499999997,10.942250000000056,"('22.729615', '120.333134')"
149,5384,2330,6076.159000000001,-6062.442000000001,13.716999999998734,"('22.986071', '120.211061')"
744,983W,2330,4436.83675,-4421.116500000001,15.720249999998488,"('24.113186', '120.690528')"
711,981e,2330,1972.1667500000005,-1946.11575,26.05100000000061,"('23.16235', '120.177891')"
695,981E,2330,1972.1667500000005,-1946.11575,26.05100000000061,"('25.045269', '121.453491')"
406,8456,2330,2784.1225,-2757.941500000001,26.180999999999585,"('24.80069', '120.961189')"
327,700R,2330,2263.3365,-2236.6285,26.708000000000087,"('22.567037', '120.356664')"
347,700r,2330,2263.3365,-2236.6285,26.708000000000087,"('24.179342', '120.623806')"
492,9185,2330,8838.2795,-8804.36025,33.91925000000083,"('22.995278', '120.197078')"
140,526L,2330,1221.85175,-1182.6382500000004,39.213499999999605,"('25.08462364', '121.46148068')"
522,9202,2330,10302.44825,-10259.86275,42.58550000000105,"('24.147801', '120.674211')"
269,6161,2330,4205.673,-4157.750999999998,47.92200000000048,"('25.058498', '121.486514')"
613,9327,2330,1883.3112499999993,-1834.6225,48.68874999999935,"('23.710669', '120.543366')"
191,585J,2330,4738.92825,-4688.4695,50.45874999999978,"('25.05777', '121.488741')"
746,983f,2330,3264.7285,-3214.1907499999993,50.53775000000087,"('24.730104', '121.089329')"
131,5263,2330,4103.6955,-4052.8417500000014,50.853749999999316,"('25.0613958', '121.4305504')"
637,9616,2330,2520.9722500000007,-2463.47025,57.50200000000041,"('22.797952', '120.297498')"
584,9278,2330,4165.01325,-4105.570999999999,59.442250000000975,"('23.025295', '120.255614')"
232,592S,2330,1339.57225,-1277.4305,62.14175,"('25.129205', '121.744187')"
743,983V,2330,3677.30575,-3608.37375,68.93200000000071,"('24.686613', '120.87886')"
739,983K,2330,1699.941,-1629.14775,70.79324999999993,"('23.229127', '120.182561')"
48,111E,2330,1850.38825,-1778.7320000000002,71.65625,"('24.99012', '121.30933')"
751,984H,2330,3450.4385,-3373.00325,77.43525,"('24.993142', '121.541492')"
152,5387,2330,2170.93025,-2085.22375,85.70649999999978,"('23.571228', '119.570334')"
589,9288,2330,2711.166750000001,-2625.29125,85.87550000000056,"('25.018991', '121.479063')"
144,5323,2330,1837.13125,-1749.82425,87.30699999999979,"('24.9767608', '121.2526173')"
590,9289,2330,2461.7245,-2374.01,87.71450000000004,"('25.000169', '121.556317')"
528,9209,2330,4046.9374999999986,-3958.4605,88.47699999999895,"('22.799358', '120.293004')"
367,7798,2330,2150.96275,-2053.31775,97.64499999999998,"('24.973739', '121.258279')"
10,102E,2330,9941.329000000002,-9842.544499999998,98.78450000000342,"('24.991292', '121.311505')"
509,918P,2330,4927.1405,-4827.19675,99.94374999999944,"('25.119042', '121.53085')"
168,5460,2330,1627.71475,-1526.7004999999995,101.01425000000015,"('24.163778', '120.688908')"
209,5870,2330,4395.994499999999,-4280.69875,115.29574999999932,"('23.9768176', '121.6085574')"
103,126L,2330,2185.096,-2065.25,119.846,"('24.154156', '120.646317')"
732,9833,2330,8516.818000000001,-8389.3305,127.48750000000109,"('25.030362', '121.549164')"
364,7792,2330,2243.7815,-2107.5199999999995,136.26150000000007,"('25.13111', '121.49836')"
660,966F,2330,5254.027749999998,-5115.95,138.0777499999995,"('22.665816', '120.303303')"
130,5262,2330,4051.35925,-3910.97275,140.38650000000007,"('24.908009', '121.14714')"
650,9657,2330,2292.628,-2148.772749999999,143.85525000000052,"('24.560853', '120.822554')"
206,5860,2330,1338.3719999999996,-1192.7909999999995,145.58100000000013,"('22.634895', '120.30061')"
583,9276,2330,1758.5195,-1612.9279999999994,145.59150000000022,"('24.559769', '120.821642')"
193,585P,2330,3642.937,-3495.71725,147.2197500000002,"('25.00825', '121.45843')"
505,918J,2330,5989.08575,-5838.89125,150.19450000000055,"('25.007336', '121.514595')"
133,5265,2330,1202.468,-1044.55725,157.91075,"('24.5658908', '120.82396')"
195,585R,2330,2734.67075,-2575.46075,159.21000000000004,"('25.065281', '121.632418')"
244,592g,2330,1719.2329999999995,-1559.22275,160.0102499999996,"('24.21062', '120.705155')"
224,592G,2330,1719.2329999999995,-1559.22275,160.0102499999996,"('24.802998', '120.970514')"
281,6382,2330,1330.346,-1165.67675,164.66925000000015,"('23.8595603', '120.5865165')"
240,592b,2330,3634.57775,-3466.8902499999995,167.6875,"('25.011274', '121.463794')"
220,592B,2330,3634.57775,-3466.8902499999995,167.6875,"('24.997288', '121.515898')"
688,9815,2330,3504.47475,-3334.47975,169.9949999999999,"('23.006815', '120.261685')"
15,1032,2330,2818.6835,-2647.68775,170.99575000000004,"('22.992226', '120.203439')"
196,585S,2330,2376.83275,-2205.26575,171.5670000000005,"('24.751041', '121.745459')"
205,585s,2330,2376.83275,-2205.26575,171.5670000000005,"('25.050111', '121.56494')"
838,9A9K,2330,3023.9349999999995,-2850.2722500000004,173.66274999999905,"('25.06494228', '121.48594478')"
122,2186,2330,1783.4305,-1608.89725,174.53324999999995,"('22.613307', '120.305159')"
249,592o,2330,2929.8525,-2753.81075,176.0417500000003,"('22.633854', '120.309499')"
335,700b,2330,1722.148,-1545.0177499999998,177.13025000000016,"('24.956011', '121.224836')"
313,700B,2330,1722.148,-1545.0177499999998,177.13025000000016,"('25.020913', '121.467122')"
488,913Y,2330,6186.4275,-6005.83675,180.5907500000003,"('25.043976', '121.513287')"
555,9223,2330,4885.839,-4700.474,185.36499999999972,"('24.25504428', '120.72246313')"
87,116g,2330,8665.47,-8467.389000000001,198.0810000000001,"('24.870698', '121.216074')"
66,116G,2330,8665.47,-8467.389000000001,198.0810000000001,"('24.991831', '121.540643')"
480,9138,2330,1770.8515000000002,-1570.93725,199.91425000000027,"('24.263293', '120.533735')"
780,988V,2330,916.0465,-713.635,202.41150000000005,"('25.058916', '121.365324')"
457,8882,2330,11915.009999999998,-11708.6045,206.40549999999888,"('24.142657', '120.673681')"
750,984E,2330,1403.9062500000002,-1193.6257499999995,210.28050000000053,"('24.99101', '121.512055')"
675,980K,2330,10066.18025,-9853.156,213.02425000000042,"('24.782145', '121.019836')"
43,1118,2330,3166.71325,-2951.143500000001,215.56974999999875,"('24.251532', '120.715351')"
132,5264,2330,1525.207,-1304.0834999999995,221.12350000000012,"('22.618084', '120.299994')"
182,5858,2330,6120.67275,-5887.6,233.0727499999994,"('23.483761', '120.448025')"
439,8841,2330,12378.6555,-12144.966000000004,233.6894999999968,"('25.007262', '121.506427')"
282,6383,2330,1841.8775,-1607.7625000000005,234.11499999999958,"('24.1098336', '120.5005689')"
486,913R,2330,2644.8347500000004,-2405.25975,239.57500000000027,"('22.663295', '120.301162')"
295,6465,2330,2444.89175,-2204.9677500000007,239.924,"('25.015785', '121.306298')"
25,103C,2330,1292.06875,-1046.2095000000004,245.85924999999975,"('23.351622', '120.414871')"
363,7791,2330,2790.91225,-2541.6222499999994,249.29000000000042,"('22.7645083', '121.139814')"
153,5389,2330,4600.890750000001,-4351.31575,249.57500000000076,"('25.056124', '121.522981')"
273,6165,2330,11562.962,-11308.423999999999,254.53800000000047,"('24.80878', '120.97842')"
227,592L,2330,1734.1457499999995,-1478.5495,255.59624999999986,"('24.961232', '121.2266')"
246,592l,2330,1734.1457499999995,-1478.5495,255.59624999999986,"('24.123572', '120.683634')"
547,921C,2330,7945.882,-7685.7425,260.1394999999993,"('25.062628', '121.543817')"
558,9226,2330,2421.5532499999995,-2157.41925,264.13399999999956,"('25.065115', '121.656378')"
419,8490,2330,2288.2682500000005,-2022.5667499999995,265.70150000000103,"('23.475343', '120.444467')"
216,5927,2330,3514.16175,-3247.47175,266.6900000000005,"('22.500321', '120.393101')"
379,779e,2330,1905.29075,-1629.59675,275.6940000000002,"('23.079546', '120.295368')"
369,779E,2330,1905.29075,-1629.59675,275.6940000000002,"('25.04767', '121.29172')"
574,9256,2330,3691.946,-3413.8025,278.1434999999997,"('25.04771', '121.29217')"
418,845X,2330,1171.229,-892.1120000000002,279.117,"('22.674973', '120.489469')"
171,5603,2330,4684.850250000001,-4398.089249999999,286.76100000000224,"('24.156326', '120.687556')"
143,5322,2330,1344.1572499999995,-1057.3339999999996,286.82324999999986,"('24.957087', '121.22298')"
515,918g,2330,3241.1885,-2953.89175,287.29675,"('24.34769', '120.617608')"
503,918G,2330,3241.1885,-2953.89175,287.29675,"('25.051215', '121.453436')"
37,1112,2330,1740.7605,-1449.486,291.2745,"('22.992652', '120.198074')"
423,8562,2330,7124.6345,-6829.4115,295.223,"('22.629174', '120.296467')"
725,9825,2330,4745.3719999999985,-4448.33275,297.0392499999998,"('23.304803', '120.318048')"
476,9134,2330,3732.12475,-3434.142500000001,297.9822499999996,"('23.008362', '120.222413')"
160,538I,2330,4553.297250000001,-4248.9095,304.3877500000008,"('24.68636369', '120.91302342')"
764,9868,2330,3760.6477499999987,-3452.9465,307.7012499999996,"('24.173226', '120.665795')"
22,1039,2330,1501.6592500000004,-1186.41175,315.2475000000002,"('25.097361', '121.527221')"
371,779H,2330,2435.28675,-2119.3414999999995,315.94525000000067,"('23.473794', '120.447141')"
381,779m,2330,3468.3865000000005,-3148.604250000001,319.7822500000002,"('24.148457', '120.673213')"
551,921J,2330,2105.42825,-1785.2099999999996,320.2182500000001,"('24.987793', '121.46813')"
21,1038,2330,1948.7820000000002,-1622.7140000000006,326.0679999999996,"('25.02486', '121.547411')"
696,981F,2330,3242.48525,-2912.0907500000008,330.39449999999937,"('25.019214', '121.422452')"
506,918K,2330,5327.763000000001,-4993.52375,334.23924999999963,"('25.074091', '121.606528')"
39,1114,2330,2854.43375,-2518.91825,335.5155,"('23.479185', '120.451083')"
765,9869,2330,6937.299500000001,-6597.61875,339.6807500000013,"('25.038362', '121.446492')"
28,1041,2330,7510.719,-7170.56575,340.1532500000003,"('22.628738', '120.357297')"
24,103B,2330,2039.46,-1696.6479999999995,342.8120000000001,"('24.0807671503', '120.5418333369')"
286,638D,2330,3960.1895,-3613.549750000001,346.63974999999886,"('22.620407', '120.324843')"
754,9853,2330,5113.75575,-4766.714750000001,347.04099999999926,"('24.146885', '120.650724')"
400,8381,2330,1848.389,-1496.7020000000002,351.68699999999984,"('22.603254', '120.398239')"
742,983U,2330,5169.358,-4810.455249999999,358.90275000000116,"('24.685114', '120.906872')"
55,1164,2330,4646.5645,-4284.946249999999,361.61825000000135,"('25.06886', '121.586984')"
426,8565,2330,4748.812500000001,-4385.785,363.02750000000106,"('24.99236', '121.313695')"
563,9231,2330,1902.478,-1538.984,363.49399999999986,"('23.95892167', '120.57429326')"
343,700k,2330,4710.18975,-4341.0652500000015,369.124499999999,"('23.95892167', '120.57429326')"
322,700K,2330,4710.18975,-4341.0652500000015,369.124499999999,"('23.30544409', '120.318836')"
665,9686,2330,3554.0475,-3179.46175,374.5857499999997,"('24.758697', '121.755453')"
420,8520,2330,3601.886,-3223.965,377.9209999999998,"('24.2598', '120.537609')"
635,9608,2330,2099.74875,-1719.8455,379.90324999999984,"('22.7546119', '121.1533285')"
424,8563,2330,9548.0505,-9167.9935,380.0570000000007,"('24.82042', '121.02555')"
538,920V,2330,1974.328,-1582.1989999999998,392.1290000000001,"('24.98135', '121.541847')"
95,1230,2330,10212.36525,-9808.776500000002,403.58874999999716,"('25.042209', '121.511651')"
642,9625,2330,6611.7885,-6203.241,408.5474999999997,"('24.739175', '121.087809')"
628,9362,2330,2261.01775,-1851.40925,409.60850000000005,"('24.55518', '120.818997')"
78,116V,2330,2636.59925,-2224.43925,412.1600000000003,"('23.70866786', '120.54106595')"
502,918F,2330,3489.2917499999994,-3076.36725,412.92449999999917,"('24.978049', '121.542901')"
106,126X,2330,2026.21925,-1612.06825,414.15100000000007,"('23.035918', '120.308442')"
223,592E,2330,4861.12275,-4441.2955,419.82724999999937,"('25.050151', '121.51703')"
243,592e,2330,4861.12275,-4441.2955,419.82724999999937,"('25.02307', '121.525154')"
774,987A,2330,3539.28375,-3115.91175,423.37199999999984,"('24.910119', '121.14692')"
540,920Z,2330,4073.17825,-3645.8887500000014,427.2894999999994,"('22.756335', '121.1514847')"
354,7034,2330,2530.413,-2102.3345,428.07850000000013,"('22.979776', '120.191731')"
297,6489,2330,1354.5392499999996,-921.22375,433.31549999999993,"('24.828389', '121.011203')"
566,9235,2330,2408.393,-1974.316,434.0769999999995,"('22.98759268', '120.19640633')"
294,6464,2330,8768.339,-8332.69075,435.64825000000013,"('24.97414934', '121.54307783')"
552,921M,2330,1906.09375,-1470.1077499999994,435.98600000000033,"('24.954273', '121.298844')"
477,9135,2330,7819.911000000003,-7382.491749999999,437.4192500000026,"('24.812726', '120.965343')"
472,9105,2330,5632.136,-5193.55475,438.58124999999933,"('22.620276', '120.301811')"
753,9852,2330,9704.6275,-9257.39425,447.2332499999975,"('25.040714', '121.575092')"
53,1162,2330,7254.41525,-6798.37275,456.0424999999996,"('22.986548', '120.218279')"
609,9323,2330,2672.5925,-2214.552,458.0405000000005,"('22.567007', '120.355287')"
602,9312,2330,2600.69225,-2141.7695,458.9227500000002,"('22.611302', '120.313329')"
668,9695,2330,1889.24825,-1405.1394999999998,484.10875000000016,"('23.557524', '120.424254')"
705,981S,2330,6457.5995,-5971.615749999999,485.98375000000124,"('24.169883', '120.685715')"
77,116U,2330,5264.393249999999,-4775.772,488.6212499999992,"('25.020217', '121.296323')"
669,9697,2330,7703.393249999997,-7208.24675,495.146499999998,"('23.709395', '120.432824')"
677,980R,2330,4995.459250000001,-4498.2275,497.23175000000083,"('25.032808', '121.517265')"
636,9614,2330,3474.6405000000004,-2971.8862500000005,502.75425,"('25.129285', '121.74737')"
150,5385,2330,4358.9205,-3854.85825,504.0622500000004,"('24.990168', '121.309649')"
830,9A9A,2330,3007.10375,-2502.08775,505.01600000000013,"('24.677824', '121.771768')"
851,9A9a,2330,3007.10375,-2502.08775,505.01600000000013,"('22.613307', '120.305159')"
542,9212,2330,2131.663,-1617.06175,514.6012499999995,"('22.47017', '120.457999')"
90,116k,2330,2914.90125,-2389.71375,525.1875,"('22.668116', '120.295072')"
70,116K,2330,2914.90125,-2389.71375,525.1875,"('23.97740762', '121.60886779')"
198,585W,2330,1806.77475,-1277.86125,528.9135000000001,"('24.43676791', '118.31782707')"
783,9893,2330,6910.99675,-6376.181,534.8157500000007,"('25.105763', '121.525012')"
611,9325,2330,2466.519,-1931.1542500000005,535.36475,"('25.042416', '121.531765')"
597,9305,2330,4853.977,-4317.352250000001,536.624749999999,"('25.045119', '121.452631')"
288,6451,2330,15348.899,-14806.728749999998,542.170250000001,"('25.044581', '121.290242')"
723,9822,2330,3963.958,-3420.46275,543.4952500000004,"('24.988375', '121.458293')"
478,9136,2330,7888.3089999999975,-7344.371000000001,543.9379999999974,"('25.051611', '121.563965')"
172,5604,2330,1489.0135,-943.1685,545.845,"('24.153998', '120.649993')"
412,845E,2330,1280.7745,-729.9735,550.8009999999999,"('23.571004', '119.572243')"
434,8587,2330,1687.161,-1126.9879999999996,560.1730000000001,"('24.116032', '120.656845')"
786,9897,2330,3532.94375,-2971.6,561.34375,"('24.985545', '121.445172')"
483,913H,2330,2419.68425,-1857.96975,561.7144999999996,"('22.671284', '120.487082')"
726,9829,2330,5004.192499999999,-4441.745000000001,562.4474999999984,"('22.998734', '120.235967')"
306,7001,2330,5292.14025,-4726.6370000000015,565.5032499999987,"('23.483619', '120.448624')"
279,6380,2330,3314.253,-2747.95875,566.2942499999995,"('23.8733328', '120.5242963')"
548,921E,2330,5520.97025,-4951.7315,569.2387500000004,"('24.935931', '121.372253')"
850,9A9Z,2330,8169.473000000001,-7597.688749999998,571.7842500000006,"('25.062579', '121.542192')"
617,9332,2330,3212.2695,-2638.4885,573.781,"('22.732152', '120.327909')"
373,779P,2330,6698.5655,-6114.40825,584.1572499999992,"('24.165402', '120.694238')"
187,585E,2330,2801.04,-2214.1165,586.9234999999999,"('23.304965', '120.318717')"
380,779j,2330,5140.65475,-4551.86875,588.7860000000002,"('22.621265', '120.321334')"
372,779J,2330,5140.65475,-4551.86875,588.7860000000002,"('22.664388', '120.304534')"
392,8158,2330,2822.565,-2232.14325,590.4217499999995,"('25.05236', '121.532796')"
155,538B,2330,5531.2165,-4927.7605,603.4559999999992,"('24.806705', '120.967692')"
835,9A9G,2330,5273.4834999999985,-4665.4805,608.0029999999998,"('25.104812', '121.527232')"
857,9A9g,2330,5273.4834999999985,-4665.4805,608.0029999999998,"('25.085169', '121.559547')"
332,700X,2330,3922.77175,-3309.06925,613.7025000000002,"('25.012066', '121.514869')"
847,9A9W,2330,5174.402,-4560.552500000002,613.8494999999994,"('24.159131', '120.639556')"
801,989Q,2330,6936.262999999999,-6317.210499999999,619.0524999999998,"('25.062492', '121.653785')"
720,981r,2330,3780.87725,-3160.242,620.6352500000003,"('22.677031', '120.490991')"
704,981R,2330,3780.87725,-3160.242,620.6352500000003,"('23.756537', '120.682557')"
259,5962,2330,1934.7485,-1301.2475,633.5009999999997,"('23.904264', '120.689918')"
772,9878,2330,4459.429000000001,-3820.1835,639.2455000000008,"('22.994996', '120.193814')"
350,7030,2330,2257.945,-1614.24375,643.7012499999996,"('22.99997', '120.201708')"
550,921G,2330,2308.4305,-1663.5675000000006,644.8629999999996,"('25.082911', '121.438621')"
265,6115,2330,1495.2157499999996,-848.7615000000003,646.4542499999998,"('25.044216', '121.526693')"
384,779u,2330,6271.2735,-5624.3925,646.8810000000002,"('25.037378', '121.555759')"
603,9314,2330,3289.19525,-2640.405,648.79025,"('23.477835', '120.449727')"
213,5923,2330,3609.71275,-2950.85575,658.8570000000004,"('25.062449', '121.498072')"
814,989j,2330,5796.255,-5135.299999999998,660.9550000000007,"('24.991053', '121.423277')"
797,989J,2330,5796.255,-5135.299999999998,660.9550000000007,"('24.0835139', '120.5459774')"
230,592P,2330,4901.387499999999,-4235.59875,665.7887499999988,"('22.796176', '120.295401')"
44,1119,2330,3388.6070000000013,-2715.02525,673.5817500000012,"('22.79526', '120.2959')"
777,9889,2330,3679.302,-3002.4109999999987,676.8910000000005,"('23.95892167', '120.57429326')"
567,9236,2330,2994.314250000001,-2315.1695,679.1447500000004,"('23.709327', '120.433065')"
225,592H,2330,3118.4455000000007,-2425.49775,692.9477500000003,"('25.034255', '121.527658')"
12,102G,2330,1956.33575,-1258.5765,697.7592499999997,"('25.06144447', '121.49800733')"
541,9211,2330,12580.62675,-11882.6735,697.9532500000005,"('22.985499', '120.22163')"
849,9A9Y,2330,4129.255999999999,-3429.2737499999994,699.9822500000009,"('25.012856', '121.468046')"
766,986K,2330,5017.083500000002,-4302.009499999999,715.0740000000013,"('25.130221', '121.740528')"
71,116L,2330,6997.544,-6278.0342500000015,719.5097499999993,"('24.1530369', '120.6474343')"
17,1034,2330,2293.58575,-1566.4622499999996,727.1234999999998,"('23.479615', '120.449815')"
413,845F,2330,4866.816000000002,-4130.58225,736.2337500000003,"('25.038349', '121.547888')"
855,9A9e,2330,5124.208750000002,-4381.193750000001,743.0149999999994,"('22.629741', '120.328129')"
834,9A9E,2330,5124.208750000002,-4381.193750000001,743.0149999999994,"('25.009024', '121.460905')"
760,985C,2330,5427.486250000001,-4670.86875,756.6175000000012,"('22.625464', '120.350197')"
779,988C,2330,1956.5635,-1193.1415,763.4219999999997,"('25.059767', '121.490989')"
618,9333,2330,2884.4029999999993,-2120.358,764.0449999999997,"('24.678314', '121.769818')"
52,1161,2330,6729.52625,-5964.356749999999,765.1695000000009,"('25.046607', '121.513111')"
222,592D,2330,4761.87725,-3995.8179999999998,766.0592499999992,"('22.639397', '120.327587')"
242,592d,2330,4761.87725,-3995.8179999999998,766.0592499999992,"('25.049431', '121.523747')"
568,9237,2330,3643.1875,-2866.46925,776.7182500000004,"('25.051373', '121.548469')"
860,9A9j,2330,5418.73325,-4637.00375,781.7295000000003,"('23.479678', '120.446045')"
837,9A9J,2330,5418.73325,-4637.00375,781.7295000000003,"('25.027981', '121.471025')"
793,989E,2330,11032.585,-10249.8055,782.7794999999987,"('23.974095', '120.682217')"
811,989e,2330,11032.585,-10249.8055,782.7794999999987,"('24.999689', '121.502274')"
358,703B,2330,3741.087750000001,-2947.3144999999995,793.7732500000017,"('22.976094', '120.22471')"
655,9661,2330,7095.84125,-6297.7247499999985,798.1165000000002,"('24.978049', '121.542901')"
629,9363,2330,3418.1604999999995,-2617.6595,800.5009999999992,"('24.0794898', '120.5409032')"
800,989P,2330,8094.763749999997,-7289.529499999998,805.2342500000012,"('25.040574', '121.549278')"
127,5112,2330,2175.9105,-1360.67125,815.2392499999999,"('25.049232', '121.523631')"
415,845R,2330,3120.43625,-2304.5005,815.9357499999996,"('25.115099', '121.517502')"
735,9837,2330,3399.42775,-2581.90775,817.52,"('23.568128', '120.301917')"
231,592Q,2330,4866.91725,-4038.98175,827.9355000000005,"('25.041283', '121.552754')"
250,592q,2330,4866.91725,-4038.98175,827.9355000000005,"('22.674973', '120.489469')"
573,9255,2330,3997.76525,-3168.06275,829.7024999999994,"('25.026659', '121.522462')"
672,9801,2330,5730.9895000000015,-4897.97925,833.0102500000003,"('25.05512', '121.533286')"
619,9334,2330,3414.0855,-2576.948000000001,837.1374999999997,"('25.029839', '121.557928')"
756,9856,2330,4012.6832500000014,-3172.329,840.3542500000003,"('23.98972565', '121.60138507')"
484,913I,2330,2917.969,-2057.2202499999994,860.7487500000003,"('25.038035', '121.50462')"
591,9291,2330,3124.367,-2263.61475,860.75225,"('25.029554', '121.550912')"
29,1042,2330,5791.05575,-4926.491749999999,864.5640000000003,"('22.993262', '120.196807')"
159,538F,2330,5536.508000000001,-4664.121499999998,872.3865000000004,"('25.05581', '121.510098')"
161,538M,2330,4176.0745000000015,-3279.5585,896.5160000000004,"('23.479738', '120.450185')"
442,8844,2330,7920.094749999998,-7019.6845,900.4102499999989,"('25.055411', '121.532851')"
398,815Y,2330,5418.322499999998,-4516.659750000002,901.6627499999986,"('23.304936', '120.31836')"
26,103F,2330,2125.79775,-1223.53375,902.2639999999997,"('25.054529', '121.60644')"
325,700N,2330,2318.27725,-1414.12325,904.154,"('25.018991', '121.479063')"
355,7035,2330,1995.7035000000005,-1088.7452499999997,906.9582500000006,"('25.033882', '121.530487')"
715,981j,2330,6091.433000000001,-5178.061,913.3720000000003,"('25.093368', '121.525375')"
65,116F,2330,5936.211000000001,-5022.77025,913.4407500000017,"('23.95892167', '120.57429326')"
86,116f,2330,5936.211000000001,-5022.77025,913.4407500000017,"('25.050489', '121.544181')"
475,9131,2330,4584.44275,-3649.340000000001,935.1027499999992,"('24.138041', '120.679355')"
700,981L,2330,3015.7015,-2079.225,936.4765000000003,"('22.709875', '120.298748')"
407,8458,2330,3458.106500000001,-2518.1845000000008,939.922,"('22.994696', '120.20173')"
333,700Z,2330,4646.6645,-3692.24075,954.42375,"('22.611726', '120.302041')"
534,920G,2330,4633.938,-3670.63575,963.3022500000003,"('24.0748915', '120.5436385')"
158,538E,2330,5691.70325,-4723.416,968.2872499999994,"('24.137223', '120.679422')"
614,9328,2330,3336.456000000001,-2365.71475,970.7412500000003,"('22.549132', '120.538318')"
7,1029,2330,4891.83625,-3918.42775,973.4085,"('22.631953', '120.360748')"
681,980h,2330,14018.16475,-13031.459749999998,986.7050000000016,"('25.043125', '121.513069')"
514,918e,2330,3466.8262500000005,-2475.874,990.9522500000007,"('25.04175', '121.550405')"
501,918E,2330,3466.8262500000005,-2475.874,990.9522500000007,"('25.052297', '121.530795')"
638,9621,2330,3624.07925,-2619.9045,1004.17475,"('23.98231542', '121.60705237')"
586,9283,2330,2850.2975,-1845.38025,1004.91725,"('22.99227', '120.211417')"
498,918B,2330,4959.66325,-3941.1575,1018.5057499999994,"('25.018991', '121.479063')"
361,7750,2330,7271.075499999999,-6249.85775,1021.2177499999988,"('25.012076', '121.515201')"
346,700q,2330,2966.9565,-1931.4952499999995,1035.4612500000003,"('25.083297', '121.593043')"
447,884A,2330,6985.186250000002,-5943.443,1041.7432500000002,"('25.095179', '121.524047')"
634,9604,2330,8937.179250000001,-7891.7155,1045.4637500000008,"('25.113459', '121.517147')"
724,9824,2330,2950.05375,-1889.04775,1061.006,"('24.146905', '120.661436')"
97,1233,2330,4593.37175,-3530.9359999999997,1062.43575,"('24.12203', '120.662034')"
610,9324,2330,5662.471749999999,-4594.96925,1067.5024999999987,"('22.793277', '120.287212')"
40,1115,2330,3445.702500000001,-2377.055250000001,1068.64725,"('24.130268', '120.71992')"
235,592W,2330,3964.4905,-2889.33075,1075.1597499999998,"('25.117684', '121.504034')"
254,592w,2330,3964.4905,-2889.33075,1075.1597499999998,"('23.16235', '120.177891')"
177,5853,2330,6090.3052499999985,-5007.8915,1082.4137499999997,"('24.9582508', '121.2241113')"
821,9A79,2330,3303.019,-2211.63,1091.389,"('23.966348', '120.96558')"
676,980Q,2330,3898.753249999999,-2806.98225,1091.7709999999993,"('25.047959', '121.291524')"
841,9A9N,2330,4543.6365,-3446.144,1097.4924999999994,"('25.01788', '121.29715')"
104,126Q,2330,4989.045,-3878.7167500000014,1110.3282499999998,"('22.630326', '120.313766')"
817,989z,2330,3600.5890000000004,-2477.97675,1122.61225,"('25.052065', '121.543654')"
808,989Z,2330,3600.5890000000004,-2477.97675,1122.61225,"('22.567037', '120.356664')"
685,9812,2330,5077.83525,-3952.734,1125.1012500000006,"('24.138411', '120.680637')"
682,980l,2330,3104.196,-1973.3210000000006,1130.8749999999995,"('23.709672', '120.438683')"
728,982B,2330,8068.4155,-6936.2715,1132.1440000000002,"('22.660938', '120.305553')"
79,116W,2330,3205.0315,-2065.7512500000007,1139.2802499999998,"('22.625213', '120.362358')"
416,845S,2330,2201.468,-1060.54125,1140.92675,"('25.045384', '121.296211')"
366,7797,2330,3617.829500000001,-2456.196,1161.6335000000008,"('22.628108', '120.292913')"
757,9857,2330,5918.0145,-4746.4065,1171.6080000000004,"('25.080677', '121.480071')"
291,6461,2330,4779.7055,-3598.2832500000004,1181.4222499999996,"('24.994448', '121.422653')"
706,981U,2330,4002.67175,-2820.4840000000004,1182.18775,"('25.044216', '121.526693')"
607,9319,2330,5877.594,-4687.534000000001,1190.0600000000004,"('24.954474', '121.350389')"
164,538W,2330,7920.57425,-6726.729999999999,1193.844250000001,"('25.020674', '121.466294')"
564,9233,2330,6903.938749999998,-5703.54025,1200.3984999999993,"('25.057778', '121.364714')"
694,981D,2330,5764.672250000001,-4555.281000000001,1209.3912499999994,"('23.909834', '120.685531')"
186,585D,2330,8747.0985,-7533.93325,1213.16525,"('24.15961', '120.647311')"
536,920M,2330,3835.215750000001,-2620.57075,1214.6450000000011,"('24.755339', '121.755816')"
734,9835,2330,4141.417500000001,-2899.1595,1242.2580000000007,"('23.95892167', '120.57429326')"
409,845A,2330,4251.061250000002,-3008.236,1242.8252500000008,"('25.080964', '121.590555')"
247,592m,2330,5863.6165,-4615.531250000001,1248.0852499999992,"('23.001228', '120.196273')"
228,592M,2330,5863.6165,-4615.531250000001,1248.0852499999992,"('24.0888889', '120.5379052')"
382,779n,2330,3735.7905,-2486.3655,1249.4250000000004,"('25.051192', '121.563737')"
687,9814,2330,9744.325,-8494.09675,1250.2282499999985,"('22.975911', '120.196181')"
64,116E,2330,9492.7115,-8242.38975,1250.321750000001,"('25.062449', '121.498072')"
85,116e,2330,9492.7115,-8242.38975,1250.321750000001,"('24.83387', '121.019209')"
443,8846,2330,7568.6685,-6304.027749999998,1264.6407500000005,"('25.009761', '121.461171')"
804,989V,2330,3543.5335,-2266.08775,1277.44575,"('25.068216', '121.496242')"
151,5386,2330,2884.16475,-1605.7654999999993,1278.3992500000004,"('24.0799108', '120.5405647')"
270,6162,2330,8919.295750000001,-7628.604000000001,1290.69175,"('25.045826', '121.518127')"
798,989L,2330,8896.300500000001,-7601.7435,1294.5570000000016,"('24.992543', '121.311151')"
69,116J,2330,2814.9265,-1517.505,1297.4214999999995,"('25.019378', '121.479061')"
89,116j,2330,2814.9265,-1517.505,1297.4214999999995,"('24.68636369', '120.91302342')"
494,9187,2330,7371.510250000001,-6061.11775,1310.3925000000008,"('24.0820056', '120.5422723')"
513,918d,2330,7432.767,-6101.94825,1330.8187500000004,"('25.082209', '121.592176')"
500,918D,2330,7432.767,-6101.94825,1330.8187500000004,"('22.991811', '120.211436')"
362,7790,2330,18777.1285,-17443.641749999995,1333.4867500000034,"('25.069593', '121.513931')"
697,981G,2330,4767.192,-3431.152,1336.0400000000004,"('24.0743658', '120.5422267')"
712,981g,2330,4767.192,-3431.152,1336.0400000000004,"('24.105903', '120.680394')"
516,918i,2330,5405.5985,-4069.3055,1336.293,"('24.686649', '120.878307')"
473,9108,2330,5332.10225,-3990.1544999999987,1341.9477500000007,"('25.008473', '121.457926')"
581,9274,2330,3658.3709999999996,-2289.54075,1368.83025,"('22.624735', '120.361391')"
615,9329,2330,2868.40625,-1489.3685,1379.03775,"('23.46398', '120.241453')"
689,9816,2330,9681.94925,-8292.006749999999,1389.942500000001,"('24.813034', '120.974944')"
60,1169,2330,5255.54425,-3850.20575,1405.3384999999996,"('25.092767', '121.525804')"
241,592c,2330,4725.36125,-3319.077750000001,1406.2834999999993,"('24.108168', '120.621674')"
221,592C,2330,4725.36125,-3319.077750000001,1406.2834999999993,"('22.5469699', '120.5356893')"
449,884C,2330,4324.312000000001,-2917.59475,1406.7172500000006,"('25.051738', '121.560185')"
782,9892,2330,4066.099250000001,-2653.22275,1412.8765000000005,"('22.685474', '120.49637')"
663,9677,2330,3797.579,-2381.885500000001,1415.6935,"('25.070324', '121.495199')"
33,104C,2330,8352.23475,-6932.4495,1419.78525,"('22.619648', '120.295414')"
661,9672,2330,5542.8055,-4119.87475,1422.9307500000007,"('23.95892167', '120.57429326')"
271,6163,2330,7786.8047499999975,-6362.657249999998,1424.1474999999994,"('23.01007', '120.232743')"
445,8848,2330,6419.99525,-4992.227999999999,1427.7672500000006,"('23.479352', '120.445054')"
721,981y,2330,7556.282750000001,-6125.0535,1431.2292500000012,"('23.129452', '120.29889')"
810,989d,2330,4818.04375,-3375.418500000001,1442.6252499999994,"('24.169881', '120.68571')"
792,989D,2330,4818.04375,-3375.418500000001,1442.6252499999994,"('22.683768', '120.289237')"
570,9239,2330,5644.67375,-4196.891750000002,1447.7819999999995,"('24.159131', '120.639556')"
245,592i,2330,4639.466750000001,-3183.0225,1456.4442500000007,"('24.270835', '120.576513')"
226,592I,2330,4639.466750000001,-3183.0225,1456.4442500000007,"('23.474342', '120.451913')"
323,700L,2330,7099.48525,-5642.811749999999,1456.6735000000006,"('25.105763', '121.525012')"
189,585H,2330,4671.245999999999,-3213.78725,1457.4587499999993,"('24.992543', '121.311151')"
575,9257,2330,4601.68025,-3144.0725,1457.6077500000006,"('25.077896', '121.375191')"
257,5960,2330,5544.3575,-4083.5827500000014,1460.7747499999987,"('23.9768', '120.681899')"
778,988B,2330,6895.433500000001,-5434.57825,1460.8552500000014,"('25.02354', '121.29599')"
278,6210,2330,4321.445750000001,-2852.42025,1469.0255000000009,"('22.623139', '120.298093')"
529,920A,2330,6286.276250000001,-4813.615250000002,1472.661,"('25.005106', '121.459845')"
713,981h,2330,5050.687000000001,-3574.21475,1476.4722500000007,"('22.669952', '120.491827')"
561,922C,2330,3406.01,-1926.4237500000006,1479.5862499999994,"('22.669771', '120.494499')"
399,8380,2330,5741.09325,-4261.1225,1479.9707500000006,"('22.5892629', '120.3223683')"
211,5921,2330,6855.8055,-5349.5985,1506.2069999999994,"('22.641858', '120.296596')"
828,9A98,2330,5135.03575,-3622.92125,1512.1144999999995,"('25.066177', '121.197136')"
799,989N,2330,10904.7115,-9363.15475,1541.5567500000016,"('25.083297', '121.593043')"
495,9188,2330,9963.013750000002,-8402.54925,1560.464500000002,"('22.64229235', '120.33237471')"
596,9303,2330,6233.606749999999,-4661.30925,1572.2974999999988,"('22.621768', '120.296244')"
80,116X,2330,3050.84425,-1456.21625,1594.6279999999995,"('24.761032', '121.753333')"
94,116x,2330,3050.84425,-1456.21625,1594.6279999999995,"('25.05225', '121.533358')"
819,9A61,2330,3714.03475,-2115.778,1598.25675,"('22.602118', '120.333852')"
565,9234,2330,7315.773000000001,-5705.538000000001,1610.2350000000006,"('24.83357', '121.014308')"
326,700P,2330,61877.48974999999,-60266.437999999995,1611.0517499999914,"('25.052193', '121.538356')"
345,700p,2330,61877.48974999999,-60266.437999999995,1611.0517499999914,"('25.052842', '121.544234')"
134,5266,2330,3499.73725,-1888.6025,1611.1347499999995,"('24.956644', '121.206662')"
320,700I,2330,9424.00875,-7769.227499999999,1654.78125,"('22.628081', '120.292828')"
341,700i,2330,9424.00875,-7769.227499999999,1654.78125,"('25.04116', '121.578782')"
101,126D,2330,4719.1770000000015,-3055.43675,1663.7402500000005,"('22.992309', '120.202775')"
496,9189,2330,6129.148500000001,-4465.1754999999985,1663.9730000000018,"('24.992543', '121.311151')"
452,884F,2330,6350.745000000001,-4647.6225,1703.1225000000013,"('25.00487', '121.30495')"
554,921Y,2330,4788.3035,-3071.3952500000005,1716.9082499999995,"('24.253703', '120.829572')"
342,700j,2330,9109.80325,-7370.444249999999,1739.3590000000022,"('25.033189', '121.542439')"
321,700J,2330,9109.80325,-7370.444249999999,1739.3590000000022,"('24.143359', '120.674131')"
532,920E,2330,6216.6667499999985,-4476.9475,1739.7192499999994,"('22.985636', '120.221667')"
73,116N,2330,7075.672999999998,-5332.471250000001,1743.2017499999974,"('23.02618705', '120.25704901')"
417,845U,2330,12635.901999999998,-10891.728249999998,1744.17375,"('25.053554', '121.544275')"
827,9A97,2330,11253.61325,-9492.17775,1761.4354999999994,"('24.808108', '120.967275')"
616,9331,2330,5519.3125,-3744.533,1774.7795000000006,"('22.624159', '120.357238')"
490,9183,2330,5025.3679999999995,-3231.827,1793.5410000000004,"('22.62306', '120.290961')"
657,9665,2330,5027.95475,-3215.864,1812.09075,"('25.001914', '121.306583')"
572,9254,2330,5565.0305,-3750.93525,1814.09525,"('24.782143', '121.019599')"
67,116H,2330,9000.997749999999,-7171.053750000001,1829.9439999999975,"('24.804306', '120.972705')"
606,9317,2330,3776.388,-1943.6625,1832.7255000000007,"('25.078339', '121.391231')"
729,982C,2330,8718.385000000002,-6883.567000000001,1834.8180000000007,"('22.632481', '120.313094')"
736,9838,2330,6171.306,-4335.75725,1835.54875,"('24.250812', '120.708821')"
842,9A9P,2330,6457.125499999999,-4619.02125,1838.1042499999994,"('24.8279', '121.0101')"
740,983M,2330,4768.443249999998,-2895.012750000001,1873.430499999999,"('24.98857', '121.567189')"
440,8842,2330,9988.685,-8109.3405,1879.3444999999995,"('25.05109393', '121.46041495')"
773,9879,2330,5467.01525,-3584.96725,1882.048,"('25.017671', '121.479069')"
848,9A9X,2330,9075.192999999996,-7167.94475,1907.2482499999976,"('24.80008', '120.989546')"
864,9A9x,2330,9075.192999999996,-7167.94475,1907.2482499999976,"('24.99101', '121.30807')"
769,9873,2330,7987.404,-6053.751750000001,1933.6522499999994,"('25.041973', '121.509065')"
368,779D,2330,6119.619250000002,-4175.8942499999985,1943.7250000000013,"('22.998777', '120.205416')"
796,989I,2330,6694.2745,-4749.771999999999,1944.5025000000005,"('25.083433', '121.469855')"
390,8156,2330,6768.212749999999,-4822.16325,1946.0494999999994,"('22.642782', '120.333546')"
826,9A96,2330,5016.109750000001,-3067.28425,1948.8255000000006,"('25.044386', '121.511544')"
169,5600,2330,6802.65575,-4840.1255,1962.53025,"('25.032433', '121.517011')"
684,980w,2330,6054.544499999999,-4089.0245,1965.5199999999993,"('24.170858', '120.647408')"
747,983i,2330,9502.729,-7533.960000000001,1968.7689999999984,"('24.225154', '120.647701')"
608,9322,2330,4525.167,-2553.07375,1972.09325,"('25.129408', '121.743004')"
852,9A9b,2330,5323.585500000001,-3342.3790000000004,1981.2065000000007,"('23.707378', '120.435953')"
831,9A9B,2330,5323.585500000001,-3342.3790000000004,1981.2065000000007,"('25.002015', '121.510625')"
481,913D,2330,3835.1032499999988,-1838.6542500000005,1996.4489999999992,"('24.214266', '120.701422')"
598,9306,2330,6806.483,-4783.3097499999985,2023.1732500000005,"('22.993327', '120.184382')"
59,1168,2330,4166.9075,-2128.417,2038.4905000000006,"('22.63154', '120.291688')"
497,918A,2330,6827.60825,-4781.709000000002,2045.8992499999995,"('24.955371', '121.226447')"
437,8711,2330,9138.70625,-7080.004750000003,2058.7014999999974,"('25.113827', '121.51186')"
644,9634,2330,9465.966,-7403.080500000001,2062.8854999999994,"('24.684534', '121.770844')"
376,779X,2330,4784.8715,-2719.55075,2065.3207500000008,"('24.988995', '121.511264')"
643,9627,2330,7122.121249999998,-5035.3777500000015,2086.7434999999987,"('25.081614', '121.570074')"
683,980u,2330,5956.74575,-3850.82725,2105.9185,"('22.993814', '120.200371')"
491,9184,2330,5467.43075,-3354.2595,2113.1712499999994,"('24.155741', '120.658506')"
649,9655,2330,11104.01625,-8959.028,2144.9882499999985,"('25.020786', '121.467023')"
219,592A,2330,7830.722,-5677.96075,2152.76125,"('22.651245', '120.303308')"
239,592a,2330,7830.722,-5677.96075,2152.76125,"('25.039446', '121.577293')"
759,9859,2330,17986.34825,-15823.053749999995,2163.2945000000022,"('24.812213', '120.964555')"
459,8884,2330,6422.58925,-4258.502500000001,2164.0867499999995,"('22.993405', '120.203337')"
674,980D,2330,7786.150500000002,-5616.29925,2169.8512500000006,"('23.006968', '120.218592')"
679,980d,2330,7786.150500000002,-5616.29925,2169.8512500000006,"('24.236003', '120.558912')"
124,5050,2330,11541.857,-9370.556,2171.3010000000013,"('25.050151', '121.51703')"
248,592n,2330,8665.508749999999,-6446.959,2218.549749999999,"('25.051268', '121.562096')"
229,592N,2330,8665.508749999999,-6446.959,2218.549749999999,"('23.709649', '120.437141')"
34,104D,2330,10768.367499999997,-8537.39525,2230.972249999999,"('25.028265', '121.526384')"
460,8885,2330,4895.532249999998,-2663.9315,2231.60075,"('25.01761', '121.29755')"
54,1163,2330,6747.781,-4515.205499999999,2232.575500000001,"('24.157501', '120.658023')"
690,9817,2330,7728.7405,-5477.589499999999,2251.1510000000007,"('22.636405', '120.341742')"
718,981p,2330,9048.1805,-6766.734500000001,2281.446,"('25.051272', '121.56156')"
802,989S,2330,9276.478749999998,-6989.8415,2286.637249999999,"('24.0556067', '120.4315994')"
587,9285,2330,8703.204000000002,-6413.18825,2290.015750000001,"('24.966021', '121.226396')"
446,8849,2330,6983.159750000002,-4683.873249999999,2299.286500000002,"('25.014798', '121.533943')"
763,9867,2330,10724.3835,-8406.9995,2317.384,"('25.068702', '121.591851')"
537,920N,2330,6245.19325,-3914.094500000001,2331.09875,"('24.90199', '121.04153')"
673,980C,2330,5909.61475,-3573.851250000001,2335.763499999999,"('23.708258', '120.540762')"
290,6460,2330,6349.3497499999985,-4009.24325,2340.106499999999,"('25.008473', '121.457926')"
308,7005,2330,6776.383250000001,-4425.66975,2350.7135000000007,"('24.235091', '120.558696')"
595,9302,2330,8467.793749999999,-6098.4735,2369.3202499999993,"('24.13973', '120.651249')"
569,9238,2330,6137.3505,-3758.806250000001,2378.544249999999,"('25.093368', '121.525375')"
627,9359,2330,16895.750500000002,-14516.294749999995,2379.455750000005,"('25.044888', '121.513093')"
3,1023,2330,5805.28075,-3423.333,2381.9477500000007,"('22.624875', '120.284176')"
57,1166,2330,9086.701250000002,-6669.267750000001,2417.433500000001,"('25.001521', '121.510184')"
791,989C,2330,8660.82625,-6213.3859999999995,2447.44025,"('25.00798', '121.460091')"
632,9386,2330,5229.115500000001,-2742.30475,2486.810750000001,"('22.7544843', '121.1534923')"
479,9137,2330,6938.9095,-4410.92775,2527.98175,"('25.096181', '121.528917')"
784,9894,2330,7219.2165,-4678.35725,2540.8592500000004,"('24.991156', '121.315876')"
659,9667,2330,6551.45975,-3990.57425,2560.8855,"('22.99654', '120.191829')"
807,989Y,2330,5003.29975,-2392.901,2610.3987500000007,"('25.129219', '121.747516')"
31,1045,2330,8588.314999999999,-5912.6255,2675.6894999999986,"('24.801535', '120.969289')"
771,9875,2330,23523.605000000003,-20829.701,2693.9040000000023,"('24.976248', '121.442118')"
105,126U,2330,7537.5905,-4843.515750000001,2694.07475,"('25.044711', '121.511369')"
35,1110,2330,7702.7662500000015,-4914.7285,2788.0377500000004,"('25.051192', '121.510275')"
781,9891,2330,9714.95275,-6918.561500000002,2796.39125,"('25.007727', '121.521091')"
652,9659,2330,9400.66225,-6573.7065,2826.9557499999987,"('22.632012', '120.312898')"
824,9A91,2330,10739.5225,-7873.958999999997,2865.5635000000043,"('25.047692', '121.577579')"
263,6110,2330,8433.786250000001,-5565.5785,2868.2077500000014,"('24.137798', '120.681534')"
755,9854,2330,7085.73525,-4171.66275,2914.0724999999993,"('24.170803', '120.694344')"
267,611A,2330,7035.804249999999,-4117.1135,2918.690749999999,"('24.252032', '120.717431')"
708,981X,2330,5358.77275,-2421.7129999999997,2937.05975,"('25.035317', '121.532417')"
836,9A9H,2330,5775.77275,-2835.74375,2940.0290000000005,"('25.045836', '121.452167')"
858,9A9h,2330,5775.77275,-2835.74375,2940.0290000000005,"('22.986179', '120.197286')"
310,7007,2330,5143.334999999999,-2196.38475,2946.950249999999,"('24.83447', '121.0181')"
523,9204,2330,8927.8205,-5960.496,2967.3245,"('24.138368', '120.681258')"
504,918H,2330,6504.406999999999,-3528.4179999999997,2975.989,"('25.057743', '121.525358')"
91,116m,2330,4339.224499999998,-1322.29275,3016.9317499999993,"('24.110628', '120.499921')"
72,116M,2330,4339.224499999998,-1322.29275,3016.9317499999993,"('22.675266', '120.489571')"
733,9834,2330,9860.98725,-6765.486999999999,3095.5002500000014,"('24.957344', '121.224049')"
422,8561,2330,13369.456,-10200.053,3169.403,"('24.149234', '120.67011')"
272,6164,2330,12005.41875,-8787.453000000001,3217.9657499999976,"('24.171581', '120.693441')"
32,104A,2330,11333.6915,-8084.3675,3249.3239999999987,"('24.138167', '120.679198')"
61,116A,2330,8820.769750000001,-5538.1555,3282.6142500000014,"('24.98857', '121.567189')"
444,8847,2330,11859.31275,-8544.16575,3315.1470000000013,"('22.98051009', '120.224079')"
762,9863,2330,9158.16275,-5831.161750000001,3327.000999999999,"('25.026152', '121.531683')"
454,884J,2330,7105.861749999999,-3775.386,3330.47575,"('24.108703', '120.679773')"
787,9898,2330,10105.66075,-6668.7562499999985,3436.904500000001,"('25.039671', '121.446525')"
579,9272,2330,20203.30025,-16760.035,3443.265250000001,"('24.809641', '120.966469')"
809,989a,2330,10226.647999999996,-6760.203250000001,3466.444749999997,"('24.4402808', '120.65285')"
789,989A,2330,10226.647999999996,-6760.203250000001,3466.444749999997,"('25.13111', '121.49836')"
839,9A9L,2330,8869.97225,-5390.455500000001,3479.51675,"('24.147801', '120.674211')"
450,884D,2330,13195.564000000002,-9670.8175,3524.746500000001,"('22.667748', '120.303634')"
23,103A,2330,5406.655000000002,-1719.823,3686.8320000000012,"('22.635191', '120.316767')"
395,815B,2330,12630.6385,-8916.167,3714.471500000001,"('24.141152', '120.652805')"
625,9352,2330,6040.44525,-2306.2164999999995,3734.22875,"('24.99122', '121.30798')"
393,8159,2330,7376.780500000002,-3524.597,3852.183500000001,"('22.99868', '120.200385')"
9,102C,2330,10535.278,-6654.83225,3880.445750000001,"('25.052266', '121.53176')"
129,5261,2330,8672.68825,-4704.897499999999,3967.79075,"('25.081495', '121.475476')"
856,9A9f,2330,15810.118,-11810.85225,3999.2657499999987,"('24.156736', '120.646221')"
448,884B,2330,10499.138750000002,-6460.740749999999,4038.398000000003,"('24.158814', '120.640248')"
456,8881,2330,10705.022,-6633.9045,4071.1175,"('22.630603', '120.308499')"
30,1043,2330,12217.147749999998,-8117.150750000002,4099.9969999999985,"('25.062513', '121.518513')"
453,884H,2330,8855.64375,-4724.164000000001,4131.47975,"('24.785519', '121.011962')"
653,965K,2330,9440.353000000001,-5250.593999999999,4189.759,"('24.165543', '120.66285')"
785,9896,2330,14382.84425,-10115.219500000003,4267.624749999997,"('22.984661', '120.217928')"
815,989k,2330,11146.37525,-6869.314750000001,4277.060499999999,"('25.023519', '121.525331')"
645,9636,2330,10184.797750000002,-5846.667,4338.130750000002,"('24.965122', '121.225937')"
823,9A8F,2330,25358.988999999998,-21006.12725,4352.86175,"('25.027132', '121.550006')"
441,8843,2330,11254.7845,-6543.670999999999,4711.1135,"('22.637281', '120.339924')"
394,815A,2330,15885.940250000005,-11097.426750000002,4788.513500000001,"('22.613307', '120.305159')"
601,9309,2330,13488.109000000002,-8642.4115,4845.697500000002,"('25.025201', '121.52403')"
328,700S,2330,13398.75575,-8390.86075,5007.895,"('25.056889', '121.512918')"
348,700s,2330,13398.75575,-8390.86075,5007.895,"('22.79729816', '120.29497021')"
546,9218,2330,7965.878500000002,-2732.36,5233.5185,"('25.080817', '121.551601')"
451,884E,2330,12763.336750000002,-7461.455749999999,5301.881000000003,"('25.044271', '121.509641')"
465,888K,2330,22904.34525000001,-17582.248499999998,5322.096750000008,"('25.018991', '121.479063')"
588,9287,2330,8681.029749999998,-3096.19075,5584.838999999997,"('25.080955', '121.570754')"
84,116d,2330,12450.84925,-6849.6105,5601.238750000001,"('24.935931', '121.372253')"
179,5855,2330,10787.0685,-5162.5995,5624.468999999999,"('22.99412', '120.20804')"
825,9A92,2330,14824.817,-9159.481499999998,5665.335500000001,"('25.053853', '121.533258')"
816,989m,2330,11470.27775,-5641.5385000000015,5828.739250000001,"('25.041141', '121.572317')"
330,700V,2330,18092.1025,-12218.9635,5873.139000000001,"('24.808108', '120.967275')"
527,9208,2330,14221.3505,-7694.051750000001,6527.298749999999,"('24.992543', '121.311151')"
391,8157,2330,11142.374500000002,-4473.009249999999,6669.365250000003,"('22.7106', '120.292968')"
813,989g,2330,12728.134999999998,-5053.070999999999,7675.0639999999985,"('23.483404', '120.447283')"
795,989G,2330,12728.134999999998,-5053.070999999999,7675.0639999999985,"('25.052884', '121.518702')"
474,910D,2330,10780.0475,-2869.928,7910.119500000002,"('25.041196', '121.554834')"
157,538D,2330,17075.3935,-8971.086249999997,8104.30725,"('25.043054', '121.529423')"
562,922H,2330,30476.279,-22365.915,8110.364000000001,"('25.053901', '121.544285')"
296,6480,2330,19137.487749999997,-10961.774,8175.713749999992,"('25.045826', '121.518127')"
646,9647,2330,27180.11675,-18999.05375,8181.062999999997,"('24.806303', '120.967901')"
664,9679,2330,23023.668500000003,-14436.37725,8587.291250000002,"('25.037378', '121.555759')"
560,9229,2330,22149.0435,-13455.493,8693.550500000001,"('25.056847', '121.522579')"
463,8888,2330,16500.105,-7786.74075,8713.364249999999,"('25.022095', '121.549115')"
543,9215,2330,28454.8395,-19561.76,8893.079500000002,"('22.661536', '120.289429')"
531,920D,2330,17009.945,-8073.486749999999,8936.45825,"('25.041454', '121.563976')"
378,779c,2330,63334.43474999999,-54107.68300000001,9226.751749999989,"('25.051589', '121.548049')"
651,9658,2330,29130.495749999995,-18757.22825,10373.267499999994,"('25.060052', '121.536538')"
197,585U,2330,21455.473,-9854.1335,11601.339499999998,"('25.05165', '121.544548')"
647,9651,2330,26234.914,-13668.719249999998,12566.194750000002,"('25.057534', '121.547082')"
147,5382,2330,15541.6555,-2808.52425,12733.13125,"('24.14697', '120.663694')"
521,9200,2330,200109.8245,-187121.74925,12988.075249999994,"('25.084536', '121.551163')"
305,7000,2330,85267.12049999999,-70987.5975,14279.522999999985,"('25.043085', '121.530934')"
640,9623,2330,30581.81975,-15102.24975,15479.570000000005,"('25.045723', '121.516952')"
128,5260,2330,28159.313750000016,-12540.074750000002,15619.239000000007,"('25.057712', '121.535666')"
510,918W,2330,22698.60825,-6618.38,16080.22825,"('25.041767', '121.54761')"
544,9216,2330,25303.036750000007,-8607.4475,16695.589250000005,"('25.053901', '121.544285')"
421,8560,2330,54427.374,-35957.674500000016,18469.699499999988,"('25.043636', '121.513058')"
833,9A9D,2330,23352.97475,-4668.1975,18684.77725,"('25.041176', '121.555419')"
854,9A9d,2330,23352.97475,-4668.1975,18684.77725,"('25.030108', '121.517913')"
403,8450,2330,82056.11750000001,-61943.4575,20112.660000000003,"('25.042835', '121.565184')"
334,700a,2330,30501.028,-9541.25775,20959.77025,"('25.041454', '121.563976')"
268,6160,2330,79256.10900000001,-55807.37725,23448.73175000001,"('25.058816', '121.616525')"
13,1030,2330,45968.73675,-21035.62925,24933.1075,"('25.043673', '121.510767')"
387,8150,2330,73725.97725000001,-30827.92075,42898.05650000001,"('25.055228', '121.522496')"
51,1160,2330,111203.44324999998,-65907.34425,45296.09899999999,"('25.05225', '121.533358')"
210,5920,2330,212227.45375,-165993.25299999994,46234.20075000005,"('25.039433', '121.543917')"
438,8840,2330,79596.93724999999,-28539.10775,51057.82949999999,"('25.057431', '121.547657')"
818,9A00,2330,209886.83475,-155644.9125,54241.92225,"('25.046881', '121.513106')"
145,5380,2330,104099.78875,-46601.5275,57498.26125,"('25.0489307', '121.5226866')"
0,1020,2330,92129.88375,-33998.325499999984,58131.55825000003,"('25.0416', '121.556279')"
469,9100,2330,165576.02325000006,-104972.1565,60603.86675000003,"('25.057431', '121.547657')"
114,1560,2330,245353.45125,-180638.74275000003,64714.70849999997,"('25.038787', '121.566065')"
468,8960,2330,383440.64425,-301778.69324999995,81661.95100000006,"('25.034268', '121.561078')"
594,9300,2330,267329.341,-174889.13074999998,92440.21024999996,"('25.057779', '121.551012')"
98,1260,2330,161283.38999999998,-60477.16599999999,100806.224,"('25.032978', '121.553081')"
27,1040,2330,132684.568,-20493.95575,112190.61225,"('25.043947', '121.51306')"
671,9800,2330,510195.05150000006,-376852.1945,133342.85700000002,"('25.052065', '121.543654')"
466,8890,2330,305586.93475,-137698.98300000007,167887.95174999998,"('25.040179', '121.563531')"
107,1360,2330,497781.9865,-307663.86225,190118.12424999996,"('25.047196', '121.543681')"
633,9600,2330,537122.4712500001,-209049.5265,328072.94475,"('25.038216', '121.552262')"
455,8880,2330,967208.9925,-282620.34675,684588.6457499999,"('25.022018', '121.549099')"
