Date,Open,High,Low,Close,Volume,Dividends,Stock Splits
2016-01-04,9.01,9.06,8.65,8.65,43224000,0.0,0
2016-01-05,8.65,8.74,8.56,8.58,34117000,0.0,0
2016-01-06,8.61,8.68,8.52,8.53,45846000,0.0,0
2016-01-07,8.53,8.63,8.4,8.59,53547000,0.0,0
2016-01-08,8.59,8.61,8.48,8.58,36236000,0.0,0
2016-01-11,8.53,8.6,8.42,8.43,33031000,0.0,0
2016-01-12,8.48,8.89,8.46,8.65,87135000,0.0,0
2016-01-13,8.82,8.91,8.75,8.83,44503000,0.0,0
2016-01-14,8.62,8.9,8.62,8.77,32069000,0.0,0
2016-01-15,8.79,8.83,8.43,8.54,47105000,0.0,0
2016-01-18,8.39,8.58,8.39,8.48,37239000,0.0,0
2016-01-19,8.53,8.61,8.48,8.49,23320000,0.0,0
2016-01-20,8.49,8.51,8.26,8.27,47305000,0.0,0
2016-01-21,8.38,8.47,8.32,8.37,32079000,0.0,0
2016-01-22,8.59,8.6,8.37,8.38,22625000,0.0,0
2016-01-25,8.5,8.53,8.43,8.46,26770000,0.0,0
2016-01-26,8.44,8.56,8.42,8.56,43174000,0.0,0
2016-01-27,8.56,8.57,8.42,8.42,33632000,0.0,0
2016-01-28,8.44,8.54,8.43,8.52,29601000,0.0,0
2016-01-29,8.47,8.58,8.34,8.5,48976000,0.0,0
2016-02-01,8.7,8.83,8.66,8.67,39400000,0.0,0
2016-02-02,8.69,8.78,8.56,8.7,42104000,0.0,0
2016-02-03,8.56,8.58,8.41,8.41,55563000,0.0,0
2016-02-15,8.0,8.19,7.93,8.18,66660000,0.0,0
2016-02-16,8.18,8.39,8.18,8.37,36064000,0.0,0
2016-02-17,8.37,8.38,8.16,8.16,41220000,0.0,0
2016-02-18,8.28,8.33,8.22,8.22,38547000,0.0,0
2016-02-19,8.19,8.28,8.19,8.26,28063000,0.0,0
2016-02-22,8.19,8.28,8.08,8.14,36243000,0.0,0
2016-02-23,8.19,8.32,8.15,8.25,56485000,0.0,0
2016-02-24,8.31,8.72,8.3,8.43,83544000,0.0,0
2016-02-25,8.5,9.2,8.44,8.92,203797000,0.0,0
2016-02-26,8.63,8.71,8.57,8.71,86922000,0.0,0
2016-03-01,8.71,8.8,8.67,8.67,54786000,0.0,0
2016-03-02,8.87,9.11,8.82,9.01,93690000,0.0,0
2016-03-03,9.11,9.38,9.11,9.38,98041000,0.0,0
2016-03-04,9.42,9.47,9.24,9.47,86402000,0.0,0
2016-03-07,9.51,9.56,9.24,9.24,67277000,0.0,0
2016-03-08,9.33,10.1,9.24,10.05,145709000,0.0,0
2016-03-09,10.05,10.28,9.78,9.92,144427000,0.0,0
2016-03-10,9.83,10.14,9.74,10.05,93460000,0.0,0
2016-03-11,10.1,10.19,9.96,10.1,75040000,0.0,0
2016-03-14,10.19,10.41,10.14,10.19,91349000,0.0,0
2016-03-15,10.23,10.37,9.74,9.74,119323000,0.0,0
2016-03-16,9.83,10.19,9.83,10.05,85757000,0.0,0
2016-03-17,10.14,10.28,9.74,9.78,82162000,0.0,0
2016-03-18,9.83,10.05,9.78,9.83,79517000,0.0,0
2016-03-21,9.87,10.01,9.69,10.01,47095000,0.0,0
2016-03-22,9.92,9.96,9.74,9.83,42577000,0.0,0
2016-03-23,9.92,10.1,9.83,9.83,65218000,0.0,0
2016-03-24,9.78,9.92,9.65,9.78,49256000,0.0,0
2016-03-25,9.92,9.92,9.74,9.74,21106000,0.0,0
2016-03-28,10.01,10.46,9.96,10.19,136253000,0.0,0
2016-03-29,10.28,10.37,9.87,9.96,103725000,0.0,0
2016-03-30,10.19,10.46,10.14,10.23,150848000,0.0,0
2016-03-31,10.32,10.37,9.92,10.14,108210000,0.0,0
2016-04-01,10.05,10.14,9.96,10.1,39524000,0.0,0
2016-04-06,10.1,10.14,9.92,9.92,47405000,0.0,0
2016-04-07,9.96,10.01,9.65,9.69,66700000,0.0,0
2016-04-08,9.51,10.1,9.51,10.01,109784000,0.0,0
2016-04-11,9.96,10.1,9.87,10.05,42546000,0.0,0
2016-04-12,10.1,10.19,9.87,9.92,50471000,0.0,0
2016-04-13,10.05,10.1,10.01,10.1,33911000,0.0,0
2016-04-14,10.19,10.37,10.05,10.05,66199000,0.0,0
2016-04-15,10.05,10.14,10.01,10.1,29410000,0.0,0
2016-04-18,10.1,10.14,9.96,10.01,24472000,0.0,0
2016-04-19,10.14,10.14,9.92,9.92,30785000,0.0,0
2016-04-20,10.01,10.05,9.78,9.78,34966000,0.0,0
2016-04-21,9.92,10.01,9.74,9.74,30096000,0.0,0
2016-04-22,9.78,9.92,9.74,9.78,30846000,0.0,0
2016-04-25,9.78,9.83,9.6,9.6,23825000,0.0,0
2016-04-26,9.6,9.65,9.38,9.38,43819000,0.0,0
2016-04-27,9.38,9.51,9.29,9.29,36008000,0.0,0
2016-04-28,9.38,9.42,9.01,9.06,47058000,0.0,0
2016-04-29,9.01,9.11,8.93,9.01,42707000,0.0,0
2016-05-03,9.01,9.06,8.83,8.83,37383000,0.0,0
2016-05-04,8.83,8.88,8.56,8.57,44710000,0.0,0
2016-05-05,8.61,8.71,8.56,8.64,29382000,0.0,0
2016-05-06,8.64,8.65,8.48,8.55,27525000,0.0,0
2016-05-09,8.65,8.74,8.56,8.61,26917000,0.0,0
2016-05-10,8.65,8.69,8.59,8.68,20407000,0.0,0
2016-05-11,8.74,8.79,8.56,8.56,25409000,0.0,0
2016-05-12,8.56,8.65,8.56,8.61,15216000,0.0,0
2016-05-13,8.65,8.65,8.2,8.32,44454000,0.0,0
2016-05-16,8.29,8.32,8.14,8.28,31144000,0.0,0
2016-05-17,8.28,8.28,8.15,8.28,36893000,0.0,0
2016-05-18,8.19,8.24,8.16,8.19,33323000,0.0,0
2016-05-19,8.19,8.24,8.16,8.18,24685000,0.0,0
2016-05-20,8.19,8.4,8.14,8.29,49416000,0.0,0
2016-05-23,8.45,8.81,8.41,8.79,80881000,0.0,0
2016-05-24,8.7,8.71,8.52,8.52,52357000,0.0,0
2016-05-25,8.63,8.69,8.57,8.61,50194000,0.0,0
2016-05-26,8.65,8.65,8.58,8.65,19275000,0.0,0
2016-05-27,8.71,8.83,8.67,8.82,48474000,0.0,0
2016-05-30,8.81,8.81,8.67,8.68,29720000,0.0,0
2016-05-31,8.7,8.77,8.66,8.72,41797000,0.0,0
2016-06-01,8.72,9.11,8.72,9.0,79563000,0.0,0
2016-06-02,9.0,9.06,8.79,8.79,36259000,0.0,0
2016-06-03,8.83,8.89,8.71,8.75,30141000,0.0,0
2016-06-06,8.82,9.06,8.79,8.8,48518000,0.0,0
2016-06-07,8.87,8.91,8.79,8.8,27631000,0.0,0
2016-06-08,8.79,8.81,8.67,8.74,44782000,0.0,0
2016-06-13,8.74,8.74,8.43,8.45,40628000,0.0,0
2016-06-14,8.45,8.52,8.43,8.52,24669000,0.0,0
2016-06-15,8.52,8.56,8.34,8.41,33310000,0.0,0
2016-06-16,8.41,8.45,8.28,8.35,31678000,0.0,0
2016-06-17,8.4,8.49,8.34,8.37,56894000,0.0,0
2016-06-20,8.58,8.6,8.52,8.59,43204000,0.0,0
2016-06-21,8.59,8.63,8.56,8.61,25725000,0.0,0
2016-06-22,8.65,8.69,8.58,8.65,23104000,0.0,0
2016-06-23,8.7,8.72,8.63,8.63,22949000,0.0,0
2016-06-24,8.65,8.73,8.33,8.45,54778000,0.0,0
2016-06-27,8.39,8.58,8.39,8.57,22979000,0.0,0
2016-06-28,8.53,8.7,8.49,8.66,1828000,0.0,0
2016-06-29,8.92,9.47,8.91,9.47,193987000,0.0,0
2016-06-30,9.65,9.96,9.47,9.74,221337000,0.0,0
2016-07-01,10.01,10.1,9.65,9.69,104873000,0.0,0
2016-07-04,9.74,9.92,9.65,9.87,55715000,0.0,0
2016-07-05,9.83,9.96,9.74,9.92,58353000,0.0,0
2016-07-06,9.83,9.83,9.56,9.65,51368000,0.0,0
2016-07-07,9.78,9.92,9.69,9.83,79590000,0.0,0
2016-07-08,9.83,9.83,9.83,9.83,0,0.0,0
2016-07-11,10.01,10.01,9.73,9.73,84225000,0.199999,0
2016-07-12,9.83,9.83,9.64,9.69,56171000,0.0,0
2016-07-13,9.73,9.83,9.64,9.73,75771000,0.0,0
2016-07-14,9.73,9.92,9.69,9.83,48577000,0.0,0
2016-07-15,9.83,9.92,9.78,9.83,41965000,0.0,0
2016-07-18,9.92,10.1,9.87,10.01,73796000,0.0,0
2016-07-19,10.19,10.56,10.15,10.56,208110000,0.0,0
2016-07-20,10.47,10.56,10.33,10.33,96542000,0.0,0
2016-07-21,10.52,11.07,10.52,10.79,230975000,0.0,0
2016-07-22,10.88,11.02,10.61,10.93,120252000,0.0,0
2016-07-25,11.02,11.11,10.47,10.65,116181000,0.0,0
2016-07-26,10.65,10.79,10.52,10.74,51453000,0.0,0
2016-07-27,10.84,11.02,10.74,10.88,99826000,0.0,0
2016-07-28,11.2,11.34,10.97,11.02,127054000,0.0,0
2016-07-29,10.88,10.93,10.65,10.84,98000000,0.0,0
2016-08-01,10.74,10.84,10.7,10.84,59641000,0.0,0
2016-08-02,10.93,10.97,10.84,10.88,59579000,0.0,0
2016-08-03,10.74,10.79,10.61,10.74,85635000,0.0,0
2016-08-04,10.74,10.93,10.65,10.88,52768000,0.0,0
2016-08-05,10.88,11.02,10.79,10.97,60893000,0.0,0
2016-08-08,11.25,11.3,11.07,11.16,75743000,0.0,0
2016-08-09,11.16,11.16,10.93,11.02,37080000,0.0,0
2016-08-10,10.97,11.02,10.74,10.84,49612000,0.0,0
2016-08-11,10.79,10.84,10.47,10.61,70523000,0.0,0
2016-08-12,10.7,10.74,10.47,10.52,43230000,0.0,0
2016-08-15,10.56,10.61,10.38,10.42,34619000,0.0,0
2016-08-16,10.52,10.84,10.47,10.7,60004000,0.0,0
2016-08-17,10.7,10.74,10.33,10.42,41105000,0.0,0
2016-08-18,10.42,10.52,10.29,10.52,43467000,0.0,0
2016-08-19,10.7,10.93,10.65,10.7,81699000,0.0,0
2016-08-22,10.88,10.88,10.56,10.65,50151000,0.0,0
2016-08-23,10.65,10.79,10.56,10.7,41917000,0.0,0
2016-08-24,10.79,10.84,10.52,10.61,48862000,0.0,0
2016-08-25,10.7,10.88,10.65,10.79,79096000,0.0,0
2016-08-26,10.79,10.79,10.65,10.65,39258000,0.0,0
2016-08-29,10.65,10.7,10.38,10.47,48362000,0.0,0
2016-08-30,10.56,10.61,10.42,10.47,33567000,0.0,0
2016-08-31,10.52,10.56,10.19,10.29,67502000,0.0,0
2016-09-01,10.19,10.24,10.01,10.1,44548000,0.0,0
2016-09-02,10.06,10.15,9.73,9.83,56718000,0.0,0
2016-09-05,10.06,10.29,10.01,10.24,48257000,0.0,0
2016-09-06,10.24,10.33,10.15,10.19,37503000,0.0,0
2016-09-07,10.33,10.33,10.19,10.29,22841000,0.0,0
2016-09-08,10.15,10.24,10.01,10.15,49873000,0.0,0
2016-09-09,10.1,10.15,10.01,10.01,33677000,0.0,0
2016-09-12,9.73,9.87,9.55,9.6,65219000,0.0,0
2016-09-13,9.78,9.87,9.6,9.64,64475000,0.0,0
2016-09-14,9.64,9.73,9.55,9.6,39833000,0.0,0
2016-09-19,9.69,9.83,9.69,9.78,29243000,0.0,0
2016-09-20,9.78,10.1,9.73,10.01,66654000,0.0,0
2016-09-21,10.19,10.29,10.06,10.1,70974000,0.0,0
2016-09-22,10.24,10.24,9.96,9.96,38016000,0.0,0
2016-09-23,10.06,10.15,9.96,10.01,32910000,0.0,0
2016-09-26,9.96,9.96,9.78,9.83,24676000,0.0,0
2016-09-27,9.83,9.83,9.83,9.83,0,0.0,0
2016-09-28,9.83,9.83,9.83,9.83,0,0.0,0
2016-09-29,9.92,9.92,9.78,9.87,25781000,0.0,0
2016-09-30,9.78,9.78,9.64,9.73,29207000,0.0,0
2016-10-03,9.83,10.1,9.78,10.01,72449000,0.0,0
2016-10-04,10.01,10.06,9.92,9.96,34179000,0.0,0
2016-10-05,9.87,10.01,9.87,9.96,20930000,0.0,0
2016-10-06,10.06,10.19,10.01,10.1,46186000,0.0,0
2016-10-07,10.06,10.06,9.78,9.83,54681000,0.0,0
2016-10-11,9.92,9.96,9.55,9.64,46756000,0.0,0
2016-10-12,9.64,9.73,9.46,9.73,41208000,0.0,0
2016-10-13,9.69,9.73,9.55,9.64,36705000,0.0,0
2016-10-14,9.64,9.69,9.55,9.64,27675000,0.0,0
2016-10-17,9.64,9.73,9.6,9.6,21665000,0.0,0
2016-10-18,9.64,9.69,9.6,9.64,22570000,0.0,0
2016-10-19,9.69,9.83,9.64,9.73,39509000,0.0,0
2016-10-20,9.83,9.83,9.69,9.73,22596000,0.0,0
2016-10-21,9.83,10.1,9.83,10.01,87018000,0.0,0
2016-10-24,10.15,10.24,10.06,10.1,47575000,0.0,0
2016-10-25,10.19,10.33,10.15,10.29,70133000,0.0,0
2016-10-26,10.29,10.33,10.19,10.33,36957000,0.0,0
2016-10-27,10.42,10.47,10.15,10.15,42452000,0.0,0
2016-10-28,10.19,10.24,9.87,9.96,46888000,0.0,0
2016-10-31,9.92,9.96,9.73,9.78,56005000,0.0,0
2016-11-01,9.87,10.15,9.83,10.15,74917000,0.0,0
2016-11-02,10.06,10.24,10.06,10.19,61885000,0.0,0
2016-11-03,10.19,10.24,10.01,10.06,41155000,0.0,0
2016-11-04,10.24,10.38,10.15,10.24,73382000,0.0,0
2016-11-07,10.33,10.38,10.24,10.29,38896000,0.0,0
2016-11-08,10.38,10.47,10.33,10.33,53847000,0.0,0
2016-11-09,10.38,10.42,9.78,9.83,98192000,0.0,0
2016-11-10,10.15,10.24,10.06,10.15,48164000,0.0,0
2016-11-11,10.01,10.06,9.83,10.06,50390000,0.0,0
2016-11-14,10.06,10.06,9.87,9.87,34125000,0.0,0
2016-11-15,9.92,10.1,9.87,9.92,43097000,0.0,0
2016-11-16,10.06,10.1,9.92,9.92,33941000,0.0,0
2016-11-17,9.92,10.1,9.87,10.06,43235000,0.0,0
2016-11-18,10.06,10.1,9.96,10.06,35027000,0.0,0
2016-11-21,10.1,10.33,10.1,10.24,60978000,0.0,0
2016-11-22,10.24,10.29,10.1,10.1,48803000,0.0,0
2016-11-23,10.15,10.24,10.06,10.1,35946000,0.0,0
2016-11-24,10.1,10.15,9.96,10.01,29004000,0.0,0
2016-11-25,10.01,10.1,9.92,9.92,26566000,0.0,0
2016-11-28,10.01,10.06,9.92,9.92,20846000,0.0,0
2016-11-29,9.96,10.15,9.92,10.06,61843000,0.0,0
2016-11-30,10.06,10.1,9.96,10.1,46573000,0.0,0
2016-12-01,10.06,10.15,10.01,10.06,30724000,0.0,0
2016-12-02,9.96,10.01,9.87,9.92,33150000,0.0,0
2016-12-05,9.92,10.1,9.87,10.1,36471000,0.0,0
2016-12-06,10.15,10.15,10.01,10.1,40726000,0.0,0
2016-12-07,10.24,10.42,10.15,10.42,113492000,0.0,0
2016-12-08,10.47,10.61,10.42,10.47,85944000,0.0,0
2016-12-09,10.52,10.52,10.29,10.33,45600000,0.0,0
2016-12-12,10.38,10.52,10.29,10.38,45786000,0.0,0
2016-12-13,10.33,10.47,10.29,10.33,33830000,0.0,0
2016-12-14,10.38,10.42,10.33,10.38,47637000,0.0,0
2016-12-15,10.42,10.65,10.33,10.61,81510000,0.0,0
2016-12-16,10.7,10.79,10.56,10.61,68760000,0.0,0
2016-12-19,10.61,10.7,10.47,10.52,36305000,0.0,0
2016-12-20,10.56,10.7,10.52,10.65,36585000,0.0,0
2016-12-21,10.74,10.93,10.74,10.84,85632000,0.0,0
2016-12-22,10.84,10.93,10.74,10.79,48165000,0.0,0
2016-12-23,10.79,10.93,10.7,10.7,44092000,0.0,0
2016-12-26,10.74,10.79,10.61,10.65,18496000,0.0,0
2016-12-27,10.7,10.74,10.56,10.56,20020000,0.0,0
2016-12-28,10.61,10.74,10.61,10.7,34062000,0.0,0
2016-12-29,10.65,10.7,10.56,10.61,30596000,0.0,0
2016-12-30,10.61,10.7,10.56,10.65,35696000,0.0,0
2017-01-03,10.74,11.11,10.7,11.11,131787000,0.0,0
2017-01-04,11.16,11.3,11.07,11.16,95263000,0.0,0
2017-01-05,11.2,11.57,11.11,11.53,129916000,0.0,0
2017-01-06,11.57,11.94,11.57,11.89,126866000,0.0,0
2017-01-09,12.08,12.17,11.75,11.8,110614000,0.0,0
2017-01-10,11.94,11.98,11.66,11.75,72585000,0.0,0
2017-01-11,11.85,11.89,11.71,11.71,48545000,0.0,0
2017-01-12,11.75,11.94,11.71,11.8,80930000,0.0,0
2017-01-13,11.8,11.94,11.71,11.94,65867000,0.0,0
2017-01-16,11.98,11.98,11.71,11.75,54936000,0.0,0
2017-01-17,11.75,11.85,11.71,11.8,24378000,0.0,0
2017-01-18,11.8,12.21,11.75,12.12,109423000,0.0,0
2017-01-19,12.08,12.12,11.98,12.08,58493000,0.0,0
2017-01-20,12.08,12.21,11.98,12.03,52229000,0.0,0
2017-01-23,12.12,12.12,11.94,12.03,53473000,0.0,0
2017-01-24,11.98,12.12,11.94,12.12,58298000,0.0,0
2017-02-02,12.35,13.04,12.26,13.04,175763000,0.0,0
2017-02-03,13.04,13.04,12.63,12.81,87486000,0.0,0
2017-02-06,12.9,12.99,12.67,12.77,83928000,0.0,0
2017-02-07,12.67,12.72,12.35,12.44,77389000,0.0,0
2017-02-08,12.4,12.4,11.89,11.98,132178000,0.0,0
2017-02-09,11.98,12.26,11.75,12.26,95037000,0.0,0
2017-02-10,12.35,12.35,11.94,11.94,86899000,0.0,0
2017-02-13,12.03,12.08,11.16,11.34,200531000,0.0,0
2017-02-14,11.2,11.43,11.16,11.3,81255000,0.0,0
2017-02-15,11.39,11.57,11.39,11.48,93171000,0.0,0
2017-02-16,11.62,11.62,11.43,11.53,70340000,0.0,0
2017-02-17,11.53,11.53,11.34,11.39,34236000,0.0,0
2017-02-20,11.39,11.43,11.2,11.2,36933000,0.0,0
2017-02-21,11.3,11.43,11.3,11.39,41528000,0.0,0
2017-02-22,11.53,11.66,11.48,11.48,86903000,0.0,0
2017-02-23,11.53,11.53,11.3,11.34,61851000,0.0,0
2017-02-24,11.39,11.48,11.3,11.48,34127000,0.0,0
2017-03-01,11.57,11.62,11.2,11.2,55754000,0.0,0
2017-03-02,11.34,11.39,11.2,11.34,36172000,0.0,0
2017-03-03,11.3,11.34,11.11,11.25,52543000,0.0,0
2017-03-06,11.34,11.39,11.25,11.25,36627000,0.0,0
2017-03-07,11.3,11.43,11.25,11.43,26617000,0.0,0
2017-03-08,11.43,11.43,11.34,11.43,29441000,0.0,0
2017-03-09,11.48,11.48,11.25,11.25,47021000,0.0,0
2017-03-10,11.3,11.3,11.02,11.11,55218000,0.0,0
2017-03-13,11.07,11.16,10.93,10.97,41365000,0.0,0
2017-03-14,11.02,11.3,10.97,11.16,54790000,0.0,0
2017-03-15,11.16,11.34,11.16,11.16,30611000,0.0,0
2017-03-16,11.25,11.34,11.2,11.3,30799000,0.0,0
2017-03-17,11.34,11.39,11.2,11.3,40662000,0.0,0
2017-03-20,11.34,11.39,11.25,11.3,25090000,0.0,0
2017-03-21,11.34,11.39,11.3,11.34,29444000,0.0,0
2017-03-22,11.2,11.25,11.11,11.2,39256000,0.0,0
2017-03-23,11.2,11.3,11.16,11.2,35438000,0.0,0
2017-03-24,11.25,11.3,11.02,11.02,56948000,0.0,0
2017-03-27,10.97,11.11,10.93,11.02,34117000,0.0,0
2017-03-28,11.11,11.16,10.97,11.11,52605000,0.0,0
2017-03-29,11.43,11.89,11.43,11.85,240652000,0.0,0
2017-03-30,11.71,11.75,11.48,11.48,89736000,0.0,0
2017-03-31,11.57,11.71,11.48,11.53,85336000,0.0,0
2017-04-05,11.62,11.71,11.53,11.62,57552000,0.0,0
2017-04-06,11.66,11.66,11.39,11.57,52373000,0.0,0
2017-04-07,11.66,11.98,11.43,11.98,125796000,0.0,0
2017-04-10,12.21,12.81,12.21,12.72,244387000,0.0,0
2017-04-11,12.54,12.67,12.26,12.31,148538000,0.0,0
2017-04-12,12.49,13.27,12.4,13.09,295173000,0.0,0
2017-04-13,13.13,13.59,12.95,13.04,292506000,0.0,0
2017-04-14,12.9,13.27,12.81,13.04,165451000,0.0,0
2017-04-17,13.68,13.96,13.27,13.5,234277000,0.0,0
2017-04-18,13.68,13.68,13.36,13.59,131649000,0.0,0
2017-04-19,13.59,13.91,13.36,13.36,192772000,0.0,0
2017-04-20,13.32,13.45,12.86,12.95,161524000,0.0,0
2017-04-21,13.13,13.18,12.72,12.86,117827000,0.0,0
2017-04-24,12.86,12.95,12.49,12.54,93788000,0.0,0
2017-04-25,12.63,13.45,12.63,13.45,189204000,0.0,0
2017-04-26,13.5,13.5,13.18,13.32,116972000,0.0,0
2017-04-27,13.36,13.45,12.9,12.99,147042000,0.0,0
2017-04-28,13.13,13.22,12.86,12.95,156568000,0.0,0
2017-05-02,13.04,13.22,12.9,13.18,107399000,0.0,0
2017-05-03,13.22,13.27,12.99,13.04,62341000,0.0,0
2017-05-04,13.09,13.45,12.99,13.41,121052000,0.0,0
2017-05-05,13.27,13.36,13.09,13.09,79330000,0.0,0
2017-05-08,13.13,13.18,12.54,12.63,162594000,0.0,0
2017-05-09,12.35,12.4,11.98,12.03,197470000,0.0,0
2017-05-10,12.08,12.35,12.08,12.26,117519000,0.0,0
2017-05-11,12.54,12.63,11.89,11.89,342221000,0.0,0
2017-05-12,11.85,12.12,11.8,11.85,155771000,0.0,0
2017-05-15,11.94,12.03,11.89,11.94,60103000,0.0,0
2017-05-16,11.98,12.08,11.89,12.08,124111000,0.0,0
2017-05-17,12.08,12.12,11.85,11.94,97527000,0.0,0
2017-05-18,11.71,11.98,11.71,11.85,91788000,0.0,0
2017-05-19,12.31,12.54,12.26,12.35,312470000,0.0,0
2017-05-22,12.26,12.31,12.03,12.08,138909000,0.0,0
2017-05-23,12.17,12.4,12.17,12.4,143473000,0.0,0
2017-05-24,12.44,12.58,12.4,12.54,120332000,0.0,0
2017-05-25,12.58,12.63,12.49,12.58,77127000,0.0,0
2017-05-26,12.54,12.54,12.31,12.44,73773000,0.0,0
2017-05-31,12.54,12.63,12.4,12.49,81469000,0.0,0
2017-06-01,12.49,12.63,12.49,12.54,54759000,0.0,0
2017-06-02,12.63,12.67,12.54,12.63,62566000,0.0,0
2017-06-05,12.63,13.13,12.58,13.09,153610000,0.0,0
2017-06-06,13.18,13.41,13.13,13.18,149325000,0.0,0
2017-06-07,13.27,13.45,13.13,13.22,114629000,0.0,0
2017-06-08,13.27,13.32,12.99,12.99,94861000,0.0,0
2017-06-09,12.95,13.04,12.67,12.67,117427000,0.0,0
2017-06-12,12.63,12.9,12.49,12.9,54991000,0.0,0
2017-06-13,12.9,12.95,12.67,12.67,62400000,0.0,0
2017-06-14,12.81,12.86,12.44,12.54,77829000,0.0,0
2017-06-15,12.63,12.9,12.49,12.9,73688000,0.0,0
2017-06-16,12.99,13.18,12.99,13.04,143222000,0.0,0
2017-06-19,13.13,13.27,13.09,13.13,84146000,0.0,0
2017-06-20,13.22,13.36,13.18,13.22,97920000,0.0,0
2017-06-21,13.22,13.82,13.22,13.78,304243000,0.0,0
2017-06-22,13.91,14.0,13.78,13.82,156393000,0.0,0
2017-06-23,13.87,14.14,13.82,14.0,138476000,0.0,0
2017-06-26,14.23,14.69,14.23,14.69,231191000,0.0,0
2017-06-27,14.83,14.92,14.51,14.65,219270000,0.0,0
2017-06-28,15.15,15.29,14.33,14.33,258865000,0.0,0
2017-06-29,14.51,14.65,14.1,14.19,151235000,0.0,0
2017-06-30,14.14,14.6,14.05,14.6,165031000,0.0,0
2017-07-03,14.69,15.01,14.6,14.97,139784000,0.0,0
2017-07-04,14.92,14.97,14.56,14.56,123760000,0.0,0
2017-07-05,14.65,14.79,14.46,14.79,78906000,0.0,0
2017-07-06,14.79,14.79,14.56,14.56,79768000,0.0,0
2017-07-07,14.42,14.46,14.14,14.14,106263000,0.0,0
2017-07-10,14.23,14.37,14.05,14.1,87357000,0.0,0
2017-07-11,14.28,14.56,14.24,14.56,95812000,0.1,0
2017-07-12,14.61,14.79,14.61,14.61,72512000,0.0,0
2017-07-13,14.42,14.51,14.1,14.1,183025000,0.0,0
2017-07-14,13.91,14.1,13.82,13.96,125515000,0.0,0
2017-07-17,14.1,14.1,13.77,13.82,83709000,0.0,0
2017-07-18,13.91,14.37,13.87,14.33,117219000,0.0,0
2017-07-19,14.37,14.47,14.24,14.37,103288000,0.0,0
2017-07-20,14.0,14.1,13.63,13.68,215629000,0.0,0
2017-07-21,13.54,13.68,13.36,13.59,175080000,0.0,0
2017-07-24,13.59,13.68,13.45,13.63,81121000,0.0,0
2017-07-25,13.63,13.91,13.59,13.77,120300000,0.0,0
2017-07-26,13.77,13.82,13.4,13.45,124149000,0.0,0
2017-07-27,13.77,13.96,13.77,13.82,181858000,0.0,0
2017-07-28,13.68,13.73,13.5,13.5,88471000,0.0,0
2017-07-31,13.54,13.63,13.4,13.63,65924000,0.0,0
2017-08-01,13.63,13.77,13.5,13.54,73405000,0.0,0
2017-08-02,13.54,13.59,13.4,13.45,66496000,0.0,0
2017-08-03,13.4,13.45,13.26,13.31,68056000,0.0,0
2017-08-04,13.31,13.59,13.22,13.5,89770000,0.0,0
2017-08-07,13.36,13.45,13.26,13.26,84471000,0.0,0
2017-08-08,13.31,13.45,13.26,13.26,74606000,0.0,0
2017-08-09,13.26,13.31,12.89,12.89,143142000,0.0,0
2017-08-10,12.85,12.99,12.53,12.57,173899000,0.0,0
2017-08-11,12.62,13.13,12.62,13.08,144677000,0.0,0
2017-08-14,13.08,13.08,12.71,12.71,73364000,0.0,0
2017-08-15,13.03,13.08,12.85,12.94,99003000,0.0,0
2017-08-16,12.71,12.94,12.66,12.85,59851000,0.0,0
2017-08-17,12.89,13.03,12.76,12.99,91864000,0.0,0
2017-08-18,12.8,12.89,12.8,12.85,43657000,0.0,0
2017-08-21,12.85,13.08,12.85,13.03,50480482,0.0,0
2017-08-22,13.26,13.4,13.17,13.4,121173128,0.0,0
2017-08-23,13.5,13.54,13.22,13.22,88689212,0.0,0
2017-08-24,13.26,13.36,13.22,13.22,55832017,0.0,0
2017-08-25,13.36,13.4,13.26,13.31,41880640,0.0,0
2017-08-28,13.4,13.54,13.4,13.4,64887965,0.0,0
2017-08-29,13.4,13.4,13.22,13.26,44439136,0.0,0
2017-08-30,13.31,13.59,13.22,13.59,111430504,0.0,0
2017-08-31,13.63,13.82,13.54,13.59,128742256,0.0,0
2017-09-01,13.59,13.63,13.4,13.45,67810306,0.0,0
2017-09-04,13.4,13.45,13.22,13.26,50472384,0.0,0
2017-09-05,13.4,13.5,13.31,13.4,60021108,0.0,0
2017-09-06,13.31,13.45,13.13,13.17,69297653,0.0,0
2017-09-07,13.36,13.4,13.03,13.17,65221250,0.0,0
2017-09-08,13.26,13.54,13.22,13.36,92969822,0.0,0
2017-09-11,13.45,13.5,13.13,13.17,55093516,0.0,0
2017-09-12,13.26,13.31,13.13,13.13,48341931,0.0,0
2017-09-13,13.17,13.36,13.13,13.26,52493365,0.0,0
2017-09-14,13.31,13.36,13.26,13.31,50264180,0.0,0
2017-09-15,13.36,13.4,13.26,13.36,53790302,0.0,0
2017-09-18,13.54,14.24,13.54,14.19,329930886,0.0,0
2017-09-19,14.14,14.24,13.68,13.68,201058227,0.0,0
2017-09-20,13.59,13.82,13.5,13.63,118607977,0.0,0
2017-09-21,13.68,13.77,13.59,13.73,83716164,0.0,0
2017-09-22,13.77,13.77,13.4,13.45,76165784,0.0,0
2017-09-25,13.5,13.54,13.22,13.22,54192798,0.0,0
2017-09-26,13.26,13.36,12.94,12.99,67080312,0.0,0
2017-09-27,13.08,13.22,13.03,13.03,51777816,0.0,0
2017-09-28,13.17,13.22,12.94,12.99,69235534,0.0,0
2017-09-29,13.03,13.13,12.85,13.08,72469709,0.0,0
2017-10-02,13.13,13.26,13.13,13.22,51441634,0.0,0
2017-10-03,13.26,13.31,13.08,13.08,49332800,0.0,0
2017-10-05,13.17,13.31,13.13,13.17,53427848,0.0,0
2017-10-06,13.22,13.26,13.08,13.17,39484029,0.0,0
2017-10-11,12.66,12.99,12.66,12.99,127551536,0.0,0
2017-10-12,12.99,12.99,12.85,12.85,57277692,0.0,0
2017-10-13,12.89,13.08,12.89,12.89,63146604,0.0,0
2017-10-16,12.94,13.03,12.89,12.94,56071624,0.0,0
2017-10-17,12.99,13.03,12.8,12.85,46382356,0.0,0
2017-10-18,12.89,12.94,12.76,12.76,58415769,0.0,0
2017-10-19,12.8,13.03,12.76,12.94,68481099,0.0,0
2017-10-20,12.94,13.03,12.85,13.03,59063739,0.0,0
2017-10-23,13.03,13.08,12.85,12.85,45165662,0.0,0
2017-10-24,12.76,12.8,12.66,12.66,76078150,0.0,0
2017-10-25,12.71,12.85,12.66,12.71,55856607,0.0,0
2017-10-26,12.76,12.85,12.66,12.66,84870614,0.0,0
2017-10-27,12.66,12.71,12.48,12.48,96642394,0.0,0
2017-10-30,12.57,12.62,12.43,12.48,49898225,0.0,0
2017-10-31,12.43,12.43,12.2,12.2,107366276,0.0,0
2017-11-01,12.2,12.39,12.11,12.29,101407248,0.0,0
2017-11-02,12.25,12.39,12.06,12.06,81098606,0.0,0
2017-11-03,12.11,12.2,12.02,12.16,59381866,0.0,0
2017-11-06,12.2,12.2,12.06,12.16,46591056,0.0,0
2017-11-07,12.11,12.16,12.02,12.06,58092581,0.0,0
2017-11-08,12.02,12.06,11.88,11.88,78058224,0.0,0
2017-11-09,11.88,12.11,11.79,11.92,99664539,0.0,0
2017-11-10,11.88,11.92,11.79,11.83,42313401,0.0,0
2017-11-13,11.83,11.97,11.79,11.88,40918814,0.0,0
2017-11-14,11.88,12.16,11.88,12.02,71734280,0.0,0
2017-11-15,12.16,12.25,12.11,12.16,61031582,0.0,0
2017-11-16,12.2,12.39,12.16,12.29,93181317,0.0,0
2017-11-17,12.39,12.43,12.16,12.2,67644589,0.0,0
2017-11-20,12.25,12.34,12.2,12.2,34446030,0.0,0
2017-11-21,12.25,12.34,12.25,12.29,39181686,0.0,0
2017-11-22,12.39,12.71,12.34,12.57,164264601,0.0,0
2017-11-23,12.62,12.66,12.43,12.53,46076037,0.0,0
2017-11-24,12.48,12.71,12.48,12.53,90056607,0.0,0
2017-11-27,12.53,12.62,12.2,12.25,70974670,0.0,0
2017-11-28,12.25,12.43,12.2,12.39,64772265,0.0,0
2017-11-29,12.43,12.57,12.34,12.39,77040989,0.0,0
2017-11-30,12.29,12.29,12.06,12.11,97247994,0.0,0
2017-12-01,12.11,12.16,11.92,11.97,52778439,0.0,0
2017-12-04,11.97,12.16,11.88,12.02,42371344,0.0,0
2017-12-05,11.97,12.16,11.97,12.11,45652264,0.0,0
2017-12-06,12.16,12.25,11.92,11.97,72141664,0.0,0
2017-12-07,11.83,11.92,11.55,11.6,137986154,0.0,0
2017-12-08,11.6,11.65,11.32,11.37,103198136,0.0,0
2017-12-11,11.55,11.74,11.46,11.74,46262967,0.0,0
2017-12-12,11.74,11.74,11.55,11.55,33834507,0.0,0
2017-12-13,11.55,11.6,11.46,11.6,39468782,0.0,0
2017-12-14,11.6,11.69,11.51,11.55,46561291,0.0,0
2017-12-15,11.55,11.55,11.37,11.51,44315738,0.0,0
2017-12-18,11.55,11.55,11.46,11.51,22645859,0.0,0
2017-12-19,11.51,11.55,11.37,11.37,38808504,0.0,0
2017-12-20,11.37,11.55,11.32,11.42,42778422,0.0,0
2017-12-21,11.46,11.51,11.42,11.51,23654806,0.0,0
2017-12-22,11.55,11.6,11.51,11.55,21517403,0.0,0
2017-12-25,11.6,11.65,11.55,11.55,17126959,0.0,0
2017-12-26,11.55,11.65,11.42,11.46,21282379,0.0,0
2017-12-27,11.51,11.51,11.42,11.46,18222171,0.0,0
2017-12-28,11.51,11.69,11.51,11.55,44166894,0.0,0
2017-12-29,11.6,11.6,11.42,11.46,36306347,0.0,0
2018-01-02,11.42,11.55,11.42,11.51,22983100,0.0,0
2018-01-03,11.55,11.65,11.51,11.51,37693598,0.0,0
2018-01-04,11.6,11.74,11.55,11.55,95889713,0.0,0
2018-01-05,11.6,11.65,11.51,11.51,46015592,0.0,0
2018-01-08,11.6,11.65,11.46,11.55,45523889,0.0,0
2018-01-09,11.6,11.65,11.42,11.42,64804321,0.0,0
2018-01-10,11.51,11.55,11.42,11.46,47380068,0.0,0
2018-01-11,11.51,11.55,11.46,11.46,21939561,0.0,0
2018-01-12,11.55,12.02,11.51,12.02,197480475,0.0,0
2018-01-15,12.2,12.29,12.16,12.16,99335074,0.0,0
2018-01-16,12.25,12.71,12.11,12.71,212341357,0.0,0
2018-01-17,12.8,13.03,12.8,12.99,248908247,0.0,0
2018-01-18,13.13,13.17,12.85,12.89,158101481,0.0,0
2018-01-19,13.03,13.13,12.94,13.13,105493187,0.0,0
2018-01-22,13.26,13.63,13.22,13.5,246948916,0.0,0
2018-01-23,13.54,13.63,13.08,13.13,171141107,0.0,0
2018-01-24,13.31,13.63,13.13,13.31,184926534,0.0,0
2018-01-25,13.4,13.54,13.17,13.17,141149588,0.0,0
2018-01-26,13.26,13.4,13.13,13.4,78185800,0.0,0
2018-01-29,13.5,13.5,13.22,13.26,66732159,0.0,0
2018-01-30,13.17,13.17,12.71,12.8,137424113,0.0,0
2018-01-31,12.66,12.85,12.53,12.71,99060148,0.0,0
2018-02-01,12.71,12.71,12.53,12.53,59475329,0.0,0
2018-02-02,12.53,12.76,12.48,12.66,51339164,0.0,0
2018-02-05,12.29,12.48,12.29,12.39,53884153,0.0,0
2018-02-06,12.06,12.16,11.51,11.79,159362694,0.0,0
2018-02-07,12.11,12.25,12.06,12.11,95375361,0.0,0
2018-02-08,12.16,12.62,12.11,12.48,110390241,0.0,0
2018-02-09,11.92,12.29,11.92,12.25,99611219,0.0,0
2018-02-12,12.34,12.34,12.06,12.11,96702525,0.0,0
2018-02-21,12.29,12.34,12.06,12.06,134902784,0.0,0
2018-02-22,11.97,12.06,11.92,11.92,68354401,0.0,0
2018-02-23,11.97,12.06,11.92,12.02,64208154,0.0,0
2018-02-26,12.02,12.06,11.92,11.97,43066134,0.0,0
2018-02-27,12.06,12.06,11.92,12.02,51757951,0.0,0
2018-03-01,11.92,11.97,11.83,11.92,54923407,0.0,0
2018-03-02,11.88,11.92,11.79,11.83,37016518,0.0,0
2018-03-05,11.83,11.92,11.79,11.79,35781911,0.0,0
2018-03-06,11.88,11.92,11.79,11.83,24746513,0.0,0
2018-03-07,11.79,11.88,11.74,11.74,45161378,0.0,0
2018-03-08,11.79,12.25,11.79,12.16,120838809,0.0,0
2018-03-09,12.06,12.2,12.02,12.02,87841823,0.0,0
2018-03-12,12.02,12.11,11.88,11.97,70940870,0.0,0
2018-03-13,11.97,12.02,11.92,11.97,36888540,0.0,0
2018-03-14,11.92,12.11,11.88,11.97,60054163,0.0,0
2018-03-15,11.97,12.06,11.92,12.02,41465353,0.0,0
2018-03-16,12.02,12.11,11.97,12.11,51803054,0.0,0
2018-03-19,12.11,12.29,12.06,12.16,77862530,0.0,0
2018-03-20,12.11,12.25,12.06,12.25,81453646,0.0,0
2018-03-21,12.16,12.25,12.06,12.06,78807155,0.0,0
2018-03-22,12.11,12.16,11.92,11.97,53124518,0.0,0
2018-03-23,11.74,11.83,11.69,11.79,44602992,0.0,0
2018-03-26,11.83,11.97,11.79,11.83,52713112,0.0,0
2018-03-27,11.97,11.97,11.88,11.92,30297935,0.0,0
2018-03-28,11.88,11.92,11.83,11.92,24817190,0.0,0
2018-03-29,11.97,11.97,11.79,11.79,44850396,0.0,0
2018-03-30,11.83,12.16,11.83,12.16,70928117,0.0,0
2018-04-02,12.2,12.29,12.11,12.16,67438874,0.0,0
2018-04-03,12.06,12.11,11.97,12.02,35450531,0.0,0
2018-04-09,12.02,12.02,11.83,11.88,50542360,0.0,0
2018-04-10,11.83,11.88,11.74,11.74,54440093,0.0,0
2018-04-11,11.83,11.88,11.6,11.65,64851039,0.0,0
2018-04-12,11.65,11.74,11.55,11.6,37178403,0.0,0
2018-04-13,11.69,11.69,11.6,11.6,19073794,0.0,0
2018-04-16,11.51,11.51,11.09,11.09,104500142,0.0,0
2018-04-17,11.09,11.14,10.63,10.68,140383010,0.0,0
2018-04-18,10.82,10.91,10.72,10.82,45022343,0.0,0
2018-04-19,10.91,11.23,10.86,11.18,61386934,0.0,0
2018-04-20,11.0,11.05,10.86,10.86,44814006,0.0,0
2018-04-23,10.77,10.82,10.63,10.63,42638001,0.0,0
2018-04-24,10.72,10.72,10.31,10.4,62517298,0.0,0
2018-04-25,10.31,10.45,10.26,10.45,40501568,0.0,0
2018-04-26,10.4,10.49,9.98,10.08,108128450,0.0,0
2018-04-27,10.21,10.4,10.17,10.26,57210990,0.0,0
2018-04-30,10.35,10.35,10.21,10.26,27282243,0.0,0
2018-05-02,10.31,10.31,10.17,10.21,32507383,0.0,0
2018-05-03,10.12,10.26,10.12,10.21,31976675,0.0,0
2018-05-04,10.21,10.45,10.17,10.31,49641786,0.0,0
2018-05-07,10.35,10.35,10.21,10.21,31401899,0.0,0
2018-05-08,10.26,10.82,10.26,10.77,147378653,0.0,0
2018-05-09,10.77,11.0,10.72,10.72,72076026,0.0,0
2018-05-10,10.68,10.72,10.54,10.54,41836222,0.0,0
2018-05-11,10.58,10.68,10.54,10.68,26430623,0.0,0
2018-05-14,10.68,10.72,10.58,10.68,23921921,0.0,0
2018-05-15,10.68,10.72,10.58,10.63,24170716,0.0,0
2018-05-16,10.58,10.77,10.58,10.68,38376603,0.0,0
2018-05-17,10.68,10.77,10.63,10.68,34846638,0.0,0
2018-05-18,10.68,10.77,10.58,10.58,24524408,0.0,0
2018-05-21,10.54,10.72,10.54,10.68,35581447,0.0,0
2018-05-22,10.68,10.82,10.63,10.72,38668943,0.0,0
2018-05-23,10.77,10.95,10.72,10.72,53394785,0.0,0
2018-05-24,10.72,10.77,10.63,10.68,23799928,0.0,0
2018-05-25,10.68,10.72,10.54,10.58,40798842,0.0,0
2018-05-28,10.58,10.68,10.54,10.63,18942814,0.0,0
2018-05-29,10.63,10.72,10.58,10.68,21124295,0.0,0
2018-05-30,10.58,10.63,10.45,10.49,48877596,0.0,0
2018-05-31,10.54,10.72,10.49,10.72,53030562,0.0,0
2018-06-01,10.72,10.86,10.68,10.86,57430445,0.0,0
2018-06-04,10.91,10.95,10.82,10.91,32968318,0.0,0
2018-06-05,10.91,10.91,10.77,10.82,23050524,0.0,0
2018-06-06,10.82,10.95,10.77,10.91,43466377,0.0,0
2018-06-07,11.0,11.37,10.95,11.37,118827106,0.0,0
2018-06-08,11.37,11.42,11.09,11.14,61620788,0.0,0
2018-06-11,11.18,11.23,11.0,11.18,37491606,0.0,0
2018-06-12,11.14,11.37,11.14,11.28,35147015,0.0,0
2018-06-13,11.28,11.37,11.18,11.28,31269336,0.0,0
2018-06-14,11.28,11.32,11.05,11.05,36011785,0.0,0
2018-06-15,11.09,11.32,11.05,11.09,81433723,0.0,0
2018-06-19,11.0,11.05,10.72,10.72,67037520,0.0,0
2018-06-20,10.72,10.91,10.58,10.91,69421063,0.0,0
2018-06-21,10.82,10.86,10.49,10.49,90248975,0.0,0
2018-06-22,10.45,10.49,10.31,10.35,31777089,0.0,0
2018-06-25,10.35,10.49,10.35,10.4,19501515,0.0,0
2018-06-26,10.35,10.35,10.17,10.26,31814292,0.0,0
2018-06-27,10.31,10.35,10.21,10.21,33280415,0.0,0
2018-06-28,10.08,10.12,10.03,10.03,45263017,0.0,0
2018-06-29,10.12,10.21,10.08,10.12,54873735,0.0,0
2018-07-02,10.21,10.35,10.12,10.12,28913846,0.0,0
2018-07-03,10.17,10.21,10.03,10.03,28221604,0.0,0
2018-07-04,10.03,10.12,10.03,10.08,19983564,0.0,0
2018-07-05,10.12,10.21,10.08,10.12,33264227,0.0,0
2018-07-06,10.35,10.45,10.17,10.31,76484479,0.0,0
2018-07-09,10.49,10.91,10.45,10.91,189490913,0.0,0
2018-07-10,11.0,11.09,10.86,10.86,131255679,0.0,0
2018-07-11,10.91,11.11,10.91,11.01,93738573,0.8,0
2018-07-12,11.01,11.06,10.96,11.01,28917163,0.0,0
2018-07-13,11.06,11.11,10.96,11.06,27146129,0.0,0
2018-07-16,11.01,11.11,10.96,10.96,21773310,0.0,0
2018-07-17,10.96,11.21,10.91,11.11,57259723,0.0,0
2018-07-18,11.11,11.21,11.06,11.16,44828648,0.0,0
2018-07-19,11.16,11.26,11.06,11.16,37655274,0.0,0
2018-07-20,11.21,11.36,11.16,11.31,58500575,0.0,0
2018-07-23,11.36,11.46,11.31,11.41,41835921,0.0,0
2018-07-24,11.41,11.46,11.26,11.31,23922719,0.0,0
2018-07-25,11.31,11.36,11.26,11.31,21327118,0.0,0
2018-07-26,11.31,11.36,11.11,11.21,44617560,0.0,0
2018-07-27,11.21,11.41,11.21,11.26,40532972,0.0,0
2018-07-30,11.31,11.46,11.26,11.36,50437101,0.0,0
2018-07-31,11.36,11.41,11.31,11.41,34641795,0.0,0
2018-08-01,11.41,11.46,11.31,11.36,29390467,0.0,0
2018-08-02,11.36,11.36,11.11,11.11,46768107,0.0,0
2018-08-03,11.16,11.31,11.16,11.31,25460946,0.0,0
2018-08-06,11.31,11.36,11.26,11.36,21318416,0.0,0
2018-08-07,11.36,11.51,11.36,11.51,51097200,0.0,0
2018-08-08,11.7,11.7,11.51,11.61,44422774,0.0,0
2018-08-09,11.56,11.61,11.46,11.51,22401039,0.0,0
2018-08-10,11.46,11.51,11.26,11.26,28658613,0.0,0
2018-08-13,11.21,11.21,11.11,11.11,29156748,0.0,0
2018-08-14,11.16,11.26,11.16,11.21,20910727,0.0,0
2018-08-15,11.01,11.01,10.76,10.81,78375556,0.0,0
2018-08-16,10.76,10.96,10.61,10.91,36840111,0.0,0
2018-08-17,11.01,11.01,10.91,10.96,28805784,0.0,0
2018-08-20,11.01,11.26,11.01,11.21,50908633,0.0,0
2018-08-21,11.16,11.21,11.06,11.16,27705132,0.0,0
2018-08-22,11.11,11.16,11.06,11.11,13502264,0.0,0
2018-08-23,11.21,11.31,11.16,11.26,22231640,0.0,0
2018-08-24,11.26,11.31,11.06,11.11,21101232,0.0,0
2018-08-27,11.16,11.26,11.11,11.21,15781745,0.0,0
2018-08-28,11.26,11.31,11.16,11.16,15753354,0.0,0
2018-08-29,11.21,11.21,11.11,11.21,18136750,0.0,0
2018-08-30,11.31,11.46,11.31,11.31,50061467,0.0,0
2018-08-31,11.31,11.36,11.21,11.36,26801971,0.0,0
2018-09-03,11.46,11.56,11.36,11.36,39085178,0.0,0
2018-09-04,11.41,11.46,11.36,11.41,11476978,0.0,0
2018-09-05,11.36,11.36,11.21,11.21,15997088,0.0,0
2018-09-06,11.11,11.16,11.01,11.06,21488917,0.0,0
2018-09-07,11.01,11.01,10.86,10.86,34522599,0.0,0
2018-09-10,10.81,10.81,10.37,10.41,60991881,0.0,0
2018-09-11,10.46,10.66,10.41,10.56,28963834,0.0,0
2018-09-12,10.56,10.71,10.51,10.61,23253396,0.0,0
2018-09-13,10.61,10.66,10.46,10.51,23106475,0.0,0
2018-09-14,10.56,10.71,10.51,10.66,33082569,0.0,0
2018-09-17,10.66,10.66,10.46,10.56,16740267,0.0,0
2018-09-18,10.51,10.56,10.46,10.46,20911007,0.0,0
2018-09-19,10.51,10.56,10.46,10.46,24866992,0.0,0
2018-09-20,10.46,10.51,10.22,10.22,47546106,0.0,0
2018-09-21,10.27,10.32,10.17,10.32,33273981,0.0,0
2018-09-25,10.32,10.41,10.27,10.37,18785753,0.0,0
2018-09-26,10.41,10.56,10.37,10.56,20342865,0.0,0
2018-09-27,10.51,10.66,10.51,10.61,30894156,0.0,0
2018-09-28,10.61,10.71,10.51,10.51,23464364,0.0,0
2018-10-01,10.51,10.66,10.51,10.61,20505785,0.0,0
2018-10-02,10.66,10.66,10.41,10.51,33424205,0.0,0
2018-10-03,10.46,10.51,10.41,10.51,16852877,0.0,0
2018-10-04,10.51,10.56,10.22,10.22,25395901,0.0,0
2018-10-05,10.22,10.27,10.02,10.07,38255194,0.0,0
2018-10-08,10.07,10.22,10.07,10.12,18804444,0.0,0
2018-10-09,10.12,10.12,9.92,10.02,42427296,0.0,0
2018-10-11,9.42,9.47,9.02,9.04,108946551,0.0,0
2018-10-12,9.05,9.63,9.04,9.59,60847355,0.0,0
2018-10-15,9.48,9.49,9.31,9.37,40682105,0.0,0
2018-10-16,9.33,9.52,9.26,9.26,36193891,0.0,0
2018-10-17,9.42,9.47,9.22,9.24,34981973,0.0,0
2018-10-18,9.27,9.36,9.19,9.19,25729624,0.0,0
2018-10-19,9.08,9.42,9.07,9.37,81310507,0.0,0
2018-10-22,9.33,9.4,9.19,9.32,21621385,0.0,0
2018-10-23,9.23,9.28,9.11,9.16,21595455,0.0,0
2018-10-24,9.19,9.27,9.07,9.23,36359888,0.0,0
2018-10-25,9.05,9.14,8.97,9.09,41878089,0.0,0
2018-10-26,9.17,9.2,8.94,8.94,49635113,0.0,0
2018-10-29,8.99,9.22,8.95,9.2,40502438,0.0,0
2018-10-30,9.34,9.35,9.14,9.34,29258843,0.0,0
2018-10-31,9.41,9.43,9.23,9.29,36098675,0.0,0
2018-11-01,9.3,9.54,9.3,9.38,50071191,0.0,0
2018-11-02,9.48,9.49,9.29,9.3,35571338,0.0,0
2018-11-05,9.28,9.38,9.23,9.33,23643052,0.0,0
2018-11-06,9.55,10.02,9.5,9.97,117162420,0.0,0
2018-11-07,10.02,10.12,9.85,10.02,39112133,0.0,0
2018-11-08,10.12,10.17,9.92,10.02,24425369,0.0,0
2018-11-09,10.02,10.07,9.92,10.02,24444494,0.0,0
2018-11-12,10.02,10.17,9.97,10.02,31802758,0.0,0
2018-11-13,9.74,10.02,9.65,10.02,32320832,0.0,0
2018-11-14,10.02,10.07,9.92,10.07,27741389,0.0,0
2018-11-15,10.07,10.12,9.97,10.12,17131484,0.0,0
2018-11-16,10.17,10.17,10.02,10.12,22396145,0.0,0
2018-11-19,10.12,10.17,10.07,10.17,13732842,0.0,0
2018-11-20,10.07,10.12,9.97,9.97,13283335,0.0,0
2018-11-21,9.92,9.97,9.73,9.92,33877128,0.0,0
2018-11-22,9.92,9.97,9.92,9.97,14031038,0.0,0
2018-11-23,9.92,10.02,9.86,9.88,19042176,0.0,0
2018-11-26,9.92,10.12,9.92,10.02,17959113,0.0,0
2018-11-27,10.07,10.12,9.97,10.12,24701974,0.0,0
2018-11-28,10.12,10.27,10.07,10.27,29013374,0.0,0
2018-11-29,10.37,10.41,10.27,10.27,29278685,0.0,0
2018-11-30,10.32,10.41,10.17,10.17,49596799,0.0,0
2018-12-03,10.27,10.46,10.27,10.37,32558207,0.0,0
2018-12-04,10.37,10.51,10.37,10.51,32530550,0.0,0
2018-12-05,10.37,10.41,10.27,10.32,16864970,0.0,0
2018-12-06,10.27,10.32,10.02,10.02,35187407,0.0,0
2018-12-07,10.07,10.17,10.07,10.12,9818728,0.0,0
2018-12-10,9.97,10.07,9.92,10.02,15774274,0.0,0
2018-12-11,10.07,10.12,9.97,10.12,16471744,0.0,0
2018-12-12,10.12,10.22,10.07,10.07,13420567,0.0,0
2018-12-13,10.12,10.12,10.07,10.12,20026396,0.0,0
2018-12-14,10.07,10.07,9.92,10.02,15139942,0.0,0
2018-12-17,10.02,10.02,9.92,9.97,13804819,0.0,0
2018-12-18,9.92,9.97,9.91,9.91,16561706,0.0,0
2018-12-19,9.97,9.97,9.9,9.97,18645184,0.0,0
2018-12-20,9.91,9.97,9.84,9.9,16002253,0.0,0
2018-12-21,9.87,9.9,9.72,9.82,31142008,0.0,0
2018-12-24,9.8,9.88,9.73,9.73,12619196,0.0,0
2018-12-25,9.54,9.6,9.47,9.54,13771708,0.0,0
2018-12-26,9.53,9.6,9.4,9.4,16783988,0.0,0
2018-12-27,9.57,9.64,9.51,9.63,18659842,0.0,0
2018-12-28,9.64,9.64,9.56,9.64,10330806,0.0,0
2019-01-02,9.71,9.72,9.42,9.42,20093248,0.0,0
2019-01-03,9.43,9.6,9.42,9.56,17228541,0.0,0
2019-01-04,9.49,9.62,9.4,9.62,23844477,0.0,0
2019-01-07,9.77,9.82,9.72,9.82,21325672,0.0,0
2019-01-08,9.87,9.87,9.78,9.81,21190976,0.0,0
2019-01-09,9.92,10.12,9.92,10.12,29731306,0.0,0
2019-01-10,10.07,10.17,10.02,10.17,30494977,0.0,0
2019-01-11,10.22,10.22,10.07,10.17,20531157,0.0,0
2019-01-14,10.12,10.17,9.97,10.02,13854914,0.0,0
2019-01-15,10.12,10.22,10.07,10.22,26429771,0.0,0
2019-01-16,10.27,10.27,10.17,10.27,19212526,0.0,0
2019-01-17,10.27,10.32,10.22,10.32,24280130,0.0,0
2019-01-18,10.32,10.37,10.27,10.37,19847247,0.0,0
2019-01-21,10.41,10.51,10.22,10.27,23138479,0.0,0
2019-01-22,10.22,10.32,10.12,10.17,13577440,0.0,0
2019-01-23,10.17,10.27,10.12,10.27,12979688,0.0,0
2019-01-24,10.27,10.32,10.27,10.27,12156662,0.0,0
2019-01-25,10.27,10.41,10.27,10.37,30059288,0.0,0
2019-01-28,10.32,10.37,10.17,10.22,18649204,0.0,0
2019-01-29,10.22,10.41,10.22,10.41,27548734,0.0,0
2019-01-30,10.32,10.37,10.12,10.37,47370481,0.0,0
2019-02-11,10.41,10.41,10.17,10.27,39348938,0.0,0
2019-02-12,10.27,10.37,10.22,10.27,29828755,0.0,0
2019-02-13,10.41,10.41,10.27,10.27,35020026,0.0,0
2019-02-14,10.27,10.41,10.27,10.32,26230131,0.0,0
2019-02-15,10.17,10.22,9.92,9.97,48915787,0.0,0
2019-02-18,9.97,10.02,9.82,9.82,41772807,0.0,0
2019-02-19,9.82,9.82,9.72,9.73,29064658,0.0,0
2019-02-20,9.75,9.85,9.73,9.85,29505173,0.0,0
2019-02-21,9.8,9.8,9.63,9.65,54316265,0.0,0
2019-02-22,9.65,9.75,9.62,9.75,29185423,0.0,0
2019-02-25,9.77,9.8,9.73,9.76,23704408,0.0,0
2019-02-26,9.81,9.91,9.79,9.88,38519135,0.0,0
2019-02-27,9.92,10.17,9.92,10.17,62918972,0.0,0
2019-03-04,10.07,10.12,9.97,10.02,35465343,0.0,0
2019-03-05,9.97,10.02,9.88,10.02,44751891,0.0,0
2019-03-06,10.07,10.22,10.02,10.22,45537344,0.0,0
2019-03-07,10.17,10.17,10.02,10.02,22264285,0.0,0
2019-03-08,10.02,10.02,9.92,9.92,19734131,0.0,0
2019-03-11,9.92,10.02,9.92,9.92,23677312,0.0,0
2019-03-12,10.02,10.02,9.92,10.02,13107657,0.0,0
2019-03-13,9.97,10.02,9.9,9.97,18523928,0.0,0
2019-03-14,9.97,9.97,9.81,9.81,31732027,0.0,0
2019-03-15,9.82,10.07,9.82,9.9,56217930,0.0,0
2019-03-18,9.97,10.02,9.92,10.02,14837724,0.0,0
2019-03-19,10.02,10.07,9.92,9.92,20228287,0.0,0
2019-03-20,9.92,9.97,9.87,9.87,30630370,0.0,0
2019-03-21,9.91,9.97,9.91,9.92,13448661,0.0,0
2019-03-22,10.02,10.07,9.92,10.02,28499272,0.0,0
2019-03-25,9.92,9.97,9.9,9.97,15010198,0.0,0
2019-03-26,9.97,10.07,9.92,10.02,23623185,0.0,0
2019-03-27,10.02,10.02,9.92,9.92,18389694,0.0,0
2019-03-28,9.97,9.97,9.9,9.91,17898338,0.0,0
2019-03-29,9.92,10.02,9.91,9.92,24087753,0.0,0
2019-04-01,9.97,10.07,9.97,10.07,33286704,0.0,0
2019-04-02,10.12,10.17,9.97,10.02,34911768,0.0,0
2019-04-03,10.07,10.07,9.97,9.97,21715268,0.0,0
2019-04-08,10.07,10.12,10.02,10.12,39754759,0.0,0
2019-04-09,10.12,10.12,10.02,10.12,24268973,0.0,0
2019-04-10,10.07,10.07,9.97,10.02,32124077,0.0,0
2019-04-11,10.02,10.12,9.97,10.12,22710100,0.0,0
2019-04-12,10.12,10.17,10.02,10.12,26954726,0.0,0
2019-04-15,10.17,10.22,10.07,10.12,31574422,0.0,0
2019-04-16,10.12,10.17,9.97,10.07,32775822,0.0,0
2019-04-17,10.17,10.51,10.12,10.27,91473232,0.0,0
2019-04-18,10.37,10.41,9.92,9.97,45041370,0.0,0
2019-04-19,10.07,10.12,9.92,9.97,23275939,0.0,0
2019-04-22,10.02,10.07,9.92,9.97,17110820,0.0,0
2019-04-23,9.97,10.02,9.92,10.02,22083465,0.0,0
2019-04-24,9.97,10.02,9.82,9.83,58755700,0.0,0
2019-04-25,9.87,9.9,9.84,9.84,20628017,0.0,0
2019-04-26,9.8,9.84,9.73,9.84,33628455,0.0,0
2019-04-29,9.85,9.91,9.84,9.88,18796325,0.0,0
2019-04-30,9.84,9.89,9.78,9.82,30947265,0.0,0
2019-05-02,9.82,9.85,9.78,9.83,21974057,0.0,0
2019-05-03,9.83,9.83,9.78,9.78,13776368,0.0,0
2019-05-06,9.75,9.75,9.53,9.56,29136804,0.0,0
2019-05-07,9.58,9.62,9.52,9.52,38881843,0.0,0
2019-05-08,9.44,9.44,9.28,9.28,41228352,0.0,0
2019-05-09,9.28,9.28,9.04,9.05,45785703,0.0,0
2019-05-10,9.05,9.15,8.93,8.94,49240938,0.0,0
2019-05-13,8.93,9.0,8.78,8.8,50765831,0.0,0
2019-05-14,8.7,8.7,8.56,8.62,55696249,0.0,0
2019-05-15,8.63,8.64,8.53,8.54,59982920,0.0,0
2019-05-16,8.43,8.44,7.96,7.96,124665446,0.0,0
2019-05-17,7.96,8.02,7.5,7.5,139389532,0.0,0
2019-05-20,7.44,7.68,7.44,7.51,90717043,0.0,0
2019-05-21,7.5,7.5,7.2,7.23,124358718,0.0,0
2019-05-22,7.21,7.43,7.21,7.28,80773227,0.0,0
2019-05-23,7.25,7.27,7.08,7.15,76026806,0.0,0
2019-05-24,7.25,7.57,7.24,7.28,101651079,0.0,0
2019-05-27,7.42,7.44,7.29,7.3,42370026,0.0,0
2019-05-28,7.32,7.46,7.27,7.3,140673640,0.0,0
2019-05-29,7.32,7.36,7.25,7.26,67988064,0.0,0
2019-05-30,7.26,7.37,7.26,7.29,44924739,0.0,0
2019-05-31,7.31,7.43,7.31,7.43,65815515,0.0,0
2019-06-03,7.39,7.39,7.29,7.35,31967917,0.0,0
2019-06-04,7.35,7.37,7.3,7.31,25824500,0.0,0
2019-06-05,7.4,7.4,7.18,7.18,58884816,0.0,0
2019-06-06,7.19,7.2,7.09,7.09,61487189,0.0,0
2019-06-10,7.11,7.12,6.97,7.0,75527334,0.0,0
2019-06-11,7.09,7.47,7.05,7.43,238766464,0.0,0
2019-06-12,7.49,7.49,7.27,7.27,114428701,0.0,0
2019-06-13,7.25,7.36,7.19,7.33,71236099,0.0,0
2019-06-14,7.36,7.36,7.21,7.21,51266944,0.0,0
2019-06-17,7.23,7.29,7.2,7.26,37947967,0.0,0
2019-06-18,7.27,7.28,7.11,7.11,58175915,0.0,0
2019-06-19,7.19,7.2,7.11,7.18,64476007,0.0,0
2019-06-20,7.18,7.27,7.14,7.2,73874514,0.0,0
2019-06-21,7.29,7.36,7.21,7.32,190167619,0.0,0
2019-06-24,7.33,7.34,7.28,7.32,47461088,0.0,0
2019-06-25,7.35,7.4,7.26,7.27,88262823,0.0,0
2019-06-26,7.24,7.25,7.16,7.16,46461425,0.0,0
2019-06-27,7.22,7.34,7.18,7.28,110859769,0.0,0
2019-06-28,7.3,7.33,7.22,7.27,54413296,0.0,0
2019-07-01,7.42,7.42,7.33,7.34,51459781,0.0,0
2019-07-02,7.35,7.35,7.31,7.31,30021157,0.0,0
2019-07-03,7.27,7.3,7.23,7.24,45481816,0.0,0
2019-07-04,7.29,7.29,7.23,7.26,28919760,0.0,0
2019-07-05,7.29,7.34,7.26,7.3,63441051,0.0,0
2019-07-08,7.29,7.31,7.19,7.24,46529502,0.0,0
2019-07-09,7.25,7.25,7.12,7.14,76676225,0.0,0
2019-07-10,7.17,7.29,7.15,7.27,115528382,0.0,0
2019-07-11,7.31,7.38,7.29,7.35,124866930,0.0,0
2019-07-12,7.4,7.41,7.25,7.26,131147754,0.06,0
2019-07-15,7.26,7.27,7.1,7.17,81526849,0.0,0
2019-07-16,7.3,7.48,7.26,7.4,176347282,0.0,0
2019-07-17,7.5,7.99,7.46,7.92,308006565,0.0,0
2019-07-18,8.02,8.05,7.62,7.62,270029377,0.0,0
2019-07-19,7.74,7.74,7.58,7.66,99764424,0.0,0
2019-07-22,7.68,7.74,7.51,7.51,77759112,0.0,0
2019-07-23,7.55,7.6,7.44,7.49,70064106,0.0,0
2019-07-24,7.48,7.54,7.33,7.34,84287513,0.0,0
2019-07-25,7.34,7.37,7.27,7.27,75662529,0.0,0
2019-07-26,7.24,7.25,7.18,7.18,76150106,0.0,0
2019-07-29,7.19,7.26,7.17,7.19,60891119,0.0,0
2019-07-30,7.21,7.23,7.16,7.16,46808455,0.0,0
2019-07-31,7.16,7.23,7.1,7.23,74782150,0.0,0
2019-08-01,7.16,7.18,7.1,7.1,91529134,0.0,0
2019-08-02,7.04,7.07,6.84,6.86,142055061,0.0,0
2019-08-05,6.66,6.72,6.4,6.42,170394007,0.0,0
2019-08-06,6.18,6.24,6.11,6.18,125297733,0.0,0
2019-08-07,6.2,6.24,6.06,6.08,81673727,0.0,0
2019-08-08,6.1,6.44,6.1,6.32,104104197,0.0,0
2019-08-12,6.26,6.26,6.16,6.17,45215636,0.0,0
2019-08-13,6.11,6.13,6.07,6.08,77497253,0.0,0
2019-08-14,6.15,6.19,5.94,5.96,122860476,0.0,0
2019-08-15,5.81,6.05,5.76,6.04,108714613,0.0,0
2019-08-16,6.06,6.59,6.06,6.53,214713648,0.0,0
2019-08-19,6.72,7.04,6.63,7.04,234808321,0.0,0
2019-08-20,7.04,7.12,6.82,6.85,192766279,0.0,0
2019-08-21,7.25,7.34,7.04,7.08,278255367,0.0,0
2019-08-22,7.08,7.13,6.83,6.85,145011586,0.0,0
2019-08-23,6.84,7.03,6.76,6.93,97254033,0.0,0
2019-08-26,6.95,7.02,6.73,6.73,142544382,0.0,0
2019-08-27,6.8,6.83,6.6,6.64,100429580,0.0,0
2019-08-28,6.71,6.74,6.63,6.66,61130487,0.0,0
2019-08-29,6.71,6.85,6.7,6.77,81803424,0.0,0
2019-08-30,6.85,7.08,6.85,7.02,151720683,0.0,0
2019-09-02,7.09,7.1,6.96,6.96,68714019,0.0,0
2019-09-03,7.0,7.08,6.92,6.92,49562988,0.0,0
2019-09-04,6.94,7.05,6.93,7.04,58686252,0.0,0
2019-09-05,7.1,7.13,7.01,7.01,62700785,0.0,0
2019-09-06,7.05,7.19,7.01,7.16,116308137,0.0,0
2019-09-10,7.27,7.33,7.12,7.16,128872473,0.0,0
2019-09-11,7.19,7.33,7.15,7.29,107639603,0.0,0
2019-09-12,7.35,7.38,7.26,7.28,86491333,0.0,0
2019-09-16,7.32,7.35,7.24,7.28,52558500,0.0,0
2019-09-17,7.24,7.25,7.02,7.12,87296567,0.0,0
2019-09-18,7.12,7.2,7.07,7.14,60426751,0.0,0
2019-09-19,7.19,7.2,6.98,7.02,117981399,0.0,0
2019-09-20,6.98,7.1,6.98,7.1,81546462,0.0,0
2019-09-23,7.09,7.1,7.04,7.08,31267107,0.0,0
2019-09-24,7.08,7.13,7.06,7.1,36120661,0.0,0
2019-09-25,7.03,7.04,6.9,6.93,96399804,0.0,0
2019-09-26,6.93,6.98,6.81,6.82,64279957,0.0,0
2019-09-27,6.82,6.83,6.6,6.6,83880721,0.0,0
2019-10-01,6.63,6.82,6.63,6.8,85488458,0.0,0
2019-10-02,6.71,6.72,6.62,6.62,48097346,0.0,0
2019-10-03,6.5,6.73,6.4,6.71,74773215,0.0,0
2019-10-04,6.73,6.94,6.7,6.94,71276937,0.0,0
2019-10-07,6.96,7.0,6.86,6.98,75003282,0.0,0
2019-10-08,6.98,7.03,6.9,7.03,62082205,0.0,0
2019-10-09,6.92,6.99,6.8,6.8,55965511,0.0,0
2019-10-14,6.86,7.08,6.85,6.93,94622714,0.0,0
2019-10-15,6.95,7.02,6.84,6.84,55597162,0.0,0
2019-10-16,6.91,7.07,6.91,6.93,99965740,0.0,0
2019-10-17,6.97,7.13,6.93,7.13,104337649,0.0,0
2019-10-18,7.1,7.1,6.92,6.97,102262913,0.0,0
2019-10-21,6.97,7.09,6.92,7.03,55272513,0.0,0
2019-10-22,7.04,7.09,7.02,7.04,30925877,0.0,0
2019-10-23,7.04,7.04,6.93,6.93,43985057,0.0,0
2019-10-24,6.93,6.99,6.91,6.98,49824351,0.0,0
2019-10-25,6.97,7.0,6.92,6.95,36250533,0.0,0
2019-10-28,6.97,7.04,6.97,7.01,27870898,0.0,0
2019-10-29,7.05,7.14,6.96,6.96,96499379,0.0,0
2019-10-30,6.97,7.01,6.95,6.97,38851667,0.0,0
2019-10-31,6.91,6.92,6.64,6.77,116460519,0.0,0
2019-11-01,6.7,6.77,6.63,6.68,44188758,0.0,0
2019-11-04,6.68,6.82,6.65,6.8,53622318,0.0,0
2019-11-05,6.82,6.91,6.81,6.84,36811009,0.0,0
2019-11-06,6.87,7.12,6.87,7.1,151802523,0.0,0
2019-11-07,7.11,7.24,7.0,7.02,105834587,0.0,0
2019-11-08,7.03,7.07,6.96,6.97,35862026,0.0,0
2019-11-11,6.98,6.99,6.74,6.77,71280989,0.0,0
2019-11-12,6.79,6.84,6.69,6.71,67324622,0.0,0
2019-11-13,6.67,6.72,6.66,6.67,47074202,0.0,0
2019-11-14,6.68,6.71,6.66,6.68,34736431,0.0,0
2019-11-15,6.9,7.15,6.89,6.89,208177151,0.0,0
2019-11-18,6.88,6.95,6.84,6.94,55103184,0.0,0
2019-11-19,6.94,7.08,6.92,6.97,70187417,0.0,0
2019-11-20,7.0,7.03,6.9,6.95,45135015,0.0,0
2019-11-21,6.91,6.93,6.85,6.9,35224840,0.0,0
2019-11-22,6.9,6.96,6.88,6.91,42910616,0.0,0
2019-11-25,6.95,7.16,6.93,7.12,156561798,0.0,0
2019-11-26,7.18,7.23,7.05,7.05,146194295,0.0,0
2019-11-27,7.08,7.7,7.07,7.56,405462046,0.0,0
2019-11-28,7.64,7.67,7.4,7.63,317985860,0.0,0
2019-11-29,7.69,7.98,7.62,7.9,303907592,0.0,0
2019-12-02,8.02,8.06,7.75,7.81,188081637,0.0,0
2019-12-03,7.79,7.87,7.57,7.71,168155182,0.0,0
2019-12-04,7.68,7.98,7.64,7.92,157668772,0.0,0
2019-12-05,7.86,7.88,7.7,7.7,128933063,0.0,0
2019-12-06,7.7,7.78,7.49,7.55,136446730,0.0,0
2019-12-09,7.75,8.21,7.75,8.04,346327228,0.0,0
2019-12-10,8.0,8.22,7.95,8.08,230682805,0.0,0
2019-12-11,8.12,8.15,8.02,8.05,85502321,0.0,0
2019-12-12,8.12,8.22,8.04,8.06,137918581,0.0,0
2019-12-13,8.15,8.23,8.05,8.2,160823023,0.0,0
2019-12-16,8.33,8.73,8.33,8.6,722198,0.0,0
2019-12-17,8.61,8.68,8.46,8.62,163698189,0.0,0
2019-12-18,8.58,8.88,8.54,8.8,180066226,0.0,0
2019-12-19,8.8,8.82,8.52,8.52,189370398,0.0,0
2019-12-20,8.54,8.63,8.41,8.41,144628277,0.0,0
2019-12-23,8.47,8.62,8.42,8.45,80844760,0.0,0
2019-12-24,8.55,8.57,8.35,8.36,58204743,0.0,0
2019-12-25,8.4,8.52,8.39,8.44,66203413,0.0,0
2019-12-26,8.5,8.5,8.36,8.37,37008399,0.0,0
2019-12-27,8.41,8.6,8.37,8.37,120726454,0.0,0
2019-12-30,8.41,8.41,8.22,8.25,82593792,0.0,0
2019-12-31,8.27,8.37,8.26,8.33,40697585,0.0,0
2020-01-02,8.37,8.38,8.28,8.29,50714305,0.0,0
2020-01-03,8.35,8.36,8.06,8.18,96839910,0.0,0
2020-01-06,8.35,8.4,8.08,8.1,157728675,0.0,0
2020-01-07,8.24,8.41,8.17,8.38,221972164,0.0,0
2020-01-08,8.35,8.75,8.28,8.73,309908133,0.0,0
2020-01-09,8.88,8.94,8.71,8.79,267633209,0.0,0
2020-01-10,8.86,8.98,8.74,8.96,198970491,0.0,0
2020-01-13,9.09,9.49,8.96,9.35,258262171,0.0,0
2020-01-14,9.4,9.45,9.18,9.21,185438755,0.0,0
2020-01-15,9.21,9.32,9.09,9.12,150486525,0.0,0
2020-01-16,8.98,9.12,8.9,9.0,211198888,0.0,0
2020-01-17,9.13,9.26,9.07,9.26,150362298,0.0,0
2020-01-20,9.36,9.45,9.32,9.34,144860530,0.0,0
2020-01-30,8.81,8.87,8.41,8.41,244138815,0.0,0
2020-01-31,8.52,8.8,8.42,8.8,245769902,0.0,0
2020-02-03,8.6,9.35,8.49,9.32,338913204,0.0,0
2020-02-04,8.33,9.21,8.33,9.21,226128137,0.0,0
2020-02-05,9.26,9.45,9.11,9.12,214498254,0.0,0
2020-02-06,9.27,9.36,9.16,9.28,132256547,0.0,0
2020-02-07,9.2,9.29,9.02,9.13,150728884,0.0,0
2020-02-10,9.3,9.44,9.24,9.32,246644362,0.0,0
2020-02-11,9.46,9.46,9.28,9.37,122736716,0.0,0
2020-02-12,9.38,9.43,9.32,9.34,91402397,0.0,0
2020-02-13,9.39,9.42,9.1,9.2,118476530,0.0,0
2020-02-14,9.13,9.18,9.0,9.04,132209277,0.0,0
2020-02-17,9.0,9.0,8.6,8.63,191881262,0.0,0
2020-02-18,8.8,8.9,8.71,8.76,116054227,0.0,0
2020-02-19,8.92,8.97,8.82,8.94,122663876,0.0,0
2020-02-20,8.98,9.01,8.78,8.82,92052201,0.0,0
2020-02-21,8.76,8.82,8.64,8.72,87624319,0.0,0
2020-02-24,8.85,9.07,8.69,8.72,225099134,0.0,0
2020-02-25,8.62,8.71,8.58,8.58,99117685,0.0,0
2020-02-26,8.44,8.53,8.13,8.15,206337035,0.0,0
2020-02-27,8.11,8.21,7.8,7.9,191871310,0.0,0
2020-03-02,7.7,7.91,7.61,7.75,135515380,0.0,0
2020-03-03,7.99,8.01,7.75,7.75,108605526,0.0,0
2020-03-04,7.8,8.02,7.79,8.0,113465063,0.0,0
2020-03-05,8.14,8.14,8.01,8.02,84191259,0.0,0
2020-03-06,7.95,7.98,7.8,7.85,85345806,0.0,0
2020-03-09,7.76,7.85,7.49,7.52,131497722,0.0,0
2020-03-10,7.26,7.56,7.2,7.33,178141056,0.0,0
2020-03-11,7.34,7.44,7.2,7.21,66880998,0.0,0
2020-03-12,7.06,7.09,6.5,6.62,255509207,0.0,0
2020-03-13,6.04,6.3,5.97,6.27,251691764,0.0,0
2020-03-16,6.3,6.45,6.01,6.02,144402213,0.0,0
2020-03-17,5.82,6.04,5.7,5.77,179511607,0.0,0
2020-03-18,5.86,5.91,5.64,5.64,126510436,0.0,0
2020-03-19,5.51,5.52,5.08,5.08,196409381,0.0,0
2020-03-20,5.18,5.57,5.18,5.36,254993981,0.0,0
2020-03-23,5.05,5.09,4.85,4.85,172116638,0.0,0
2020-03-24,5.01,5.09,4.93,5.0,141694552,0.0,0
2020-03-25,5.32,5.44,5.25,5.3,166625097,0.0,0
2020-03-26,5.37,5.4,5.19,5.28,110139102,0.0,0
2020-03-27,5.44,5.59,5.4,5.44,153575599,0.0,0
2020-03-30,5.3,5.3,5.13,5.25,96352092,0.0,0
2020-03-31,5.37,5.41,5.22,5.23,93343230,0.0,0
2020-04-01,5.35,5.75,5.27,5.75,229337508,0.0,0
2020-04-06,6.01,6.15,5.8,5.94,249403353,0.0,0
2020-04-07,6.08,6.29,5.98,6.06,209123265,0.0,0
2020-04-08,6.08,6.22,6.02,6.14,127982214,0.0,0
2020-04-09,6.16,6.23,6.07,6.09,117633541,0.0,0
2020-04-10,6.05,6.1,6.0,6.09,85537613,0.0,0
2020-04-13,6.29,6.45,6.22,6.23,188676012,0.0,0
2020-04-14,6.29,6.32,6.24,6.29,88364323,0.0,0
2020-04-15,6.32,6.39,6.3,6.32,84975648,0.0,0
2020-04-16,6.25,6.25,6.17,6.21,71106518,0.0,0
2020-04-17,6.33,6.4,6.21,6.25,117109448,0.0,0
2020-04-20,6.27,6.4,6.18,6.27,103335459,0.0,0
2020-04-21,6.22,6.28,6.0,6.0,122776901,0.0,0
2020-04-22,5.97,6.18,5.88,6.09,93345216,0.0,0
2020-04-23,6.15,6.22,6.09,6.12,54214155,0.0,0
2020-04-24,6.17,6.21,6.11,6.14,49441076,0.0,0
