,stockiid,Booling,Unnamed: 2,追隨外資,Unnamed: 4,追隨投信,Unnamed: 6,KD 交叉,Unnamed: 8,MACD 交叉,Unnamed: 10,均線交叉,Unnamed: 12,type
0,1101,-5.93%,27,17.57%,116,385.12%,190,72.88%,49,8.80%,14,63.80%,50,水泥工業
1,1102,36.91%,17,17.04%,181,-277.12%,167,92.20%,49,8.01%,15,33.73%,41,水泥工業
2,1103,105.79%,18,73.49%,151,0.00%,0,161.79%,42,33.37%,16,62.59%,42,水泥工業
3,1104,-58.79%,32,-3.75%,47,0.00%,0,36.49%,47,-23.72%,15,-1.55%,39,水泥工業
4,1108,5.31%,33,-102.08%,84,0.00%,0,73.34%,49,-9.99%,14,-9.69%,40,水泥工業
5,1109,85.77%,23,-39.83%,89,0.00%,0,114.64%,53,25.84%,14,67.05%,43,水泥工業
6,1110,112.87%,46,-18.12%,16,0.00%,0,24.39%,61,-16.49%,13,44.73%,46,水泥工業
7,1201,35.04%,25,198.10%,141,52.21%,3,106.56%,48,20.92%,18,12.69%,37,食品工業
8,1203,34.31%,19,25.69%,84,0.00%,0,26.18%,52,9.32%,19,36.98%,44,食品工業
9,1210,98.06%,19,282.63%,141,92.21%,48,83.83%,53,-2.65%,14,57.78%,48,食品工業
10,1213,-47.41%,40,-38.43%,5,0.00%,0,10.65%,38,-46.29%,10,-28.23%,30,食品工業
11,1215,-75.55%,25,199.55%,111,177.82%,64,101.36%,47,-15.17%,15,23.26%,42,食品工業
12,1216,29.04%,17,-13.53%,205,-167.23%,141,63.12%,50,3.52%,18,32.39%,43,食品工業
13,1217,39.40%,21,-29.48%,221,0.00%,0,52.70%,50,29.63%,19,25.87%,45,食品工業
14,1218,128.83%,18,-199.98%,200,0.00%,0,151.17%,45,68.06%,14,-9.76%,39,食品工業
15,1219,43.86%,25,165.50%,95,0.00%,0,27.31%,46,18.38%,19,31.47%,42,食品工業
16,1220,-16.31%,26,19.88%,39,0.00%,0,23.48%,48,-27.55%,18,-4.06%,39,食品工業
17,1225,-20.43%,21,-112.29%,67,0.00%,0,62.66%,41,1.45%,12,-22.57%,35,食品工業
18,1227,-30.20%,28,-599.07%,163,13.02%,17,51.93%,46,-8.40%,13,-19.71%,44,食品工業
19,1229,55.26%,14,374.24%,143,61.60%,34,90.94%,48,24.06%,14,29.75%,39,食品工業
20,1231,8.69%,24,89.05%,189,0.00%,1,63.19%,44,7.67%,12,22.02%,43,食品工業
21,1232,33.26%,13,46.23%,92,-5.51%,5,53.96%,48,26.92%,13,40.46%,42,食品工業
22,1233,-16.15%,28,-46.69%,38,0.00%,0,4.04%,56,3.11%,16,13.90%,50,食品工業
23,1234,19.31%,18,-29.48%,65,0.00%,0,26.48%,51,-3.16%,16,3.24%,41,食品工業
24,1235,29.91%,23,-290.34%,40,0.00%,0,50.32%,50,25.27%,17,-6.90%,51,食品工業
25,1236,-19.28%,30,-60.61%,11,0.00%,0,9.98%,57,-32.52%,17,-4.97%,44,食品工業
26,1256,115.34%,15,102.47%,75,-16.50%,4,109.70%,47,8.48%,16,57.64%,45,食品工業
27,1301,34.99%,18,-417.53%,184,-136.74%,160,50.02%,49,-12.48%,18,-3.71%,45,塑膠工業
28,1303,-29.07%,23,-160.71%,230,142.10%,168,61.87%,50,-5.91%,21,11.93%,47,塑膠工業
29,1304,94.73%,31,-3.02%,150,-90.07%,9,55.26%,44,11.65%,18,-37.56%,37,塑膠工業
30,1305,120.86%,19,-182.95%,119,-301.55%,67,123.30%,51,19.06%,16,20.75%,50,塑膠工業
31,1307,17.45%,41,-174.18%,102,-8.77%,1,27.75%,49,-34.52%,15,8.96%,44,塑膠工業
32,1308,-19.57%,24,256.53%,228,0.00%,0,15.00%,47,5.78%,16,58.75%,37,塑膠工業
33,1309,-3.93%,25,-39.34%,163,-17.01%,3,127.57%,45,-11.63%,16,-9.85%,38,塑膠工業
34,1310,135.10%,21,-16.43%,154,-128.29%,28,82.83%,51,7.00%,17,-18.89%,46,塑膠工業
35,1312,100.13%,24,75.42%,114,-65.50%,75,113.91%,44,12.11%,18,-13.76%,42,塑膠工業
36,1313,-7.21%,20,226.68%,152,-45.40%,3,69.35%,47,-26.90%,14,32.96%,47,塑膠工業
37,1314,45.31%,31,307.39%,141,0.24%,39,82.33%,45,15.18%,16,28.51%,44,塑膠工業
38,1315,51.14%,25,4.06%,37,0.00%,0,50.75%,52,21.14%,15,71.81%,50,塑膠工業
39,1316,6.23%,26,96.29%,136,0.00%,0,95.04%,44,-43.45%,15,43.02%,48,建材營造
40,1319,61.38%,29,12.83%,119,-159.11%,49,61.63%,46,-1.81%,17,4.67%,43,汽車工業
41,1321,119.80%,26,264.84%,161,0.00%,0,67.81%,44,30.95%,13,3.59%,42,塑膠工業
42,1323,18.25%,23,362.38%,171,-6.35%,3,35.47%,47,-1.20%,14,33.72%,46,塑膠工業
43,1324,7.46%,33,46.07%,23,0.00%,0,29.01%,53,-15.01%,18,28.23%,40,塑膠工業
44,1325,-76.26%,46,552.71%,21,0.00%,4,110.37%,49,-9.12%,13,53.75%,31,塑膠工業
45,1326,32.52%,23,113.61%,165,23.70%,179,26.70%,43,-28.51%,19,-0.36%,46,塑膠工業
46,1337,-65.58%,30,-198.46%,121,0.00%,0,38.81%,45,-61.47%,15,-125.07%,42,塑膠工業
47,1338,-6.10%,23,284.25%,170,0.00%,0,25.53%,52,-12.80%,17,45.47%,48,汽車工業
48,1339,145.93%,20,-37.48%,122,0.00%,0,80.01%,47,48.34%,17,48.58%,46,汽車工業
49,1340,-431.13%,31,-239.52%,129,0.00%,0,15.34%,50,-62.77%,15,-108.96%,42,塑膠工業
50,1341,18.79%,8,0.00%,3,0.00%,0,21.54%,23,9.35%,6,19.25%,21,塑膠工業
51,1402,30.98%,22,-969.90%,193,267.48%,149,63.22%,43,7.49%,17,9.55%,40,紡織纖維
52,1409,-4.89%,23,-89.07%,157,-56.58%,6,74.81%,50,-29.00%,15,80.11%,50,紡織纖維
53,1410,116.00%,24,-39.86%,68,0.00%,0,75.81%,38,2.11%,20,22.09%,47,紡織纖維
54,1413,-26.49%,27,154.06%,70,0.00%,0,97.46%,48,-32.87%,13,57.57%,46,紡織纖維
55,1414,76.27%,20,49.67%,77,0.00%,0,54.83%,50,-10.96%,15,22.70%,41,紡織纖維
56,1416,-238.67%,29,31.98%,71,0.00%,0,-20.61%,53,-39.10%,14,-9.05%,43,紡織纖維
57,1417,101.30%,24,1780.45%,162,0.00%,0,106.14%,42,3.88%,16,54.93%,40,紡織纖維
58,1418,945.62%,25,0.00%,0,0.00%,0,53.48%,32,13.57%,11,107.04%,31,紡織纖維
59,1419,71.46%,25,-157.47%,57,0.00%,0,49.65%,46,24.34%,18,39.67%,51,紡織纖維
60,1423,94.01%,24,-190.93%,64,0.00%,0,70.87%,47,30.25%,18,2.90%,36,紡織纖維
61,1432,90.55%,40,-906.28%,94,0.00%,0,62.44%,46,-55.28%,14,-40.39%,44,貿易百貨
62,1434,41.75%,15,-254.60%,203,378.59%,59,63.78%,44,16.66%,17,41.19%,43,紡織纖維
63,1435,53.68%,18,-34.95%,20,0.00%,0,76.00%,52,16.17%,17,12.83%,38,其他
64,1436,43.12%,26,-114.36%,29,0.00%,0,52.95%,51,-4.69%,17,35.67%,55,建材營造
65,1437,58.70%,21,22.12%,179,0.00%,0,85.23%,47,2.05%,15,13.80%,43,其他
66,1438,-5.42%,10,196.30%,17,0.00%,0,155.35%,53,36.14%,17,103.03%,52,建材營造
67,1439,101.26%,20,-356.12%,150,0.00%,0,172.15%,48,16.84%,19,54.73%,45,紡織纖維
68,1440,-173.05%,29,-400.57%,171,0.00%,0,49.70%,45,-11.14%,18,-0.70%,39,紡織纖維
69,1441,153.38%,35,-144.13%,52,0.00%,0,194.14%,43,133.70%,18,66.02%,43,紡織纖維
70,1442,16.22%,24,-783.70%,180,0.00%,0,55.89%,47,-19.13%,17,0.13%,38,建材營造
71,1443,-22.73%,22,19.97%,17,0.00%,0,87.96%,52,35.59%,16,78.81%,51,紡織纖維
72,1444,11.55%,21,60.45%,212,0.00%,1,91.74%,47,-22.94%,17,51.97%,48,紡織纖維
73,1445,16.98%,48,20.02%,28,0.00%,0,5.86%,48,-13.76%,14,12.35%,51,紡織纖維
74,1446,105.02%,21,-83.56%,71,0.00%,0,95.22%,47,7.46%,15,54.71%,42,紡織纖維
75,1447,81.45%,34,158.97%,185,0.00%,0,38.32%,49,-7.06%,16,-11.88%,42,紡織纖維
76,1449,200.70%,48,-100.24%,53,0.00%,0,130.28%,47,83.67%,15,108.55%,53,紡織纖維
77,1451,-376.38%,33,94.57%,123,68.71%,9,25.67%,44,-32.57%,13,25.89%,37,紡織纖維
78,1452,14.08%,29,-42.49%,127,0.00%,9,16.39%,49,2.56%,14,1.25%,41,紡織纖維
79,1453,-67.32%,27,-10.89%,27,0.00%,0,49.89%,47,3.94%,16,43.62%,46,紡織纖維
80,1454,59.59%,38,-9.66%,37,0.00%,0,38.66%,49,17.62%,19,14.25%,45,紡織纖維
81,1455,77.53%,29,-290.60%,163,-18.39%,2,47.30%,52,-0.38%,16,-12.83%,45,紡織纖維
82,1456,-28.82%,25,-166.32%,13,0.00%,0,33.84%,50,-3.71%,14,31.32%,44,紡織纖維
83,1457,17.96%,16,-8.85%,164,17.99%,2,76.08%,47,-6.56%,16,58.50%,47,紡織纖維
84,1459,99.26%,27,-8.76%,89,0.00%,0,29.45%,45,7.71%,16,-2.63%,40,紡織纖維
85,1460,52.26%,36,67.26%,219,0.00%,0,34.04%,46,-20.14%,17,-19.67%,38,紡織纖維
86,1463,-88.01%,28,-295.70%,125,-45.15%,4,3.50%,48,-49.49%,11,-29.49%,34,紡織纖維
87,1464,-28.89%,29,120.52%,164,-11.74%,1,41.57%,47,-26.21%,15,49.94%,50,紡織纖維
88,1465,129.58%,24,12.49%,34,0.00%,0,87.99%,47,70.72%,18,-0.43%,41,紡織纖維
89,1466,-33.62%,31,-22.76%,20,0.00%,0,21.72%,50,-15.40%,15,-15.53%,49,紡織纖維
90,1467,203.20%,22,2.10%,101,0.00%,0,75.57%,52,40.45%,17,46.63%,41,紡織纖維
91,1468,117.27%,23,6.62%,14,0.00%,0,56.40%,49,74.46%,22,41.13%,47,紡織纖維
92,1470,64.21%,15,-35.67%,12,0.00%,0,9.95%,41,23.34%,13,70.15%,41,紡織纖維
93,1471,156.15%,39,158.14%,32,0.00%,0,229.71%,43,102.88%,16,35.40%,40,電子零組件業
94,1472,-708.05%,30,39.01%,34,0.00%,0,123.24%,48,-1.30%,13,119.90%,41,紡織纖維
95,1473,-128.15%,30,-244.69%,106,0.00%,0,67.74%,45,-36.95%,11,-33.34%,40,紡織纖維
96,1474,12.43%,25,-3.26%,104,0.00%,0,41.01%,44,-1.29%,16,19.44%,39,紡織纖維
97,1475,1706.40%,25,447.66%,12,0.00%,0,571.64%,39,340.41%,13,-34.94%,40,紡織纖維
98,1476,28.47%,25,-266.24%,146,-58.80%,143,120.80%,47,21.49%,19,18.83%,48,紡織纖維
99,1477,-23.30%,23,1438.37%,201,129.24%,101,97.67%,49,43.36%,18,14.13%,42,紡織纖維
100,1503,37.35%,15,-25.55%,107,0.00%,0,63.19%,46,8.91%,22,50.94%,47,電機機械
101,1504,-74.54%,27,-195.03%,147,292.78%,38,58.31%,47,-17.81%,17,25.65%,48,電機機械
102,1506,57.88%,36,-46.03%,82,0.00%,0,34.42%,52,-18.24%,16,51.00%,46,電機機械
103,1507,62.74%,31,1406.82%,224,-132.02%,12,62.73%,51,42.67%,16,30.69%,48,電機機械
104,1512,-55.51%,42,-130.51%,47,0.00%,2,149.23%,50,39.99%,16,25.44%,43,汽車工業
105,1513,78.48%,22,-302.46%,218,-10.70%,2,73.14%,45,7.25%,16,35.34%,43,電機機械
106,1514,77.31%,11,216.02%,183,-5.15%,1,166.48%,48,62.52%,16,62.10%,36,電機機械
107,1515,177.88%,20,541.00%,113,161.77%,46,228.46%,53,-0.80%,11,103.93%,42,電機機械
108,1516,-35.93%,29,-102.38%,13,0.00%,0,64.06%,47,-9.66%,18,7.66%,49,其他
109,1517,-6.97%,28,-115.45%,90,0.00%,0,40.32%,51,-9.99%,15,-20.07%,41,電機機械
110,1519,100.44%,15,1199.99%,164,1.79%,7,92.50%,48,69.60%,18,63.52%,47,電機機械
111,1521,-94.84%,29,-36.32%,112,-0.86%,1,39.51%,46,-38.60%,15,-1.91%,41,汽車工業
112,1522,-25.47%,29,-275.84%,175,-24.17%,1,69.70%,50,-4.76%,12,-0.33%,49,汽車工業
113,1524,30.62%,22,6.06%,93,0.00%,0,-5.68%,53,-19.17%,18,6.45%,43,汽車工業
114,1525,33.07%,34,-269.53%,94,-137.62%,20,38.22%,50,-62.77%,15,-26.34%,42,汽車工業
115,1526,-138.64%,27,284.30%,101,0.00%,0,193.89%,47,9.32%,12,38.81%,46,電機機械
116,1527,-332.10%,37,-386.37%,102,-131.31%,9,44.05%,54,-50.84%,14,6.05%,43,電機機械
117,1528,-104.78%,24,-355.49%,119,0.00%,0,89.93%,49,1.70%,16,6.36%,43,電機機械
118,1529,1779.50%,36,-115.22%,30,0.00%,0,531.57%,50,623.18%,12,675.87%,46,電機機械
119,1530,-8.74%,17,-96.95%,40,0.00%,0,50.33%,47,18.45%,15,19.34%,42,電機機械
120,1531,4.57%,30,605.38%,142,-53.17%,3,71.45%,46,-7.06%,13,-29.46%,42,電機機械
121,1532,58.99%,29,-4.93%,144,14.87%,24,29.81%,49,-6.61%,14,22.37%,44,電機機械
122,1533,72.58%,34,-62.00%,166,0.00%,0,66.48%,51,-0.95%,18,45.51%,52,汽車工業
123,1535,-107.44%,30,-160.82%,76,0.00%,0,37.82%,52,-47.05%,15,-4.68%,40,電機機械
124,1536,71.36%,27,-229.82%,136,-269.56%,120,91.93%,51,1.69%,18,18.45%,44,汽車工業
125,1537,13.59%,17,1234.30%,247,-7.19%,16,44.76%,46,0.20%,19,0.89%,43,電機機械
126,1538,-117.65%,32,-30.40%,23,0.00%,0,135.17%,46,57.68%,17,45.91%,46,電機機械
127,1539,-2.76%,29,173.03%,59,0.00%,0,37.15%,47,-55.83%,15,17.74%,44,電機機械
128,1540,-17.23%,19,86.37%,66,0.00%,0,37.99%,50,-8.51%,12,41.62%,41,電機機械
129,1541,122.47%,26,-183.69%,49,-10.51%,1,148.49%,44,-5.31%,16,40.62%,47,電機機械
130,1558,2.12%,30,-88.38%,127,-2.73%,3,-3.37%,56,-11.35%,18,9.50%,40,電機機械
131,1560,74.15%,21,483.44%,152,198.91%,53,60.48%,48,-4.56%,18,19.77%,42,電機機械
132,1568,-187.50%,26,100.88%,147,169.83%,15,56.97%,51,-12.62%,15,6.12%,55,汽車工業
133,1582,213.28%,29,-547.12%,182,-21.31%,2,85.17%,44,17.49%,14,-23.87%,36,電子零組件業
134,1583,25.60%,19,-165.84%,32,0.00%,0,27.18%,51,-17.32%,19,57.84%,48,電機機械
135,1587,27.21%,22,-10.91%,9,0.00%,0,14.17%,35,-15.42%,10,-0.53%,26,汽車工業
136,1589,35.10%,28,-388.11%,140,147.73%,31,133.89%,42,-55.83%,20,-20.91%,40,電機機械
137,1590,83.88%,19,939.89%,157,470.31%,138,154.07%,49,66.46%,16,103.53%,46,電機機械
138,1592,-338.68%,35,-119.31%,138,-106.49%,6,-13.07%,51,-56.61%,16,-41.99%,45,汽車工業
139,1598,16.94%,27,174.32%,104,-124.90%,17,88.58%,51,-9.24%,13,-22.50%,36,生技醫療業
140,1603,70.17%,37,41.82%,51,0.00%,0,39.74%,46,17.16%,14,42.23%,42,電器電纜
141,1604,-70.76%,28,187.73%,143,1.71%,1,70.73%,51,-6.22%,13,-43.67%,39,電器電纜
142,1605,-20.50%,22,709.52%,148,0.88%,44,165.47%,42,-20.95%,16,-27.13%,40,電器電纜
143,1608,154.08%,21,147.09%,173,0.00%,0,92.30%,51,15.59%,18,35.23%,45,電器電纜
144,1609,111.48%,21,686.30%,179,-3.08%,9,175.01%,49,42.73%,17,110.41%,45,電器電纜
145,1611,123.34%,23,739.25%,185,1.25%,1,120.88%,43,8.04%,18,34.61%,41,電器電纜
146,1612,29.75%,25,202.62%,157,0.00%,0,84.49%,51,8.49%,16,25.16%,42,電器電纜
147,1614,74.58%,35,-31.98%,74,0.00%,0,61.09%,52,17.14%,13,60.81%,51,電器電纜
148,1615,136.08%,14,652.47%,48,0.00%,0,129.02%,44,30.62%,17,65.70%,39,電器電纜
149,1616,32.59%,28,-129.44%,38,0.00%,0,75.56%,52,-6.11%,16,1.72%,37,電器電纜
150,1617,31.90%,26,241.91%,51,0.00%,0,86.70%,47,-10.43%,15,105.68%,35,電器電纜
151,1618,121.09%,30,-42.40%,68,0.00%,0,75.48%,49,1.89%,15,21.46%,46,電器電纜
152,1626,30.28%,23,308.50%,99,-30.31%,5,140.98%,48,-19.85%,14,55.99%,40,電器電纜
153,1701,48.39%,14,-332.84%,194,0.00%,1,49.87%,57,-12.60%,15,35.15%,39,生技醫療業
154,1702,16.00%,33,113.95%,158,-84.70%,39,53.11%,48,-5.90%,18,-24.37%,49,食品工業
155,1707,137.15%,27,-160.18%,152,718.73%,83,91.11%,50,29.41%,17,26.34%,49,生技醫療業
156,1708,48.05%,25,-274.04%,160,-13.23%,13,40.47%,50,-14.04%,20,14.36%,43,化學工業
157,1709,-84.70%,33,37.58%,118,-3.28%,2,51.94%,45,-2.67%,17,9.24%,46,化學工業
158,1710,71.51%,25,-670.31%,176,-391.24%,43,83.57%,44,-12.18%,17,-20.87%,43,化學工業
159,1711,45.13%,30,-441.72%,240,0.00%,0,45.19%,42,-11.55%,15,21.81%,44,化學工業
160,1712,18.69%,14,0.86%,166,-12.22%,7,38.25%,55,17.32%,16,41.97%,39,化學工業
161,1713,32.04%,24,50.15%,36,0.00%,0,36.21%,54,9.35%,17,39.28%,46,化學工業
162,1714,47.22%,26,-453.93%,195,0.00%,2,65.81%,42,28.82%,21,44.35%,46,化學工業
163,1717,-3.24%,20,-168.20%,163,536.13%,36,26.25%,50,-14.71%,14,14.73%,42,化學工業
164,1718,21.77%,21,-181.50%,159,0.00%,0,111.43%,50,-19.33%,16,2.36%,43,化學工業
165,1720,48.98%,22,316.69%,165,-3.76%,2,63.29%,46,9.80%,18,55.06%,43,生技醫療業
166,1721,19.24%,37,-155.92%,144,0.00%,0,25.92%,51,-53.71%,15,0.29%,45,化學工業
167,1722,74.94%,19,-102.99%,141,38.96%,80,57.69%,44,31.96%,17,11.31%,45,化學工業
168,1723,-1.37%,25,24.39%,204,5.19%,13,18.32%,52,-8.40%,15,19.41%,43,化學工業
169,1724,13.14%,25,-30.11%,17,0.00%,0,10.99%,52,-17.32%,18,-1.20%,40,化學工業
170,1725,39.30%,16,-58.17%,27,0.00%,0,31.41%,52,16.61%,17,53.96%,37,化學工業
171,1726,-2.52%,24,46.32%,214,0.00%,0,12.35%,47,-9.98%,17,-2.84%,48,化學工業
172,1727,-23.60%,38,106.04%,43,0.00%,0,46.82%,45,-26.76%,17,1.59%,41,化學工業
173,1730,39.23%,15,420.52%,119,0.00%,0,61.58%,53,-5.81%,15,55.10%,46,化學工業
174,1731,79.96%,24,-194.21%,97,0.00%,0,21.59%,50,5.78%,20,18.30%,36,生技醫療業
175,1732,34.24%,30,127.99%,29,0.00%,0,68.72%,53,-16.97%,18,71.42%,37,化學工業
176,1733,30.06%,26,58.63%,147,31.01%,9,35.50%,47,-16.64%,13,11.80%,51,生技醫療業
177,1734,50.59%,29,208.47%,207,0.00%,0,31.21%,50,-5.56%,15,34.20%,41,生技醫療業
178,1735,69.60%,22,-31.10%,22,0.00%,0,40.56%,46,-26.54%,14,43.60%,44,化學工業
179,1736,-8.82%,28,1052.04%,97,-57.10%,16,124.86%,44,-11.72%,11,68.89%,44,生技醫療業
180,1737,11.91%,27,-318.18%,120,1.69%,1,34.45%,52,18.11%,15,25.62%,43,食品工業
181,1760,297.33%,14,-201.18%,65,34.28%,35,207.52%,34,38.49%,11,30.21%,33,生技醫療業
182,1762,181.37%,22,137.07%,124,55.51%,8,168.92%,47,90.75%,18,61.64%,46,生技醫療業
183,1773,39.43%,16,57.77%,159,-41.57%,16,91.94%,49,8.82%,13,94.40%,46,化學工業
184,1776,-11.35%,22,-69.27%,8,0.00%,0,4.63%,51,-28.20%,16,52.77%,51,化學工業
185,1783,326.80%,26,84.08%,120,0.00%,0,129.25%,50,25.74%,15,42.27%,46,生技醫療業
186,1786,134.93%,26,245.86%,104,-37.78%,2,195.04%,46,9.64%,14,-12.93%,43,生技醫療業
187,1789,19.48%,25,-1101.31%,237,-16.76%,2,113.46%,46,4.55%,17,-22.36%,43,生技醫療業
188,1795,24.27%,3,68.07%,18,-14.79%,4,30.19%,6,45.45%,1,-22.39%,7,生技醫療業
189,1802,4.02%,22,468.07%,176,-343.49%,47,58.36%,51,-28.84%,13,-49.28%,42,玻璃陶瓷
190,1805,220.95%,39,-2.88%,33,0.00%,0,73.49%,52,7.63%,12,85.59%,35,建材營造
191,1806,0.26%,36,21.95%,70,0.00%,0,34.87%,47,-24.61%,11,10.40%,48,玻璃陶瓷
192,1808,-5.64%,22,533.36%,188,56.75%,2,103.83%,48,8.83%,15,15.53%,39,建材營造
193,1809,83.41%,23,-184.30%,153,0.00%,0,73.20%,50,-14.33%,15,47.48%,38,玻璃陶瓷
194,1810,-15.34%,23,-45.53%,160,0.00%,0,20.96%,43,-19.18%,17,8.88%,47,玻璃陶瓷
195,1817,18.46%,29,406.01%,114,-2.18%,5,37.11%,50,-18.92%,15,-8.43%,51,玻璃陶瓷
196,1902,78.14%,17,205.67%,189,0.00%,0,83.29%,48,4.84%,17,108.58%,41,造紙工業
197,1903,55.51%,19,-88.12%,65,0.00%,0,32.45%,53,20.98%,15,67.46%,52,造紙工業
198,1904,86.83%,25,-113.38%,189,-184.77%,30,120.98%,46,18.64%,13,61.56%,40,造紙工業
199,1905,-61.47%,30,-80.44%,139,-50.36%,5,62.69%,47,-12.22%,15,32.97%,46,造紙工業
200,1906,31.08%,23,-77.89%,128,0.00%,2,95.14%,46,-33.84%,16,-4.04%,45,造紙工業
201,1907,46.96%,20,-184.24%,226,-43.83%,3,93.32%,46,9.72%,18,55.40%,40,造紙工業
202,1909,5.96%,21,-197.08%,136,1615.37%,103,143.62%,50,8.37%,16,-16.58%,38,造紙工業
203,2002,10.07%,17,-369.87%,249,-860.31%,115,7.47%,51,-9.25%,16,3.97%,45,鋼鐵工業
204,2006,21.82%,19,-94.74%,159,-16.88%,33,63.00%,47,-0.45%,13,0.26%,40,鋼鐵工業
205,2007,156.71%,45,-39.69%,38,0.00%,0,98.39%,45,-40.96%,17,19.16%,37,鋼鐵工業
206,2008,17.08%,20,38.39%,49,0.00%,0,29.79%,58,-1.00%,20,45.59%,47,鋼鐵工業
207,2009,81.15%,23,306.30%,136,0.00%,1,136.83%,49,2.31%,17,16.91%,38,鋼鐵工業
208,2010,-13.62%,33,101.39%,79,0.44%,1,16.61%,52,-15.44%,18,-8.48%,40,鋼鐵工業
209,2012,-24.52%,36,8.64%,36,0.00%,0,27.97%,49,5.59%,13,19.49%,41,鋼鐵工業
210,2013,83.25%,25,-4.35%,183,-3.91%,1,161.35%,43,92.25%,15,21.67%,45,鋼鐵工業
211,2014,22.40%,23,556.29%,210,-51.44%,26,45.72%,43,-15.96%,15,49.90%,44,鋼鐵工業
212,2015,6.16%,17,142.77%,97,-102.70%,30,58.36%,54,16.19%,15,-5.81%,43,鋼鐵工業
213,2017,-76.83%,24,261.34%,90,0.00%,0,-30.84%,51,-44.14%,14,56.67%,49,鋼鐵工業
214,2020,63.30%,21,177.63%,121,0.00%,1,64.25%,49,-14.36%,19,42.86%,40,鋼鐵工業
215,2022,2.93%,24,432.89%,139,0.00%,0,72.73%,44,-30.95%,15,63.12%,40,鋼鐵工業
216,2023,-27.34%,33,-18.72%,173,-64.93%,9,20.48%,46,5.31%,17,50.84%,52,鋼鐵工業
217,2024,78.96%,18,-127.10%,59,0.00%,0,64.01%,44,37.64%,20,43.77%,42,鋼鐵工業
218,2025,-177.21%,26,0.00%,0,0.00%,0,60.90%,38,27.16%,14,105.22%,41,鋼鐵工業
219,2027,58.82%,17,-134.82%,188,418.34%,59,126.38%,50,46.44%,17,76.76%,46,鋼鐵工業
220,2028,84.91%,22,-41.20%,76,0.00%,0,106.27%,45,-21.76%,15,84.56%,46,鋼鐵工業
221,2029,-218.68%,28,99.13%,67,44.92%,4,1.91%,46,-27.98%,17,-14.34%,41,鋼鐵工業
222,2030,16.69%,28,1211.41%,133,-3.17%,1,58.37%,53,26.25%,17,14.46%,37,鋼鐵工業
223,2031,126.64%,22,467.34%,185,72.23%,17,80.44%,51,59.18%,15,44.20%,54,鋼鐵工業
224,2032,102.13%,38,-100.76%,46,0.00%,0,8.58%,44,9.34%,18,32.58%,49,鋼鐵工業
225,2033,70.69%,21,123.75%,46,0.00%,0,85.46%,48,60.58%,19,9.36%,43,鋼鐵工業
226,2034,-40.21%,27,-301.36%,141,-0.93%,7,22.67%,46,31.13%,17,38.90%,45,鋼鐵工業
227,2038,-63.48%,30,-676.73%,111,0.00%,0,117.86%,47,-20.29%,16,-9.77%,40,鋼鐵工業
228,2049,81.27%,20,846.55%,202,975.66%,170,108.51%,53,61.68%,12,49.09%,45,電機機械
229,2059,11.05%,33,75.31%,99,-48.64%,32,81.01%,49,-24.10%,16,39.90%,48,電子零組件業
230,2062,-47.80%,31,-512.89%,172,-3.84%,1,5.14%,41,-37.59%,18,27.86%,49,其他
231,2069,-12.22%,26,-373.20%,143,0.00%,0,35.36%,52,-4.22%,17,0.53%,47,鋼鐵工業
232,2101,111.38%,37,-178.29%,247,0.00%,5,51.01%,47,5.89%,14,12.62%,40,橡膠工業
233,2102,131.30%,19,-289.88%,213,0.00%,0,85.64%,43,27.32%,21,33.91%,42,橡膠工業
234,2103,-46.18%,25,-1259.91%,185,-16.63%,2,27.43%,53,-55.81%,19,20.89%,51,橡膠工業
235,2104,-16.30%,25,-496.17%,159,-35.58%,62,92.92%,43,-0.79%,16,2.77%,41,橡膠工業
236,2105,1.83%,31,-590.76%,213,-387.30%,63,18.11%,48,-23.74%,16,16.39%,48,橡膠工業
237,2106,-3.18%,31,-315.39%,161,-45.96%,11,2.88%,45,-19.49%,17,-3.41%,45,橡膠工業
238,2107,58.46%,26,-11.17%,63,0.00%,0,52.62%,44,28.25%,16,10.03%,33,橡膠工業
239,2108,165.99%,16,249.55%,211,-27.60%,9,95.31%,53,13.61%,19,23.58%,40,橡膠工業
240,2109,63.83%,28,215.80%,83,0.00%,0,67.44%,46,-4.37%,13,58.52%,40,橡膠工業
241,2114,8.71%,19,60.00%,69,0.00%,0,25.57%,50,-2.28%,15,14.71%,50,橡膠工業
242,2115,-174.56%,42,-77.24%,54,-5.59%,1,15.83%,49,-43.97%,15,-3.14%,45,汽車工業
243,2201,15.65%,35,52.40%,150,-106.80%,38,97.61%,43,40.29%,18,27.93%,40,汽車工業
244,2204,172.68%,28,359.50%,96,815.81%,51,96.86%,45,-20.98%,16,44.41%,49,汽車工業
245,2206,-8.26%,20,-599.02%,264,-7.47%,3,20.79%,54,4.21%,19,74.79%,47,汽車工業
246,2207,-60.61%,30,3.61%,194,925.81%,38,142.51%,50,-58.09%,10,13.83%,36,汽車工業
247,2208,310.70%,24,220.23%,152,0.00%,0,368.42%,44,155.57%,20,92.04%,42,航運業
248,2227,40.56%,17,-139.36%,173,-365.67%,40,73.04%,53,-21.94%,13,17.69%,44,汽車工業
249,2228,-4.15%,24,1216.70%,169,38.88%,17,66.59%,51,-48.73%,16,-15.89%,37,汽車工業
250,2231,-18.79%,26,-73.42%,94,-234.16%,119,136.44%,47,-27.82%,14,9.02%,48,汽車工業
251,2233,69.76%,7,-174.26%,30,0.00%,3,3.44%,9,-15.24%,2,-19.64%,8,汽車工業
252,2236,-112.83%,33,-46.16%,71,39.94%,9,37.72%,43,-77.52%,16,-35.35%,44,汽車工業
253,2239,-388.65%,34,-300.49%,144,-466.73%,43,85.50%,41,-48.71%,17,-25.70%,39,汽車工業
254,2243,-194.86%,25,-126.44%,13,0.00%,0,-104.32%,40,-98.85%,13,14.93%,33,汽車工業
255,2301,104.62%,23,-36.92%,197,-206.35%,104,84.66%,48,18.99%,18,25.18%,50,電腦及週邊設備業
256,2302,307.93%,27,111.87%,30,0.00%,0,136.19%,47,24.86%,15,21.93%,46,半導體業
257,2303,44.66%,19,296.12%,191,-108.17%,96,66.78%,50,8.54%,17,53.22%,42,半導體業
258,2305,154.41%,29,-237.48%,80,0.00%,0,111.73%,50,-12.92%,14,-17.53%,44,電腦及週邊設備業
259,2308,26.34%,26,-275.49%,180,410.29%,147,34.38%,46,-44.75%,15,-12.88%,39,電子零組件業
260,2312,83.12%,26,-16.73%,217,-7.49%,2,62.95%,46,-0.95%,15,11.01%,45,其他電子業
261,2313,148.54%,30,561.46%,177,521.46%,138,208.21%,53,-10.89%,11,68.50%,37,電子零組件業
262,2314,126.10%,21,585.83%,128,20.27%,14,99.60%,50,-3.28%,14,47.67%,46,通信網路業
263,2316,-4.48%,25,312.97%,138,102.62%,2,193.00%,42,42.11%,15,44.13%,35,電子零組件業
264,2317,-43.53%,20,798.24%,180,381.33%,152,53.62%,40,0.22%,17,11.13%,46,其他電子業
265,2321,377.73%,42,-91.69%,4,0.00%,0,107.06%,53,79.19%,16,29.30%,45,通信網路業
266,2323,107.37%,31,197.71%,127,87.72%,11,176.40%,50,29.92%,14,109.56%,43,光電業
267,2324,51.04%,24,-370.77%,187,105.56%,86,51.83%,53,6.25%,17,5.26%,50,電腦及週邊設備業
268,2327,59.97%,20,702.28%,72,2195.63%,199,257.59%,50,108.93%,15,48.99%,34,電子零組件業
269,2328,91.52%,23,128.09%,176,-109.84%,6,68.16%,49,6.11%,15,36.53%,49,電子零組件業
270,2329,59.86%,27,227.48%,142,-35.92%,7,155.95%,48,52.70%,16,98.95%,42,半導體業
271,2330,63.68%,19,260.40%,186,486.35%,138,96.95%,53,20.32%,17,52.38%,45,半導體業
272,2331,133.75%,30,-273.97%,171,0.00%,0,101.27%,46,-12.77%,15,-21.13%,41,電腦及週邊設備業
273,2332,93.66%,21,352.72%,161,0.00%,0,133.94%,46,23.33%,15,46.54%,44,通信網路業
274,2337,136.46%,22,6421.43%,186,2865.88%,125,357.03%,53,193.09%,15,73.12%,43,半導體業
275,2338,227.54%,25,61.45%,107,-43.50%,6,214.72%,44,97.29%,14,50.93%,39,半導體業
276,2340,41.04%,19,156.72%,165,-72.77%,15,185.92%,46,44.12%,18,24.77%,40,光電業
277,2342,-30.94%,20,229.31%,100,0.00%,0,639.25%,41,142.24%,16,304.24%,46,半導體業
278,2344,37.68%,25,123.84%,148,562.04%,95,184.75%,44,48.60%,17,17.74%,39,半導體業
279,2345,120.56%,16,2171.92%,203,560.02%,176,185.39%,54,100.52%,16,130.96%,45,通信網路業
280,2347,85.74%,30,-337.36%,228,110.27%,48,41.31%,46,12.14%,16,53.68%,49,電子通路業
281,2348,627.06%,24,591.16%,86,-44.15%,6,192.52%,41,95.49%,13,121.06%,39,其他
282,2349,133.17%,30,147.57%,151,-50.03%,12,136.79%,47,-49.52%,15,59.33%,44,光電業
283,2351,203.41%,25,-30.66%,123,64.06%,82,174.34%,53,27.78%,16,-0.54%,41,半導體業
284,2352,-54.45%,25,362.41%,138,-302.67%,57,38.16%,53,-1.26%,15,47.78%,47,電腦及週邊設備業
285,2353,41.41%,19,-243.64%,166,-150.41%,47,156.13%,41,9.98%,18,9.92%,42,電腦及週邊設備業
286,2354,-43.66%,27,-222.15%,131,-57.03%,44,13.71%,46,-29.79%,18,-4.38%,43,其他電子業
287,2355,-88.68%,30,-467.71%,183,-101.21%,16,77.41%,51,-13.19%,18,-54.50%,41,電子零組件業
288,2356,135.06%,26,-379.93%,153,63.43%,98,49.00%,47,33.68%,21,22.09%,51,電腦及週邊設備業
289,2357,99.25%,22,-390.10%,226,322.78%,94,53.46%,54,-38.13%,19,-13.80%,42,電腦及週邊設備業
290,2358,210.36%,34,-219.39%,163,0.00%,0,88.40%,43,-4.63%,13,66.57%,43,其他
291,2359,78.68%,17,47.38%,172,0.00%,2,118.49%,48,28.19%,16,65.10%,47,其他電子業
292,2360,204.33%,17,-271.25%,213,-55.55%,71,93.42%,53,54.06%,18,137.51%,49,其他電子業
293,2362,86.21%,30,-125.31%,173,-47.06%,2,76.46%,43,-0.71%,15,11.92%,44,電腦及週邊設備業
294,2363,382.88%,22,539.38%,139,0.00%,0,170.63%,54,61.64%,17,72.65%,44,半導體業
295,2364,-26.80%,36,0.00%,0,0.00%,0,120.07%,47,31.32%,16,102.96%,47,電腦及週邊設備業
296,2365,98.12%,29,-133.12%,166,0.00%,0,95.56%,42,13.05%,19,23.98%,39,電腦及週邊設備業
297,2367,-29.42%,19,199.29%,106,6.88%,26,198.65%,47,35.05%,16,66.37%,44,電子零組件業
298,2368,207.24%,18,258.16%,131,792.17%,45,200.65%,45,67.57%,17,70.94%,42,電子零組件業
299,2369,102.42%,22,146.25%,125,-39.07%,4,90.24%,44,15.55%,18,50.74%,49,半導體業
300,2371,383.26%,33,-695.43%,153,13.30%,10,232.60%,44,-5.96%,18,-13.52%,43,電機機械
301,2373,38.14%,21,509.48%,173,-43.01%,15,84.20%,47,10.70%,16,29.66%,43,其他電子業
302,2374,13.72%,23,69.82%,122,0.00%,2,76.32%,45,-35.05%,18,59.89%,44,光電業
303,2375,-83.95%,22,273.53%,110,0.00%,0,199.74%,49,12.36%,14,73.41%,45,電子零組件業
304,2376,29.31%,25,1103.05%,144,141.47%,85,128.01%,49,75.94%,19,35.87%,43,電腦及週邊設備業
305,2377,226.02%,28,271.02%,146,192.60%,157,149.62%,42,70.96%,16,5.87%,43,電腦及週邊設備業
306,2379,116.98%,16,326.90%,199,825.15%,130,113.61%,53,66.00%,14,104.12%,47,半導體業
307,2380,-64.06%,38,-151.25%,37,0.00%,0,42.09%,49,2.38%,19,-3.50%,41,電腦及週邊設備業
308,2382,115.53%,26,-70.97%,160,551.27%,139,54.27%,51,20.03%,17,11.43%,38,電腦及週邊設備業
309,2383,161.10%,22,218.48%,132,-319.73%,165,186.52%,51,63.65%,16,98.45%,47,電子零組件業
310,2385,-3.63%,21,422.03%,166,157.01%,83,29.99%,53,4.37%,15,10.13%,44,電子零組件業
311,2387,310.47%,25,23.77%,141,-18.12%,13,169.93%,47,17.45%,17,30.15%,39,電腦及週邊設備業
312,2388,119.80%,19,1029.15%,144,-57.99%,4,220.23%,51,50.38%,15,111.93%,49,半導體業
313,2390,74.92%,29,-284.86%,168,0.00%,0,112.91%,44,24.39%,17,32.75%,51,其他電子業
314,2392,-166.02%,25,434.29%,203,2.71%,9,163.59%,44,-46.86%,15,-11.91%,45,電子零組件業
315,2393,-50.01%,28,51.10%,206,-21.73%,2,69.50%,44,-3.61%,17,-28.18%,42,光電業
316,2395,42.20%,20,-4.14%,230,259.31%,109,56.53%,47,15.54%,17,24.13%,45,電腦及週邊設備業
317,2397,17.39%,25,710.58%,109,91.09%,4,87.28%,47,11.01%,14,-5.04%,42,電腦及週邊設備業
318,2399,63.15%,22,563.54%,148,0.00%,0,128.42%,49,-24.29%,15,8.34%,43,電腦及週邊設備業
319,2401,59.81%,22,166.11%,160,0.00%,2,62.94%,49,-10.01%,15,29.71%,44,半導體業
320,2402,69.74%,23,-405.45%,203,-52.06%,2,84.40%,47,3.49%,18,31.20%,44,電子零組件業
321,2404,135.41%,14,853.43%,157,270.11%,30,165.51%,50,42.49%,15,53.14%,44,其他電子業
322,2405,101.44%,26,328.10%,169,0.00%,0,69.64%,48,52.38%,18,173.41%,52,電腦及週邊設備業
323,2406,202.98%,29,-825.02%,177,0.00%,0,198.97%,42,73.99%,16,6.87%,43,光電業
324,2408,-19.12%,24,150.22%,154,416.94%,155,131.67%,48,45.85%,15,28.55%,46,半導體業
325,2409,65.07%,28,-518.35%,161,941.74%,106,69.44%,48,21.80%,17,3.02%,45,光電業
326,2412,24.56%,26,-1.16%,145,1.91%,127,13.19%,58,11.95%,13,17.98%,35,通信網路業
327,2413,149.24%,21,44.26%,116,0.00%,0,185.34%,50,23.39%,15,113.06%,43,電子零組件業
328,2414,41.66%,13,63.78%,126,0.00%,1,48.85%,52,40.73%,14,57.92%,41,電子通路業
329,2415,96.24%,28,635.44%,109,0.00%,0,49.32%,49,-49.16%,14,17.79%,43,電子零組件業
330,2417,170.84%,17,203.56%,177,0.00%,3,88.02%,45,80.08%,17,57.67%,53,電腦及週邊設備業
331,2419,170.54%,22,76.02%,209,0.00%,0,123.48%,47,74.38%,17,16.15%,40,通信網路業
332,2420,73.74%,18,45.06%,210,0.00%,0,34.52%,54,10.66%,19,8.16%,46,電子零組件業
333,2421,190.62%,15,86.54%,135,132.30%,27,172.18%,47,-1.74%,15,79.93%,45,電子零組件業
334,2423,-14.06%,21,32.45%,127,0.00%,0,76.14%,51,3.04%,14,54.63%,45,其他電子業
335,2424,401.10%,36,-48.78%,5,0.00%,0,155.39%,42,33.77%,11,7.00%,35,電腦及週邊設備業
336,2425,5.93%,29,-218.21%,157,0.00%,0,150.07%,46,-8.48%,16,1.70%,41,電腦及週邊設備業
337,2426,121.45%,24,491.71%,196,-19.04%,1,126.88%,51,-10.78%,15,18.54%,42,光電業
338,2427,51.00%,26,248.18%,134,0.00%,0,104.69%,47,23.19%,17,73.75%,42,資訊服務業
339,2428,164.15%,26,-30.89%,158,-4.75%,6,130.58%,45,29.59%,17,66.87%,54,電子零組件業
340,2429,344.51%,19,389.30%,19,0.00%,0,136.60%,40,128.42%,11,296.74%,41,電子零組件業
341,2430,-22.59%,29,-218.69%,95,0.00%,0,8.44%,44,-36.28%,15,-7.34%,43,電子通路業
342,2431,-183.88%,29,51.34%,151,0.00%,2,114.45%,45,-52.96%,15,3.42%,51,電子零組件業
343,2433,45.77%,21,-8.90%,99,0.00%,0,37.32%,47,9.38%,12,14.88%,40,其他電子業
344,2434,49.56%,36,209.88%,31,0.00%,0,134.67%,51,-31.02%,13,94.65%,44,半導體業
345,2436,103.16%,15,-340.74%,194,0.00%,2,74.95%,47,60.25%,20,121.98%,49,半導體業
346,2438,73.72%,61,-29.76%,18,0.00%,0,40.11%,52,-54.61%,11,22.35%,43,光電業
347,2439,74.35%,31,-89.52%,130,51.28%,138,108.78%,45,56.33%,17,13.72%,42,通信網路業
348,2440,115.42%,26,5.53%,45,0.00%,0,143.30%,51,2.27%,17,19.69%,49,電子零組件業
349,2441,-15.17%,11,-2.87%,111,-31.36%,29,73.53%,50,25.77%,14,11.11%,39,半導體業
350,2442,19.44%,20,-293.62%,113,0.00%,6,126.60%,44,19.21%,15,7.74%,44,電腦及週邊設備業
351,2443,-90.45%,25,-101.10%,33,0.00%,0,-37.64%,47,-64.70%,14,71.90%,44,其他
352,2444,-87.96%,17,1040.44%,116,0.00%,2,168.71%,49,10.27%,13,-15.32%,43,通信網路業
353,2448,262.91%,17,1456.75%,131,612.17%,123,211.14%,48,58.97%,17,53.51%,42,光電業
354,2449,58.98%,21,-267.07%,161,34.46%,93,115.01%,50,-8.22%,15,62.28%,47,半導體業
355,2450,-182.19%,24,-172.78%,150,0.00%,0,26.38%,44,-19.71%,18,8.77%,42,通信網路業
356,2451,-29.62%,28,-40.11%,98,-91.24%,56,16.90%,47,-21.99%,13,28.20%,46,半導體業
357,2453,146.22%,20,-188.49%,111,0.00%,0,100.64%,50,64.27%,18,141.90%,53,資訊服務業
358,2454,25.87%,22,86.32%,173,890.87%,225,113.22%,50,53.19%,14,66.29%,43,半導體業
359,2455,114.33%,20,611.57%,139,444.78%,91,201.34%,41,40.71%,16,32.41%,45,通信網路業
360,2456,165.73%,26,393.53%,116,451.58%,105,172.10%,49,63.36%,15,37.71%,45,電子零組件業
361,2457,76.13%,28,-48.28%,180,-17.00%,1,87.68%,47,-25.45%,16,73.59%,44,電子零組件業
362,2458,154.65%,14,512.14%,225,176.09%,82,149.09%,53,81.08%,17,83.42%,41,半導體業
363,2459,51.22%,24,116.80%,159,0.00%,0,40.09%,41,-2.28%,16,52.95%,41,電子通路業
364,2460,-38.17%,31,81.34%,64,0.00%,0,111.80%,49,13.09%,15,-5.05%,39,電子零組件業
365,2461,-227.11%,26,-411.19%,155,0.00%,0,111.17%,49,15.14%,15,-8.91%,40,其他電子業
366,2462,-16.21%,23,191.59%,114,0.00%,0,88.30%,45,17.41%,15,84.55%,44,電子零組件業
367,2464,66.17%,34,23.10%,176,-10.55%,10,45.12%,49,10.51%,12,29.26%,43,其他電子業
368,2465,40.96%,20,86.00%,43,0.00%,0,217.31%,49,-65.20%,18,210.90%,50,電腦及週邊設備業
369,2466,43.68%,21,183.51%,154,0.00%,0,63.16%,46,-15.46%,16,13.29%,34,光電業
370,2467,97.79%,17,-211.48%,145,-20.18%,4,78.14%,49,62.24%,17,45.73%,45,電子零組件業
371,2468,-16.86%,27,208.30%,64,0.00%,0,48.93%,51,39.58%,18,69.35%,37,資訊服務業
372,2471,110.00%,29,62.63%,53,0.00%,0,88.57%,48,59.08%,17,-5.60%,44,資訊服務業
373,2472,131.30%,22,-364.83%,140,27.26%,7,115.41%,50,-10.09%,16,44.36%,42,電子零組件業
374,2474,-22.43%,19,-44.28%,164,-101.42%,220,118.84%,46,32.62%,15,-11.25%,38,其他電子業
375,2476,10.30%,31,-188.66%,97,0.00%,0,43.31%,46,-16.53%,17,-4.87%,39,電子零組件業
376,2477,-20.90%,19,-157.03%,121,-2.59%,1,66.97%,48,-6.34%,16,70.33%,49,其他電子業
377,2478,214.46%,26,995.01%,127,-101.48%,8,294.72%,43,60.77%,13,44.61%,43,電子零組件業
378,2480,105.44%,14,622.56%,194,2.61%,8,134.36%,52,30.69%,14,0.42%,37,資訊服務業
379,2481,34.56%,15,178.49%,148,233.70%,60,249.60%,47,42.11%,18,-18.51%,37,半導體業
380,2482,63.02%,34,23.94%,48,0.00%,0,50.87%,53,6.57%,15,21.48%,48,其他電子業
381,2483,56.43%,22,174.78%,69,-47.54%,10,38.90%,51,5.40%,14,42.24%,35,電子零組件業
382,2484,147.79%,24,33.88%,185,0.00%,0,40.27%,54,6.04%,15,46.89%,50,電子零組件業
383,2485,62.67%,23,119.49%,192,-37.89%,1,57.74%,46,-51.79%,16,0.66%,42,通信網路業
384,2486,118.48%,19,327.71%,150,0.00%,0,91.60%,44,-26.89%,19,0.15%,46,光電業
385,2488,-40.06%,24,-207.58%,151,26.60%,5,99.42%,45,-33.19%,16,15.80%,50,其他電子業
386,2489,-86.81%,32,-367.92%,184,0.00%,0,-8.77%,52,-63.38%,15,-67.60%,41,光電業
387,2491,226.42%,29,21.79%,13,0.00%,0,135.89%,46,13.29%,15,118.82%,45,光電業
388,2492,209.90%,15,422.79%,99,2348.99%,141,304.95%,50,94.13%,17,24.62%,39,電子零組件業
389,2493,84.64%,26,-105.93%,155,0.00%,0,83.95%,45,4.11%,14,-4.67%,38,電子零組件業
390,2495,-21.69%,30,-321.71%,146,0.00%,0,41.65%,50,-0.51%,15,2.14%,41,其他電子業
391,2496,-19.50%,30,-177.92%,22,0.00%,0,99.46%,45,-10.45%,12,-31.22%,44,其他
392,2497,-226.21%,22,-743.50%,170,0.00%,0,66.93%,50,-54.75%,13,51.37%,47,汽車工業
393,2498,98.00%,24,-181.06%,144,-0.70%,12,70.26%,44,25.06%,17,7.09%,47,通信網路業
394,2499,97.31%,25,-507.78%,175,0.00%,0,50.11%,43,-58.02%,16,7.42%,40,光電業
395,2501,62.83%,23,-126.90%,200,11.54%,26,85.90%,46,17.70%,14,1.78%,41,建材營造
396,2504,82.41%,20,94.25%,160,0.00%,5,96.02%,52,0.69%,15,40.74%,45,建材營造
397,2505,230.25%,20,353.00%,133,0.00%,0,130.15%,50,38.27%,18,43.21%,37,建材營造
398,2506,-16.46%,29,-41.93%,64,0.00%,0,30.94%,55,-11.47%,15,9.98%,33,建材營造
399,2509,69.86%,27,-64.81%,72,1.86%,1,83.37%,48,28.05%,16,43.24%,45,建材營造
400,2511,32.99%,25,89.28%,195,5.73%,2,50.99%,49,11.38%,17,11.69%,34,建材營造
401,2514,19.39%,26,-53.47%,157,-12.34%,1,25.72%,47,0.60%,18,26.86%,44,其他
402,2515,52.00%,22,164.58%,193,0.00%,2,79.14%,44,36.56%,16,44.32%,46,建材營造
403,2516,-51.66%,28,26.05%,92,0.00%,0,47.51%,45,-26.66%,19,-35.14%,36,建材營造
404,2520,99.44%,27,684.38%,164,32.27%,41,155.25%,49,25.93%,15,-16.86%,44,建材營造
405,2524,94.07%,29,188.46%,101,0.00%,0,78.37%,44,26.50%,15,50.79%,46,建材營造
406,2527,63.04%,25,-1.30%,134,3.25%,1,92.99%,48,-3.44%,19,-8.84%,38,建材營造
407,2528,-50.79%,25,-41.56%,56,0.00%,0,175.78%,51,85.30%,12,65.69%,42,建材營造
408,2530,30.82%,15,349.40%,113,0.00%,0,26.54%,52,23.66%,19,56.53%,46,建材營造
409,2534,-118.67%,23,-208.52%,163,3.42%,1,72.10%,51,-14.54%,12,36.86%,47,建材營造
410,2535,-28.33%,17,-244.61%,132,146.53%,11,77.38%,45,18.39%,15,-2.43%,36,建材營造
411,2536,61.00%,27,20.93%,67,-35.69%,8,66.32%,51,33.14%,19,32.03%,42,建材營造
412,2537,103.88%,19,38.17%,121,0.00%,0,90.68%,47,-14.10%,16,-3.85%,40,建材營造
413,2538,76.70%,24,104.01%,191,0.00%,0,28.10%,52,6.69%,15,39.14%,40,建材營造
414,2539,10.96%,11,44.80%,82,0.00%,0,40.42%,47,12.22%,14,34.98%,52,建材營造
415,2540,122.64%,26,128.87%,26,0.00%,0,57.70%,50,43.94%,14,6.01%,41,建材營造
416,2542,-46.64%,25,-231.66%,133,-89.80%,27,35.80%,51,1.30%,16,11.16%,47,建材營造
417,2543,-62.31%,40,-1.13%,18,0.00%,0,-28.80%,53,-11.90%,15,61.63%,65,建材營造
418,2545,82.57%,24,-84.58%,125,0.00%,0,75.18%,46,2.60%,16,1.65%,36,建材營造
419,2546,50.23%,11,99.11%,141,0.00%,0,86.91%,51,25.61%,15,22.81%,40,建材營造
420,2547,-66.54%,30,573.47%,233,0.00%,0,50.87%,50,-15.52%,15,22.83%,43,建材營造
421,2548,40.39%,14,151.74%,181,-18.18%,69,82.21%,49,24.83%,17,39.57%,43,建材營造
422,2597,35.22%,20,339.53%,97,0.00%,0,87.60%,45,21.82%,17,32.66%,45,建材營造
423,2601,174.74%,22,659.95%,151,0.00%,0,104.50%,47,47.49%,15,23.22%,46,貿易百貨
424,2603,73.73%,22,-327.80%,187,155.58%,113,86.03%,46,30.68%,18,11.83%,38,航運業
425,2605,43.73%,25,-141.55%,182,-44.54%,7,85.65%,46,52.85%,16,-22.55%,33,航運業
426,2606,33.62%,28,160.45%,185,-327.43%,65,130.20%,49,30.99%,18,4.38%,41,航運業
427,2607,55.90%,20,72.54%,237,4.97%,2,50.48%,42,17.48%,18,43.29%,39,航運業
428,2608,-33.60%,31,-948.10%,295,21.29%,4,28.93%,50,30.85%,16,22.11%,50,航運業
429,2609,-84.30%,21,223.33%,180,282.97%,14,82.25%,45,82.06%,16,148.52%,40,航運業
430,2610,3.13%,32,-719.00%,187,-329.22%,74,58.55%,48,49.70%,17,24.16%,48,航運業
431,2611,-7.58%,31,-22.53%,31,0.00%,0,51.92%,48,-7.64%,16,-3.06%,39,航運業
432,2612,-109.37%,24,-693.66%,145,-237.44%,23,99.35%,48,-26.25%,20,-8.37%,43,航運業
433,2613,72.02%,31,-68.21%,58,0.00%,0,63.77%,53,13.36%,12,-7.91%,43,航運業
434,2614,152.65%,30,-223.17%,148,-1.40%,1,114.45%,47,36.85%,14,41.77%,44,貿易百貨
435,2615,24.17%,23,1190.20%,192,-167.17%,48,82.54%,42,3.03%,18,30.00%,43,航運業
436,2616,35.04%,21,-166.77%,155,0.00%,0,22.29%,46,6.29%,17,17.26%,39,油電燃氣業
437,2617,-5.45%,19,-321.70%,185,-43.38%,3,105.50%,48,12.00%,17,18.74%,45,航運業
438,2618,-3.32%,27,-597.25%,189,-359.72%,92,31.58%,52,-17.11%,15,14.53%,42,航運業
439,2630,-4.57%,20,-141.28%,15,0.00%,0,48.93%,30,-49.84%,11,-32.42%,27,航運業
440,2633,-19.21%,18,2958.10%,351,799.70%,126,75.40%,51,-11.72%,14,48.45%,38,航運業
441,2634,-32.09%,27,-60.31%,115,185.23%,42,33.57%,52,-29.06%,16,-19.85%,41,航運業
442,2636,32.68%,20,351.24%,158,-28.20%,5,62.89%,50,30.62%,15,2.89%,46,航運業
443,2637,-52.85%,21,-449.14%,197,-26.84%,13,58.79%,45,-2.10%,18,4.87%,42,航運業
444,2642,-25.17%,22,136.11%,77,-1.27%,3,44.98%,49,34.34%,16,84.12%,48,航運業
445,2701,-7.93%,26,-37.85%,37,0.00%,0,28.47%,47,-10.21%,15,7.30%,35,觀光事業
446,2702,36.36%,29,172.68%,84,0.00%,0,236.29%,45,-19.44%,15,-61.57%,41,觀光事業
447,2704,41.61%,32,275.57%,149,0.00%,0,67.82%,48,0.46%,15,-20.49%,40,觀光事業
448,2705,-31.56%,38,-239.03%,150,0.00%,0,47.51%,44,-3.05%,15,70.76%,46,觀光事業
449,2706,-20.00%,32,-17.84%,92,0.00%,0,33.42%,48,-12.12%,17,-0.16%,34,觀光事業
450,2707,-9.15%,31,209.05%,118,7.15%,16,33.84%,45,-20.91%,13,-12.50%,34,觀光事業
451,2712,164.21%,11,128.70%,16,0.00%,0,47.98%,41,38.57%,12,104.31%,44,觀光事業
452,2722,-12.31%,36,-61.41%,11,0.00%,0,22.11%,42,-31.13%,9,-22.89%,39,觀光事業
453,2723,-92.24%,38,53.66%,107,-39.43%,58,27.33%,49,-17.88%,14,38.14%,46,觀光事業
454,2727,-320.12%,33,493.35%,160,23.82%,4,31.38%,47,-53.30%,15,-45.15%,43,觀光事業
455,2731,-10.16%,26,-288.13%,102,-111.31%,29,87.70%,44,-49.28%,15,-27.30%,48,觀光事業
456,2739,-20.24%,30,-185.68%,138,0.00%,0,35.31%,46,5.32%,14,-30.84%,36,觀光事業
457,2748,-136.76%,32,-204.02%,99,-100.86%,42,74.88%,44,-14.11%,16,-32.00%,41,觀光事業
458,2801,59.77%,23,-4.74%,168,-723.12%,88,54.42%,51,24.70%,18,27.21%,40,金融保險業
459,2809,14.07%,19,-5.05%,132,-205.84%,38,76.12%,51,17.68%,13,29.05%,46,金融保險業
460,2812,26.55%,8,-236.98%,238,-30.81%,29,43.72%,52,19.28%,17,30.88%,33,金融保險業
461,2816,93.55%,21,-86.51%,179,0.00%,0,82.53%,43,9.93%,18,55.74%,45,金融保險業
462,2820,21.91%,19,211.70%,167,6.78%,5,19.26%,48,15.58%,15,13.98%,33,金融保險業
463,2823,27.90%,24,-170.98%,116,-1404.54%,87,55.54%,49,-3.11%,15,-22.89%,40,金融保險業
464,2832,-0.13%,17,-49.44%,116,0.00%,1,19.18%,55,-8.16%,15,14.55%,42,金融保險業
465,2834,16.42%,16,248.57%,152,-496.37%,56,59.71%,51,-10.53%,15,10.41%,35,金融保險業
466,2836,51.97%,18,-312.14%,277,0.00%,0,32.85%,46,12.64%,18,25.65%,44,金融保險業
467,2838,47.62%,19,21.60%,198,96.65%,11,44.22%,51,17.05%,16,6.83%,31,金融保險業
468,2841,-2.35%,33,176.74%,181,0.00%,0,36.84%,50,-24.15%,17,-12.29%,42,建材營造
469,2845,22.68%,16,205.78%,215,-96.78%,48,50.85%,54,-16.23%,13,20.19%,35,金融保險業
470,2849,43.55%,21,-41.03%,79,0.00%,0,54.15%,57,21.56%,19,19.62%,38,金融保險業
471,2850,20.96%,20,-179.46%,214,0.00%,1,50.55%,46,14.91%,16,27.14%,43,金融保險業
472,2851,-8.37%,14,-53.83%,132,0.00%,1,54.47%,53,10.67%,16,13.21%,40,金融保險業
473,2852,167.77%,23,-169.40%,136,0.00%,0,51.11%,45,30.69%,20,33.19%,38,金融保險業
474,2855,84.06%,23,-302.32%,240,31.03%,7,73.59%,50,24.96%,16,47.51%,43,金融保險業
475,2867,-27.81%,31,-246.16%,186,-122.40%,13,22.23%,52,1.13%,17,29.15%,36,金融保險業
476,2880,25.14%,20,-63.79%,217,-756.94%,97,44.62%,43,12.95%,14,29.38%,42,金融保險業
477,2881,17.76%,14,-127.12%,169,-122.16%,122,31.25%,44,-17.45%,17,14.70%,47,金融保險業
478,2882,14.75%,22,-189.69%,146,-812.78%,134,38.27%,47,-9.30%,16,11.61%,42,金融保險業
479,2883,82.57%,17,-9.67%,198,-683.34%,125,39.84%,46,10.68%,16,17.03%,41,金融保險業
480,2884,77.36%,13,32.64%,106,-132.87%,130,77.56%,48,53.79%,15,20.18%,41,金融保險業
481,2885,58.40%,16,134.69%,206,-186.93%,104,53.11%,48,45.89%,19,47.31%,42,金融保險業
482,2886,44.53%,12,-8.19%,137,-318.36%,134,61.95%,45,35.73%,15,21.28%,45,金融保險業
483,2887,8.16%,21,-0.45%,179,-983.07%,109,40.27%,55,34.21%,18,18.51%,31,金融保險業
484,2888,43.91%,24,293.50%,159,-538.93%,68,28.65%,48,-3.12%,17,19.87%,50,金融保險業
485,2889,29.69%,12,44.21%,255,-24.32%,13,55.38%,50,17.68%,15,11.72%,35,金融保險業
486,2890,52.84%,18,9.44%,192,132.00%,96,72.49%,44,10.07%,15,13.02%,38,金融保險業
487,2891,46.15%,11,-68.96%,193,-228.00%,140,62.93%,44,34.80%,19,18.92%,44,金融保險業
488,2892,47.58%,13,-19.07%,196,-378.98%,111,53.47%,49,35.57%,14,4.38%,33,金融保險業
489,2897,54.44%,35,-258.51%,177,18.87%,11,10.56%,41,-20.91%,16,-9.06%,42,金融保險業
490,2901,7.28%,34,-14.20%,7,0.00%,0,15.35%,53,-21.85%,19,14.96%,44,貿易百貨
491,2903,-50.29%,22,-197.43%,175,121.24%,7,64.67%,44,-9.73%,13,52.71%,42,貿易百貨
492,2904,-89.75%,25,12.15%,18,0.00%,0,21.40%,51,-8.14%,12,-1.40%,37,其他
493,2905,4.04%,31,227.67%,161,0.00%,0,42.41%,54,-13.45%,15,8.23%,40,貿易百貨
494,2906,-30.66%,25,-100.91%,60,0.00%,0,51.31%,45,-3.20%,19,52.23%,43,貿易百貨
495,2908,34.85%,30,281.04%,182,6.17%,5,39.25%,54,-10.87%,16,28.17%,41,貿易百貨
496,2910,55.83%,14,-259.88%,16,0.00%,0,44.75%,41,38.74%,15,34.72%,47,貿易百貨
497,2911,-34.56%,28,-465.92%,148,0.00%,0,61.70%,48,-22.88%,18,-14.36%,41,貿易百貨
498,2912,62.27%,28,-272.97%,156,55.63%,91,23.11%,54,10.39%,17,49.96%,50,貿易百貨
499,2913,16.07%,23,77.93%,224,0.00%,0,68.01%,49,14.31%,18,30.54%,45,貿易百貨
500,2915,210.02%,29,-354.95%,158,48.90%,24,131.43%,51,31.76%,18,-11.50%,41,貿易百貨
501,2923,31.17%,19,-258.52%,62,0.00%,2,102.15%,50,54.30%,18,91.94%,46,建材營造
502,2929,83.78%,24,-204.65%,178,0.00%,0,35.01%,47,6.29%,17,1.20%,46,貿易百貨
503,2936,-983.03%,46,-2050.44%,328,0.00%,0,-27.48%,53,-70.03%,12,-44.33%,44,貿易百貨
504,2939,328.25%,27,-109.91%,58,0.00%,0,86.92%,27,76.58%,11,-61.91%,25,貿易百貨
505,3002,83.02%,30,-16.14%,56,0.00%,0,43.35%,51,20.22%,17,61.55%,42,電腦及週邊設備業
506,3003,43.14%,22,-164.00%,164,130.34%,27,136.11%,46,5.70%,16,21.27%,45,電子零組件業
507,3004,-97.09%,21,117.98%,112,220.08%,20,151.07%,47,-0.93%,16,40.43%,48,鋼鐵工業
508,3005,90.30%,25,66.13%,139,48.54%,69,80.60%,50,20.60%,20,18.92%,50,電腦及週邊設備業
509,3006,325.24%,29,140.37%,201,-44.31%,12,119.43%,46,95.93%,17,17.28%,43,半導體業
510,3008,-69.90%,27,-65.88%,128,1103.76%,166,106.02%,49,-23.99%,18,19.87%,47,光電業
511,3010,69.51%,23,180.31%,227,-19.28%,3,64.83%,49,2.10%,17,12.70%,42,電子通路業
512,3011,66.24%,29,262.08%,70,0.00%,0,95.41%,44,-14.89%,16,-3.21%,42,電子零組件業
513,3013,105.29%,21,168.35%,190,0.00%,0,67.73%,46,25.02%,17,20.23%,46,電腦及週邊設備業
514,3014,159.73%,24,713.92%,176,51.16%,3,102.41%,48,62.04%,16,19.17%,43,半導體業
515,3015,85.35%,21,22.98%,161,0.00%,0,84.47%,47,-12.10%,15,16.90%,46,電子零組件業
516,3016,124.83%,22,603.36%,65,-147.56%,25,261.89%,45,110.05%,18,35.34%,43,半導體業
517,3017,165.16%,20,453.29%,158,-373.35%,69,121.15%,53,24.96%,16,78.87%,47,電腦及週邊設備業
518,3018,-366.53%,25,-11.49%,105,10.58%,1,125.30%,47,-13.48%,17,2.76%,43,其他電子業
519,3019,112.40%,24,788.20%,99,-57.06%,8,184.30%,45,86.37%,17,40.82%,42,光電業
520,3021,66.70%,23,36.58%,40,0.00%,0,71.82%,49,44.90%,14,44.50%,47,電子零組件業
521,3022,-93.11%,25,-146.33%,178,-44.47%,7,37.37%,48,36.66%,14,51.44%,51,電腦及週邊設備業
522,3023,144.15%,19,10.06%,191,142.81%,87,91.14%,50,30.55%,14,96.58%,47,電子零組件業
523,3024,-20.07%,32,237.31%,99,0.00%,0,49.51%,46,-50.01%,15,55.40%,43,光電業
524,3025,642.50%,25,-201.53%,101,0.00%,0,308.76%,46,-2.11%,14,59.98%,42,通信網路業
525,3026,130.95%,28,1130.80%,124,1998.86%,71,292.84%,44,41.48%,13,50.02%,36,電子零組件業
526,3027,-1.06%,26,-414.77%,112,0.00%,0,70.56%,39,-11.36%,15,-40.87%,38,通信網路業
527,3028,9.90%,17,255.62%,185,0.00%,0,56.48%,49,1.58%,14,13.05%,37,電子通路業
528,3029,95.49%,20,463.65%,180,0.00%,1,106.10%,49,56.78%,16,55.34%,48,資訊服務業
529,3030,-43.15%,20,391.69%,150,45.36%,13,97.17%,50,-12.69%,14,13.76%,43,其他電子業
530,3031,91.82%,22,-231.84%,150,0.00%,1,99.55%,43,52.47%,13,20.56%,41,光電業
531,3032,99.29%,26,-105.23%,123,-294.91%,12,20.44%,56,-23.78%,15,-11.46%,44,電子零組件業
532,3033,-47.95%,31,163.79%,216,0.00%,0,34.11%,47,-29.62%,13,17.47%,38,電子通路業
533,3034,133.79%,22,138.32%,159,536.64%,154,106.09%,49,26.58%,16,78.04%,47,半導體業
534,3035,76.39%,17,1622.19%,160,-458.19%,60,154.73%,54,59.26%,16,71.07%,45,半導體業
535,3036,117.73%,26,-75.42%,136,-142.03%,31,56.24%,49,17.77%,18,22.76%,48,電子通路業
536,3037,204.60%,13,-23.42%,115,193.67%,143,153.83%,51,149.80%,18,79.52%,43,電子零組件業
537,3038,271.02%,26,150.27%,118,0.00%,0,162.73%,45,37.17%,14,43.39%,45,光電業
538,3040,104.24%,36,126.21%,96,3.89%,1,42.69%,51,44.56%,15,19.37%,42,其他
539,3041,114.88%,16,287.29%,199,20.50%,23,152.14%,45,-7.75%,16,57.12%,45,半導體業
540,3042,170.07%,29,-187.45%,165,113.94%,51,111.11%,46,80.41%,16,6.34%,47,電子零組件業
541,3043,279.62%,34,0.00%,0,0.00%,0,3.54%,47,6.36%,19,112.08%,46,其他電子業
542,3044,79.25%,23,237.97%,145,45.91%,73,104.97%,51,32.72%,13,64.86%,41,電子零組件業
543,3045,23.09%,26,-170.66%,86,70.66%,138,26.43%,57,16.82%,16,-2.98%,38,通信網路業
544,3046,-382.77%,37,652.37%,19,0.00%,0,207.72%,45,-69.86%,14,83.86%,46,電腦及週邊設備業
545,3047,90.29%,24,-313.80%,189,0.00%,0,61.79%,47,47.65%,15,3.52%,52,通信網路業
546,3048,15.08%,24,67.59%,191,0.00%,0,63.91%,50,-32.02%,13,33.67%,44,電子通路業
547,3049,229.89%,25,324.80%,147,0.00%,0,169.12%,46,33.00%,17,-45.06%,37,光電業
548,3050,94.74%,27,202.78%,162,0.00%,0,89.74%,45,35.78%,16,16.31%,43,光電業
549,3051,111.90%,23,-163.08%,46,0.00%,0,130.20%,45,93.76%,15,131.03%,47,光電業
550,3052,98.39%,32,113.28%,92,0.00%,0,77.94%,52,-16.09%,13,44.26%,49,建材營造
551,3054,88.17%,32,-80.19%,47,0.00%,0,68.94%,50,-1.17%,19,75.67%,49,半導體業
552,3055,86.37%,18,128.91%,131,0.00%,0,146.22%,49,58.71%,16,-0.46%,37,電子通路業
553,3056,40.69%,23,-102.96%,132,131.64%,2,111.94%,51,44.76%,13,0.12%,38,建材營造
554,3057,73.98%,31,-297.30%,98,0.00%,0,37.34%,44,-63.33%,16,35.69%,43,電腦及週邊設備業
555,3058,75.26%,33,-173.54%,71,0.00%,0,8.50%,51,-28.38%,20,-10.58%,47,電子零組件業
556,3059,132.44%,20,178.22%,176,0.00%,1,144.15%,52,2.03%,15,79.94%,45,光電業
557,3060,193.83%,33,-118.72%,99,0.00%,0,107.42%,50,5.44%,16,12.22%,48,電腦及週邊設備業
558,3062,21.21%,28,211.91%,142,0.00%,1,76.21%,49,7.11%,17,30.56%,42,通信網路業
559,3090,76.23%,14,565.67%,166,100.49%,15,195.87%,45,32.15%,14,5.60%,37,電子零組件業
560,3094,42.58%,22,-534.96%,149,0.00%,0,72.28%,49,-10.35%,17,40.76%,44,半導體業
561,3130,-24.75%,24,821.68%,142,0.00%,0,41.00%,51,-9.07%,15,42.19%,41,資訊服務業
562,3149,-98.50%,37,675.68%,84,0.00%,0,76.57%,50,-109.29%,12,-1.98%,46,光電業
563,3164,162.11%,33,462.50%,116,0.00%,0,108.40%,45,61.02%,15,59.51%,45,生技醫療業
564,3167,52.78%,18,-344.85%,128,0.00%,0,155.25%,45,36.45%,17,-15.20%,38,電機機械
565,3189,214.99%,24,-201.30%,138,10.08%,64,171.57%,45,144.36%,18,-42.97%,39,半導體業
566,3209,53.56%,29,-233.35%,168,0.00%,0,32.80%,47,-13.30%,13,-1.98%,43,電子通路業
567,3229,34.91%,38,-290.76%,83,0.00%,0,84.79%,52,45.16%,16,-17.21%,40,電子零組件業
568,3231,92.69%,23,400.28%,221,511.83%,96,121.02%,48,9.76%,15,-9.45%,40,電腦及週邊設備業
569,3257,97.62%,28,251.67%,132,0.00%,1,128.59%,46,-22.65%,13,30.13%,43,半導體業
570,3266,10.19%,23,153.46%,111,0.00%,0,36.94%,53,-8.21%,18,50.98%,42,建材營造
571,3296,22.09%,35,105.36%,34,0.00%,0,72.08%,46,-31.29%,13,31.31%,41,電子零組件業
572,3305,-52.02%,28,-164.50%,91,0.00%,0,-10.75%,57,-26.68%,16,6.47%,52,其他電子業
573,3308,92.55%,29,-29.08%,14,0.00%,0,87.28%,50,-8.69%,16,53.18%,49,電子零組件業
574,3311,205.57%,25,551.35%,158,0.00%,0,120.70%,43,132.35%,14,99.74%,46,通信網路業
575,3312,54.86%,19,1319.32%,94,0.00%,0,79.99%,48,16.84%,13,101.16%,48,電子通路業
576,3321,41.08%,29,-457.33%,66,0.00%,3,121.83%,52,-104.65%,17,45.31%,43,電子零組件業
577,3338,89.11%,26,461.26%,108,349.73%,38,269.94%,44,81.81%,17,64.85%,44,電子零組件業
578,3346,58.70%,26,-469.72%,135,-99.13%,24,39.83%,56,-0.35%,17,3.66%,45,汽車工業
579,3356,-85.75%,34,-209.91%,155,0.00%,0,128.47%,44,25.00%,17,-40.04%,43,光電業
580,3376,42.66%,22,-208.65%,188,78.87%,95,73.56%,47,46.97%,14,64.04%,50,電子零組件業
581,3380,-46.12%,23,677.46%,121,-60.60%,8,123.87%,52,33.59%,17,30.58%,41,通信網路業
582,3383,52.50%,39,1366.04%,12,0.00%,0,365.80%,47,21.72%,13,43.97%,46,光電業
583,3406,10.14%,26,803.83%,88,-210.37%,96,348.62%,45,77.11%,15,1.98%,42,光電業
584,3413,49.16%,17,771.84%,181,685.58%,81,335.36%,47,51.46%,18,-4.51%,42,半導體業
585,3416,31.30%,25,-126.91%,142,0.00%,0,21.94%,49,5.76%,11,1.27%,37,電腦及週邊設備業
586,3419,92.54%,29,285.43%,118,-8.24%,1,76.84%,47,-14.93%,17,15.87%,43,通信網路業
587,3432,144.99%,28,117.97%,87,0.00%,0,139.53%,48,35.88%,16,30.16%,39,電子零組件業
588,3437,16.23%,25,155.62%,169,2.04%,1,135.95%,52,87.76%,17,54.27%,46,光電業
589,3443,149.56%,17,316.52%,146,598.05%,170,301.67%,46,53.46%,20,124.45%,51,半導體業
590,3450,-3.08%,24,46.04%,107,10.57%,69,57.03%,43,-32.11%,17,-2.86%,48,其他電子業
591,3454,-141.97%,30,103.63%,122,-60.72%,12,96.74%,52,27.89%,15,18.42%,45,光電業
592,3481,148.75%,26,-471.15%,138,154.24%,94,83.53%,47,12.18%,18,-61.44%,44,光電業
593,3494,-108.36%,33,37.34%,122,0.00%,0,-11.41%,47,-51.12%,13,4.21%,47,電腦及週邊設備業
594,3501,12.82%,30,-54.08%,144,10.06%,3,47.05%,49,-13.66%,13,0.23%,42,電子零組件業
595,3504,64.70%,30,1663.87%,140,0.00%,8,208.11%,49,85.29%,15,109.01%,48,光電業
596,3515,229.52%,20,78.67%,137,696.30%,35,214.68%,44,131.56%,17,101.40%,48,電腦及週邊設備業
597,3518,222.84%,23,125.19%,137,0.00%,0,217.46%,49,-12.45%,15,74.97%,43,其他電子業
598,3528,85.46%,23,-35.46%,63,0.00%,0,42.04%,44,36.83%,17,48.31%,46,電子通路業
599,3530,110.39%,15,-179.43%,44,0.00%,0,147.12%,25,80.13%,9,-14.15%,27,半導體業
600,3532,303.45%,26,1162.33%,150,-189.26%,111,263.13%,46,203.23%,17,164.71%,41,半導體業
601,3533,275.81%,18,-111.73%,123,1183.35%,191,223.79%,51,47.22%,13,83.09%,43,電子零組件業
602,3535,84.25%,32,-464.76%,137,0.00%,0,105.51%,51,-22.96%,16,132.34%,51,光電業
603,3536,-393.18%,35,-150.42%,67,0.00%,0,30.71%,47,-137.74%,11,-17.48%,43,半導體業
604,3543,0.00%,1,-18.14%,2,0.00%,0,-4.88%,1,0.00%,0,-3.90%,3,光電業
605,3545,36.47%,30,-270.37%,158,131.82%,29,111.54%,49,40.67%,16,76.78%,50,半導體業
606,3550,-81.15%,26,35.67%,94,0.00%,0,88.38%,48,-7.33%,16,-48.04%,45,電子零組件業
607,3557,489.93%,18,356.71%,58,0.00%,0,277.75%,53,106.60%,14,346.89%,51,光電業
608,3563,63.85%,7,-85.77%,33,-409.92%,18,46.46%,19,-19.94%,6,-11.55%,16,光電業
609,3576,43.82%,35,-553.77%,188,0.00%,8,73.39%,46,-26.55%,14,-3.67%,42,光電業
610,3583,71.92%,26,23.10%,149,268.73%,42,114.36%,47,-7.53%,16,24.53%,43,半導體業
611,3588,137.09%,20,807.70%,160,0.00%,0,74.78%,43,6.31%,19,67.30%,48,半導體業
612,3591,152.70%,22,441.89%,126,0.00%,0,48.83%,47,-15.91%,16,7.16%,42,光電業
613,3593,500.03%,41,31.64%,30,0.00%,0,93.73%,38,38.55%,14,75.52%,46,電子零組件業
614,3596,111.01%,28,564.59%,124,590.06%,46,153.83%,45,-1.09%,16,19.60%,43,通信網路業
615,3605,88.40%,19,202.44%,162,-11.46%,2,74.49%,49,-12.28%,14,-3.43%,43,電子零組件業
616,3607,182.68%,32,-767.77%,113,0.00%,0,63.32%,47,-21.52%,17,-2.00%,47,電子零組件業
617,3617,2.05%,22,-92.34%,138,53.82%,12,85.57%,43,32.43%,18,0.75%,48,其他電子業
618,3622,128.46%,22,58.61%,169,0.00%,0,116.57%,45,51.51%,15,76.55%,37,光電業
619,3645,185.97%,27,948.97%,161,-306.41%,38,179.58%,49,44.33%,13,4.02%,39,電子零組件業
620,3653,256.41%,19,274.10%,126,818.69%,129,298.64%,44,160.21%,14,113.41%,47,電子零組件業
621,3661,138.48%,14,311.88%,81,988.84%,106,280.67%,52,23.02%,16,200.75%,46,半導體業
622,3665,143.24%,24,280.16%,134,-82.08%,144,116.43%,45,14.31%,15,74.09%,44,其他電子業
623,3669,61.36%,29,603.37%,32,0.00%,36,120.03%,51,49.51%,16,58.15%,45,光電業
624,3673,81.09%,31,-185.80%,159,-421.35%,32,58.80%,51,0.06%,14,38.39%,51,光電業
625,3679,11.93%,29,-141.96%,56,0.00%,0,63.26%,48,28.20%,14,60.43%,49,電子零組件業
626,3682,39.50%,28,-245.04%,166,0.00%,3,61.11%,45,-8.24%,15,43.49%,41,通信網路業
627,3686,1.29%,34,855.53%,115,0.00%,0,240.71%,43,-39.64%,14,143.99%,44,半導體業
628,3694,187.46%,24,-4.35%,183,0.00%,0,165.41%,47,-8.50%,15,75.88%,48,通信網路業
629,3698,132.80%,23,196.20%,181,0.00%,0,102.71%,46,41.21%,15,105.59%,46,光電業
630,3701,841.52%,26,-79.14%,22,0.00%,0,119.34%,47,126.66%,15,189.19%,54,電腦及週邊設備業
631,3702,31.06%,21,-601.99%,178,104.30%,53,54.69%,46,19.12%,17,5.88%,36,電子通路業
632,3703,17.47%,21,70.07%,134,0.00%,2,56.30%,44,26.26%,13,37.02%,42,建材營造
633,3704,0.92%,31,-280.25%,140,98.95%,10,120.16%,51,-20.02%,16,0.63%,46,通信網路業
634,3705,35.72%,18,-262.04%,237,0.00%,0,17.94%,50,-13.70%,15,13.83%,51,生技醫療業
635,3706,110.70%,26,-526.61%,160,-515.05%,59,88.67%,47,24.88%,16,-2.83%,42,電腦及週邊設備業
636,3708,352.85%,30,484.06%,211,-148.50%,23,250.50%,40,31.43%,16,-40.99%,41,化學工業
637,3711,67.51%,16,-193.91%,86,-128.67%,111,54.76%,31,-9.14%,8,-15.43%,23,半導體業
638,3712,-37.51%,12,81.52%,60,0.00%,0,35.87%,26,-25.51%,6,-29.50%,16,電腦及週邊設備業
639,4104,12.99%,17,-6.30%,196,0.00%,0,49.47%,53,14.12%,18,15.94%,44,生技醫療業
640,4106,95.36%,24,357.62%,115,0.00%,0,57.09%,53,4.16%,17,53.51%,47,生技醫療業
641,4108,-8.57%,30,-201.16%,186,0.00%,0,82.93%,55,16.62%,18,5.10%,40,生技醫療業
642,4119,79.81%,17,-240.41%,154,106.03%,29,136.24%,50,21.57%,16,43.06%,44,生技醫療業
643,4133,172.75%,34,-662.33%,107,0.00%,0,117.59%,44,46.15%,15,-0.54%,40,生技醫療業
644,4137,126.58%,26,991.00%,121,265.95%,36,125.95%,47,-3.61%,14,35.10%,47,生技醫療業
645,4141,37.32%,34,-347.46%,132,0.00%,0,36.87%,46,2.59%,17,-48.01%,43,生技醫療業
646,4142,60.39%,18,246.45%,158,26.00%,1,187.98%,45,67.78%,17,52.12%,46,生技醫療業
647,4144,-30.08%,27,127.60%,98,0.00%,0,26.69%,46,-14.62%,14,-15.01%,43,生技醫療業
648,4148,-11.98%,21,-508.98%,104,154.00%,24,39.02%,40,-79.61%,11,55.86%,37,生技醫療業
649,4155,100.91%,18,15.91%,46,0.00%,0,44.41%,36,9.57%,10,38.22%,35,生技醫療業
650,4164,9.57%,24,223.58%,110,0.00%,1,64.57%,52,-12.42%,13,-3.58%,44,生技醫療業
651,4190,71.87%,34,430.48%,105,166.54%,37,158.92%,52,-76.42%,12,27.49%,44,生技醫療業
652,4306,-29.23%,29,-229.97%,146,0.00%,0,35.70%,49,0.65%,17,10.27%,38,塑膠工業
653,4414,18.19%,27,-1198.86%,174,0.00%,0,24.23%,46,75.40%,21,15.52%,41,紡織纖維
654,4426,-24.37%,38,341.70%,117,0.00%,0,87.29%,47,-72.75%,11,-42.21%,46,紡織纖維
655,4438,-110.07%,28,-252.61%,220,-270.99%,42,24.45%,52,-31.35%,12,-10.32%,44,紡織纖維
656,4439,-38.93%,4,0.00%,6,0.00%,0,6.45%,6,0.00%,0,9.13%,7,紡織纖維
657,4526,-194.39%,29,-81.71%,169,0.00%,0,48.92%,50,-48.78%,18,7.17%,51,電機機械
658,4532,-95.33%,25,-99.28%,115,-36.42%,16,8.03%,47,-58.20%,16,-19.70%,47,電機機械
659,4536,2.54%,31,135.47%,125,419.47%,28,81.59%,49,-24.93%,13,-20.31%,40,其他
660,4540,82.60%,8,-322.29%,68,-84.43%,5,104.09%,21,55.68%,8,-50.02%,24,電機機械
661,4545,265.02%,39,-528.22%,93,0.00%,0,60.50%,53,31.43%,13,-36.71%,43,電子零組件業
662,4551,-87.90%,25,-204.35%,179,226.84%,95,152.74%,51,33.26%,17,90.57%,43,汽車工業
663,4552,20.42%,28,-124.69%,144,-181.79%,21,57.71%,44,-47.07%,16,-26.63%,48,電機機械
664,4555,-141.21%,34,-77.25%,20,0.00%,1,50.68%,54,-38.12%,18,31.67%,51,電機機械
665,4557,46.20%,23,-43.33%,77,135.50%,16,65.94%,51,-13.50%,15,-22.26%,40,汽車工業
666,4560,10.78%,24,74.80%,126,-3.11%,17,91.39%,41,-19.07%,14,57.56%,37,電機機械
667,4562,-382.95%,40,-128.53%,18,0.00%,0,-18.79%,44,-71.46%,14,11.59%,34,電機機械
668,4564,-263.31%,15,19.81%,40,23.57%,9,-7.70%,15,-27.77%,5,-27.16%,15,電機機械
669,4566,-199.32%,23,-87.79%,33,0.00%,0,34.71%,34,-42.94%,7,2.06%,28,電機機械
670,4571,-153.06%,12,184.78%,43,0.00%,0,8.26%,9,-15.31%,2,-22.21%,6,電機機械
671,4572,-223.13%,9,-61.24%,23,0.00%,0,-11.78%,10,9.87%,2,-16.18%,10,電機機械
672,4576,43.13%,4,230.06%,19,0.00%,3,45.55%,10,-20.65%,3,-14.47%,10,電機機械
673,4581,0.00%,0,12.81%,3,0.00%,0,21.64%,3,0.00%,0,35.74%,4,汽車工業
674,4720,22.18%,38,215.80%,19,0.00%,0,77.06%,50,19.41%,17,63.68%,45,化學工業
675,4722,-8.87%,29,-19.43%,117,-2.81%,2,31.71%,49,-23.87%,13,0.84%,45,化學工業
676,4725,49.89%,29,-480.25%,119,-14.01%,9,133.59%,44,-55.04%,16,-37.12%,41,化學工業
677,4737,6.90%,28,200.37%,67,0.00%,0,62.80%,49,-11.54%,13,44.71%,44,生技醫療業
678,4739,145.80%,26,-118.05%,114,-23.82%,17,116.42%,37,-47.14%,14,14.76%,32,化學工業
679,4746,-26.92%,27,-585.08%,161,-239.91%,17,89.09%,41,-21.38%,16,-8.63%,48,生技醫療業
680,4755,18.46%,17,272.77%,66,-38.74%,8,82.66%,46,16.83%,14,17.00%,41,化學工業
681,4763,-97.74%,18,-924.93%,155,-21.57%,25,63.63%,50,38.36%,17,28.52%,42,化學工業
682,4764,64.85%,13,153.22%,74,-30.12%,2,23.08%,34,23.67%,11,-1.89%,33,化學工業
683,4766,3.79%,7,-378.09%,72,160.02%,28,74.22%,20,43.01%,7,15.61%,19,化學工業
684,4807,54.21%,22,136.55%,50,-138.73%,8,53.01%,36,23.38%,14,-6.77%,39,貿易百貨
685,4904,-5.78%,29,-27.04%,83,27.72%,101,21.38%,49,13.38%,14,9.77%,47,通信網路業
686,4906,25.50%,22,973.94%,167,-1.71%,12,98.68%,51,21.69%,15,12.76%,43,通信網路業
687,4912,-152.79%,24,229.13%,118,-40.06%,3,190.64%,46,-26.62%,12,129.81%,42,電子零組件業
688,4915,132.31%,29,712.55%,126,111.23%,58,131.57%,47,-24.91%,16,73.79%,45,電子零組件業
689,4916,36.29%,23,-304.92%,159,0.00%,0,76.82%,49,-19.24%,15,62.22%,53,電腦及週邊設備業
690,4919,163.02%,27,-39.37%,114,94.52%,53,146.11%,43,14.08%,16,30.34%,43,半導體業
691,4927,138.55%,22,671.26%,149,531.39%,82,68.04%,52,47.64%,13,60.84%,43,電子零組件業
692,4930,116.22%,41,9.90%,43,0.00%,0,48.10%,42,-27.59%,14,-6.25%,31,電器電纜
693,4934,-4.20%,30,272.95%,156,0.00%,1,291.06%,44,111.19%,18,-5.26%,43,光電業
694,4935,45.15%,18,505.63%,130,-698.49%,58,157.91%,42,53.59%,15,22.27%,43,光電業
695,4938,5.87%,29,994.22%,151,327.89%,151,80.39%,42,-20.68%,16,-6.16%,48,電腦及週邊設備業
696,4942,4.94%,27,-48.11%,129,0.00%,0,78.14%,53,19.84%,15,66.14%,48,光電業
697,4943,62.99%,20,329.70%,76,1757.60%,117,247.96%,46,55.12%,19,38.67%,45,電子零組件業
698,4952,-0.31%,22,120.36%,137,-11.45%,1,41.08%,49,-20.39%,15,25.41%,50,半導體業
699,4956,27.84%,20,-120.15%,151,0.00%,0,74.75%,49,23.42%,16,135.51%,49,光電業
700,4958,112.87%,19,520.82%,188,114.74%,121,118.74%,48,84.75%,14,46.10%,40,電子零組件業
701,4960,219.97%,30,-367.70%,120,0.00%,3,187.43%,41,18.24%,15,-75.08%,41,光電業
702,4961,-33.75%,9,-236.45%,78,0.14%,2,34.45%,22,-27.12%,7,60.88%,24,半導體業
703,4967,80.16%,7,111.60%,52,0.00%,0,121.66%,16,27.95%,5,66.16%,16,半導體業
704,4968,-4.73%,25,328.58%,105,2151.31%,108,219.21%,49,23.38%,14,18.78%,40,半導體業
705,4976,68.19%,23,-397.74%,107,0.00%,1,138.51%,48,12.52%,14,70.73%,44,光電業
706,4977,184.61%,21,406.96%,107,78.28%,42,147.51%,47,82.46%,16,58.51%,44,通信網路業
707,4989,82.51%,19,-95.24%,47,0.00%,0,26.94%,31,-11.22%,6,28.40%,25,電子零組件業
708,4994,89.83%,27,-421.10%,155,0.00%,0,115.58%,51,-14.93%,15,2.73%,48,資訊服務業
709,4999,6.49%,28,-247.58%,180,0.00%,0,39.19%,45,-10.00%,14,-8.77%,45,電子零組件業
710,5007,54.71%,29,-124.14%,121,-7.56%,8,58.43%,49,0.03%,18,-0.78%,45,鋼鐵工業
711,5203,106.38%,20,103.89%,138,12.88%,3,140.82%,42,85.66%,16,41.03%,41,資訊服務業
712,5215,-73.20%,25,258.35%,75,299.82%,19,128.63%,45,9.28%,15,123.29%,46,電腦及週邊設備業
713,5225,-78.61%,22,-54.05%,39,0.00%,0,93.99%,48,-31.90%,15,8.01%,44,其他電子業
714,5234,120.88%,23,659.89%,159,39.54%,27,100.92%,48,-12.22%,13,122.33%,42,光電業
715,5243,7.42%,22,-20.64%,194,-54.85%,11,61.91%,45,-24.43%,14,47.93%,43,光電業
716,5258,83.11%,34,-109.80%,67,-13.26%,1,185.05%,43,-1.10%,19,29.20%,43,電腦及週邊設備業
717,5264,185.47%,26,64.84%,120,285.00%,36,56.71%,48,53.09%,14,60.20%,49,電腦及週邊設備業
718,5269,215.58%,20,926.68%,168,538.26%,138,172.70%,56,78.72%,17,123.69%,43,半導體業
719,5283,10.86%,7,-47.80%,49,0.00%,3,14.94%,13,-7.39%,2,3.94%,11,電器電纜
720,5284,-43.09%,28,4.30%,32,2.35%,10,27.45%,46,-36.99%,13,-3.17%,37,其他
721,5285,91.07%,19,1128.37%,198,148.88%,4,47.23%,51,13.39%,16,48.29%,48,半導體業
722,5288,-0.82%,17,-308.38%,151,243.41%,34,109.80%,49,18.91%,19,11.34%,45,電機機械
723,5305,78.21%,22,499.39%,186,8.26%,20,121.34%,42,37.06%,13,76.92%,47,半導體業
724,5388,-80.45%,24,-398.44%,144,127.18%,67,37.98%,46,10.43%,15,45.46%,55,通信網路業
725,5434,85.99%,22,687.26%,199,26.06%,57,52.14%,43,-19.55%,16,-7.14%,45,電子通路業
726,5469,133.24%,20,689.45%,91,-86.88%,22,164.89%,51,-6.35%,18,93.05%,48,電子零組件業
727,5471,66.21%,28,222.09%,202,4.31%,4,112.46%,50,24.40%,16,49.62%,43,半導體業
728,5484,234.49%,35,131.86%,13,0.00%,0,178.75%,46,45.30%,17,39.21%,45,光電業
729,5515,111.67%,26,257.15%,113,0.00%,0,95.99%,50,42.27%,14,-1.17%,31,建材營造
730,5519,60.21%,23,-78.13%,112,0.00%,0,92.76%,51,9.63%,14,27.52%,40,建材營造
731,5521,71.67%,25,370.99%,204,0.00%,0,107.31%,47,-60.08%,13,67.13%,40,建材營造
732,5522,115.25%,27,-300.49%,134,101.42%,7,93.45%,49,10.77%,15,23.75%,47,建材營造
733,5525,20.49%,19,225.33%,133,0.00%,0,90.69%,48,8.38%,16,-6.42%,36,建材營造
734,5531,235.13%,30,-533.71%,232,0.00%,0,73.79%,52,13.81%,17,-2.29%,39,建材營造
735,5533,28.73%,29,54.75%,146,0.00%,0,9.28%,59,4.11%,18,24.82%,46,建材營造
736,5534,78.76%,25,-287.81%,144,21.57%,41,61.87%,45,11.52%,14,12.13%,46,建材營造
737,5538,-8.36%,34,-9.63%,26,-16.55%,3,1.33%,48,-7.26%,15,45.63%,55,鋼鐵工業
738,5607,72.30%,21,130.56%,138,0.00%,0,117.95%,48,2.68%,16,47.66%,44,航運業
739,5608,-79.83%,25,-199.95%,148,0.00%,0,77.78%,46,12.94%,17,-17.39%,46,航運業
740,5706,20.43%,21,-28.25%,41,0.00%,0,68.92%,44,-1.39%,11,18.78%,42,觀光事業
741,5871,70.08%,19,1337.00%,251,255.35%,133,94.58%,51,17.16%,16,28.06%,43,其他
742,5876,-12.92%,7,132.00%,229,32.99%,59,36.42%,21,6.59%,7,29.37%,19,金融保險業
743,5880,67.89%,14,208.56%,208,-222.72%,109,53.24%,43,38.21%,14,18.75%,37,金融保險業
744,5906,-2.44%,24,-61.02%,20,0.00%,0,231.10%,48,79.17%,17,231.37%,45,貿易百貨
745,5907,66.41%,32,554.61%,137,-102.35%,18,87.24%,49,-35.49%,15,68.10%,50,貿易百貨
746,6005,47.75%,19,-107.08%,237,-69.40%,46,43.18%,47,-7.82%,15,6.18%,38,金融保險業
747,6024,-25.11%,18,-110.44%,91,-199.80%,13,50.80%,36,-1.57%,11,-4.37%,35,金融保險業
748,6108,9.05%,28,136.82%,158,0.00%,1,32.59%,51,-0.84%,17,49.15%,53,電子零組件業
749,6112,21.79%,16,676.11%,171,0.00%,1,37.64%,51,8.21%,17,42.56%,48,資訊服務業
750,6115,33.23%,12,-51.72%,135,0.00%,0,31.39%,50,2.73%,17,12.69%,45,電子零組件業
751,6116,75.59%,27,286.86%,133,-53.21%,4,63.13%,42,38.28%,17,1.88%,40,光電業
752,6117,48.35%,25,-114.38%,15,0.00%,0,95.13%,58,15.22%,11,45.10%,47,電腦及週邊設備業
753,6120,328.78%,28,846.00%,188,-488.15%,12,229.74%,42,-16.58%,14,-19.31%,42,光電業
754,6128,-68.08%,29,-124.52%,116,0.00%,1,36.46%,45,-33.72%,16,6.35%,44,電腦及週邊設備業
755,6131,-305.06%,20,108.25%,72,0.00%,0,83.11%,36,3.81%,13,-55.60%,31,光電業
756,6133,66.52%,28,-85.87%,18,0.00%,0,48.54%,55,-14.34%,19,18.39%,48,電子零組件業
757,6136,-33.45%,26,332.73%,120,0.00%,0,20.20%,48,-20.18%,15,13.04%,41,通信網路業
758,6139,76.55%,24,-378.28%,212,0.00%,0,64.27%,49,-8.84%,15,49.74%,48,其他電子業
759,6141,94.45%,26,217.42%,127,131.54%,13,113.99%,49,3.37%,15,30.09%,45,電子零組件業
760,6142,99.19%,24,144.46%,153,0.00%,0,152.36%,40,4.70%,13,19.60%,42,通信網路業
761,6152,108.79%,26,-141.27%,82,0.00%,0,53.95%,44,-4.26%,16,11.63%,45,通信網路業
762,6153,84.34%,23,-426.20%,110,330.26%,67,172.48%,46,83.82%,16,41.30%,37,電子零組件業
763,6155,17.02%,17,155.30%,117,0.00%,0,66.30%,47,96.64%,19,95.84%,45,電子零組件業
764,6164,-49.16%,32,-55.55%,52,0.00%,0,-11.75%,51,-64.86%,13,-18.82%,44,光電業
765,6165,297.93%,34,-245.34%,83,0.00%,0,188.07%,48,15.95%,15,-43.86%,42,電子零組件業
766,6166,27.00%,31,-139.62%,175,75.83%,10,93.06%,48,-32.99%,17,56.96%,50,電腦及週邊設備業
767,6168,13.79%,20,35.24%,149,-7.67%,2,88.85%,48,55.13%,14,112.20%,48,光電業
768,6172,217.41%,17,-25.88%,37,0.00%,0,138.50%,52,60.27%,18,211.05%,55,電腦及週邊設備業
769,6176,115.56%,21,411.09%,156,389.13%,77,115.00%,53,8.85%,15,46.69%,49,光電業
770,6177,127.21%,25,393.75%,176,0.00%,0,101.75%,49,74.21%,16,3.39%,41,建材營造
771,6183,48.40%,14,-64.92%,85,0.00%,0,60.33%,55,60.03%,18,61.84%,49,資訊服務業
772,6184,18.23%,24,544.59%,140,0.00%,0,47.65%,47,37.95%,16,23.86%,49,其他
773,6189,18.41%,21,-18.52%,143,0.00%,0,36.25%,44,-3.12%,13,26.80%,40,電子通路業
774,6191,101.05%,25,-4.19%,139,6.64%,1,72.55%,49,14.56%,19,42.57%,41,電子零組件業
775,6192,117.64%,28,42.95%,335,-4.66%,2,62.82%,47,54.25%,12,6.73%,40,其他電子業
776,6196,67.40%,22,499.26%,172,-0.87%,18,201.53%,47,42.92%,15,4.04%,39,其他電子業
777,6197,155.32%,28,203.38%,157,-32.32%,2,145.90%,44,30.03%,15,5.12%,44,電子零組件業
778,6201,35.38%,27,-101.95%,46,0.00%,0,48.17%,54,14.07%,14,-10.22%,42,其他電子業
779,6202,89.98%,26,128.04%,227,9.36%,5,87.99%,53,16.70%,16,53.83%,47,半導體業
780,6205,-143.62%,36,-336.47%,66,0.00%,0,22.10%,52,-34.08%,13,-1.72%,41,電子零組件業
781,6206,-138.09%,28,363.43%,188,-26.94%,6,-0.51%,50,-3.73%,13,-13.28%,45,電腦及週邊設備業
782,6209,247.30%,23,605.27%,121,0.00%,0,180.17%,48,50.26%,13,42.64%,44,光電業
783,6213,246.24%,18,352.45%,125,-21.18%,142,219.69%,46,14.82%,17,92.98%,48,電子零組件業
784,6214,44.39%,15,170.80%,164,108.45%,4,42.78%,46,28.71%,17,34.33%,45,資訊服務業
785,6215,32.69%,24,-71.21%,112,0.00%,0,92.13%,42,31.96%,15,129.14%,49,其他電子業
786,6216,29.10%,26,-80.20%,104,0.00%,0,23.24%,50,-14.96%,18,14.66%,42,通信網路業
787,6224,63.37%,12,230.53%,183,-12.02%,2,72.81%,48,26.39%,19,47.71%,45,電子零組件業
788,6225,117.54%,27,0.00%,0,0.00%,0,139.03%,58,43.94%,14,146.50%,48,光電業
789,6226,61.13%,29,150.10%,131,0.00%,2,51.39%,51,32.62%,20,71.00%,44,光電業
790,6230,353.73%,27,-154.56%,124,-206.65%,69,170.27%,40,114.83%,20,15.69%,42,電腦及週邊設備業
791,6235,149.41%,22,-239.84%,149,0.00%,0,87.23%,44,25.74%,18,6.14%,40,電腦及週邊設備業
792,6239,83.36%,14,370.58%,155,-145.78%,100,106.75%,45,30.84%,18,9.82%,42,半導體業
793,6243,70.56%,34,-469.44%,96,0.00%,0,51.74%,52,-21.28%,13,91.26%,46,半導體業
794,6251,111.55%,25,44.05%,162,12.80%,4,129.28%,41,26.99%,16,97.63%,50,電子零組件業
795,6257,53.19%,17,-129.77%,159,-8.01%,23,82.53%,51,53.32%,15,52.12%,45,半導體業
796,6269,83.37%,20,-532.05%,131,-201.68%,158,68.17%,51,52.88%,17,108.70%,50,電子零組件業
797,6271,104.20%,19,-163.81%,130,130.73%,149,105.71%,45,57.27%,18,123.94%,46,半導體業
798,6277,12.30%,23,-131.84%,226,9.43%,1,24.09%,51,2.08%,16,10.28%,45,電腦及週邊設備業
799,6278,219.94%,23,218.55%,181,-89.32%,106,186.23%,53,110.31%,16,125.22%,47,光電業
800,6281,12.62%,15,-2.73%,113,0.00%,1,21.17%,54,2.05%,17,27.39%,38,電子通路業
801,6282,49.52%,22,-559.29%,183,0.00%,0,36.92%,50,12.15%,16,21.42%,44,電子零組件業
802,6283,246.51%,24,501.22%,138,-31.13%,14,222.31%,46,-82.77%,17,22.82%,47,其他電子業
803,6285,104.53%,27,68.75%,139,-75.90%,95,25.01%,51,-16.59%,14,-8.81%,48,通信網路業
804,6288,-4.95%,13,71.02%,71,-118.87%,5,122.66%,28,-18.63%,8,-33.54%,21,汽車工業
805,6289,-207.80%,28,0.00%,0,0.00%,0,289.83%,47,-119.42%,16,133.64%,50,光電業
806,6405,34.20%,22,-154.05%,30,0.00%,0,102.34%,50,-12.22%,20,33.35%,46,光電業
807,6409,125.08%,19,951.64%,374,123.66%,6,89.21%,49,63.14%,16,61.23%,43,其他電子業
808,6412,198.75%,29,-576.95%,188,97.37%,27,115.14%,42,35.95%,14,38.24%,46,電子零組件業
809,6414,11.09%,27,-320.63%,107,102.18%,56,144.14%,45,-4.82%,17,-50.08%,39,電腦及週邊設備業
810,6415,205.55%,19,-1495.80%,275,618.28%,95,176.59%,59,41.83%,15,143.62%,46,半導體業
811,6416,-42.07%,12,-173.24%,74,-95.83%,31,78.63%,28,23.42%,9,28.60%,26,通信網路業
812,6431,156.69%,23,654.87%,65,0.00%,0,137.90%,44,55.02%,17,83.38%,37,光電業
813,6442,90.31%,25,-408.30%,126,0.00%,0,35.58%,44,-0.66%,16,-3.79%,50,通信網路業
814,6443,189.83%,30,487.09%,153,0.00%,0,144.56%,48,48.00%,20,-1.97%,43,光電業
815,6449,52.45%,17,1089.46%,128,-8.43%,14,71.94%,47,-33.23%,16,29.48%,48,電子零組件業
816,6451,46.12%,22,470.24%,88,186.53%,25,246.51%,47,7.57%,14,52.21%,44,半導體業
817,6452,177.21%,22,-1018.25%,107,-583.40%,22,133.89%,42,66.13%,22,-2.64%,48,生技醫療業
818,6456,76.46%,23,-65.45%,125,1090.23%,107,149.67%,53,-4.66%,13,-0.68%,44,光電業
819,6464,23.29%,20,-15.84%,20,0.00%,0,22.38%,44,-4.29%,18,16.82%,34,其他
820,6477,-50.04%,31,56.78%,95,0.00%,0,99.50%,50,6.69%,12,28.08%,51,光電業
821,6491,-9.43%,5,-92.53%,27,-86.72%,8,19.47%,10,-19.72%,1,-9.16%,8,生技醫療業
822,6504,67.51%,28,241.83%,218,131.96%,26,89.77%,45,44.83%,16,60.41%,38,其他
823,6505,73.19%,25,110.93%,103,-45.97%,125,61.88%,53,-19.33%,16,43.95%,54,油電燃氣業
824,6525,98.26%,28,51.85%,151,330.28%,44,80.16%,45,77.36%,14,36.14%,46,半導體業
825,6531,-36.71%,28,902.45%,146,-257.44%,26,333.67%,44,162.55%,14,-10.25%,41,半導體業
826,6533,256.87%,20,255.92%,69,0.00%,0,97.07%,45,4.52%,15,97.06%,42,半導體業
827,6541,-251.06%,24,489.98%,105,-9.13%,1,32.42%,40,-30.64%,12,30.05%,38,生技醫療業
828,6552,-73.41%,19,-5.55%,88,358.69%,26,153.79%,49,19.61%,13,107.50%,49,半導體業
829,6558,84.79%,9,-316.41%,33,370.56%,20,81.45%,24,-23.03%,6,23.14%,22,其他電子業
830,6573,-43.25%,19,-255.23%,51,0.00%,0,93.04%,37,-3.31%,14,16.40%,39,半導體業
831,6579,-31.94%,18,-177.46%,93,0.00%,1,21.52%,42,-24.55%,14,25.57%,38,電腦及週邊設備業
832,6581,-305.77%,23,-125.02%,71,-27.50%,1,22.28%,34,-38.37%,6,-3.24%,29,其他
833,6582,57.73%,20,349.63%,61,0.00%,0,66.32%,41,20.70%,15,-6.48%,35,橡膠工業
834,6591,-103.84%,15,-292.54%,64,0.00%,0,68.55%,32,-43.85%,9,-17.95%,29,電腦及週邊設備業
835,6592,40.41%,4,7.04%,18,0.00%,11,18.17%,8,0.00%,0,-10.11%,8,其他
836,6605,-121.59%,27,632.40%,214,-31.56%,7,8.84%,45,-49.71%,16,31.91%,47,汽車工業
837,6625,-27.47%,22,-22.77%,12,0.00%,0,4.27%,29,-9.55%,7,19.25%,31,其他
838,6641,55.28%,13,-14.45%,25,0.00%,0,53.41%,21,-10.52%,6,29.74%,21,其他
839,6655,-68.59%,14,-98.34%,11,0.00%,0,7.07%,20,-4.64%,5,-33.09%,15,其他
840,6666,-31.76%,15,-141.96%,59,38.56%,4,53.50%,22,-29.90%,6,-20.03%,18,生技醫療業
841,6668,-5.14%,7,159.26%,33,-16.14%,1,70.23%,18,-6.40%,6,-61.95%,16,光電業
842,6669,52.81%,3,1349.12%,94,181.43%,86,49.26%,19,11.25%,4,64.42%,16,電腦及週邊設備業
843,6670,42.23%,6,-129.24%,150,608.95%,42,10.35%,19,-0.14%,6,15.08%,18,其他
844,6671,-67.97%,17,-30.80%,8,0.00%,0,24.05%,24,-6.00%,4,-12.09%,18,其他
845,6672,86.74%,6,-37.50%,40,0.00%,0,44.70%,17,12.44%,4,11.91%,16,電子零組件業
846,6674,13.71%,17,-47.66%,10,0.00%,0,49.18%,20,-31.55%,6,-21.99%,22,通信網路業
847,6698,10.68%,4,64.48%,12,-194.71%,12,9.98%,4,-13.43%,2,-27.51%,5,其他電子業
848,6706,35.21%,2,-35.59%,10,-88.21%,24,57.94%,5,-15.56%,1,-5.07%,3,光電業
849,6715,104.52%,3,245.09%,20,0.00%,2,35.88%,8,26.70%,1,36.47%,6,電子零組件業
850,8011,63.27%,21,-287.62%,176,0.00%,0,71.77%,45,36.36%,18,46.10%,50,通信網路業
851,8016,-5.32%,23,513.77%,130,64.99%,85,168.49%,47,-20.99%,11,28.01%,49,半導體業
852,8021,77.49%,26,189.36%,160,0.00%,1,69.66%,46,-18.13%,14,2.66%,39,其他電子業
853,8028,81.57%,14,514.83%,66,233.93%,13,92.48%,24,70.04%,9,11.70%,25,半導體業
854,8033,-85.45%,23,58.16%,107,0.00%,0,55.57%,53,57.71%,12,99.96%,50,其他
855,8039,171.90%,18,-190.90%,186,-63.43%,44,131.08%,47,33.54%,16,36.00%,44,電子零組件業
856,8046,296.41%,24,100.60%,88,-324.57%,112,170.48%,50,145.48%,16,24.54%,44,電子零組件業
857,8070,102.25%,24,97.85%,157,2.13%,2,77.27%,50,45.28%,16,45.38%,39,電子通路業
858,8072,-1.52%,27,-23.04%,26,0.00%,0,54.06%,48,-18.99%,14,15.00%,47,電子通路業
859,8081,175.29%,15,-672.38%,225,214.62%,19,117.99%,52,56.71%,15,61.28%,43,半導體業
860,8101,335.36%,37,68.43%,35,0.00%,0,65.55%,46,60.29%,19,190.38%,44,通信網路業
861,8103,3.13%,18,331.41%,122,-47.57%,6,68.93%,48,-25.21%,17,8.74%,40,電子零組件業
862,8104,-63.61%,14,447.99%,52,0.00%,0,12.82%,20,-47.11%,6,14.89%,18,光電業
863,8105,-43.39%,27,-156.85%,174,5.07%,18,97.73%,43,-6.22%,17,16.67%,44,光電業
864,8110,6.79%,26,63.71%,124,-7.32%,2,93.28%,50,-7.90%,16,32.99%,44,半導體業
865,8112,105.80%,24,-366.17%,237,100.30%,25,82.82%,48,42.13%,15,15.14%,37,電子通路業
866,8114,-27.15%,39,-80.45%,121,-47.59%,6,-0.16%,53,-42.60%,19,14.89%,39,電腦及週邊設備業
867,8131,68.47%,20,737.47%,160,-62.28%,16,91.37%,51,56.24%,13,7.98%,45,半導體業
868,8150,89.93%,30,765.57%,147,51.20%,52,66.59%,51,18.33%,16,36.45%,41,半導體業
869,8163,72.97%,19,523.16%,154,-159.50%,39,209.51%,47,-6.99%,14,27.45%,43,電腦及週邊設備業
870,8201,-110.60%,34,-6.48%,67,0.00%,0,115.28%,51,-7.04%,15,44.29%,40,其他電子業
871,8210,70.83%,19,1602.91%,162,222.65%,14,165.77%,49,16.02%,13,11.04%,40,電腦及週邊設備業
872,8213,72.96%,15,229.54%,184,-38.33%,3,87.93%,42,7.78%,15,20.36%,42,電子零組件業
873,8215,202.57%,30,441.24%,157,18.39%,3,138.49%,43,55.42%,18,24.79%,44,光電業
874,8222,-232.47%,31,-27.18%,76,-96.28%,2,-4.87%,51,-53.76%,15,53.72%,41,電機機械
875,8249,54.35%,24,50.29%,178,0.00%,1,25.61%,49,-12.44%,13,56.24%,42,電子零組件業
876,8261,103.60%,19,280.48%,89,0.00%,1,116.38%,52,74.49%,16,77.01%,47,半導體業
877,8271,86.87%,19,-290.94%,178,17.90%,3,86.69%,50,48.06%,15,54.80%,43,半導體業
878,8341,173.64%,20,724.42%,264,364.93%,62,136.83%,47,61.31%,15,25.69%,43,其他
879,8367,38.62%,15,-37.11%,28,0.00%,0,36.24%,26,10.43%,5,29.70%,25,航運業
880,8374,104.03%,23,148.22%,112,0.00%,0,58.88%,47,42.04%,17,15.65%,44,電機機械
881,8404,97.92%,23,-104.54%,187,-1.13%,1,103.22%,47,-6.81%,16,-41.88%,33,其他
882,8411,-214.39%,42,-353.38%,93,-38.36%,7,26.58%,48,-74.10%,16,-99.27%,31,其他
883,8422,-2.33%,30,0.79%,92,-4.40%,15,19.76%,49,9.85%,14,12.03%,35,其他
884,8427,71.35%,42,-44.29%,10,0.00%,0,52.26%,46,-11.13%,13,-38.55%,38,其他
885,8429,-163.64%,34,-410.55%,103,0.00%,0,15.57%,47,-38.20%,16,-81.55%,42,貿易百貨
886,8442,10.87%,48,6.08%,30,0.00%,0,44.52%,49,-29.77%,15,66.72%,44,其他
887,8443,-66.30%,32,-84.28%,30,0.00%,0,-6.00%,47,-33.66%,17,2.37%,39,貿易百貨
888,8454,-43.57%,26,1636.76%,394,430.55%,23,127.38%,49,7.47%,10,30.42%,39,貿易百貨
889,8462,-41.29%,10,616.08%,78,-24.56%,5,-21.69%,20,-20.77%,3,21.32%,16,觀光事業
890,8463,178.10%,23,89.90%,90,-33.67%,4,151.60%,45,82.65%,17,94.56%,43,其他
891,8464,203.09%,34,-514.16%,174,-1004.10%,135,87.28%,48,32.94%,16,29.54%,43,其他
892,8466,-209.29%,27,-896.56%,110,-168.59%,13,1.98%,49,-46.72%,12,5.70%,42,其他
893,8467,83.24%,20,-134.64%,17,0.00%,0,91.74%,46,-2.40%,14,49.39%,42,其他
894,8473,-99.77%,21,-119.86%,157,29.72%,3,20.46%,54,-23.49%,12,24.09%,46,其他
895,8478,-42.66%,26,-437.11%,65,-325.58%,8,24.03%,38,-50.28%,7,-6.04%,35,其他
896,8480,49.85%,28,510.89%,299,-29.41%,4,76.39%,47,29.49%,19,13.97%,43,其他
897,8481,47.26%,19,-120.01%,42,0.00%,0,58.93%,53,6.97%,15,22.38%,45,其他
898,8482,9.00%,13,1306.54%,166,18.30%,7,38.46%,23,-0.71%,8,-9.18%,19,其他
899,8488,-106.10%,47,-199.49%,9,0.00%,0,11.20%,49,-90.96%,15,-74.77%,42,其他
900,8497,47.48%,10,-122.45%,31,0.00%,0,86.72%,30,33.89%,13,9.38%,24,其他
901,8499,76.44%,20,-8.98%,56,29.56%,11,82.01%,32,-54.23%,6,70.28%,41,其他
902,8926,57.90%,14,-173.96%,225,23.77%,22,70.45%,49,30.96%,15,43.46%,46,油電燃氣業
903,8940,-44.57%,36,51.85%,15,0.00%,0,-9.98%,59,-24.39%,18,-1.39%,45,觀光事業
904,8996,174.41%,19,436.35%,127,-175.80%,14,157.96%,47,16.56%,14,68.86%,47,電機機械
905,9802,-138.06%,23,1562.92%,191,-45.12%,96,84.72%,49,8.11%,15,-1.57%,39,其他
906,9902,-7.11%,33,63.34%,47,0.00%,0,54.35%,49,-5.41%,12,1.18%,50,其他
907,9904,-7.42%,31,-308.61%,146,-51.28%,123,31.96%,50,2.58%,16,2.13%,43,其他
908,9905,4.33%,19,-54.23%,164,0.00%,0,30.13%,44,3.39%,18,18.74%,42,其他
909,9906,156.61%,30,451.18%,58,0.00%,0,125.04%,47,36.32%,14,39.71%,43,建材營造
910,9907,-106.19%,33,-580.88%,179,-12.42%,2,26.05%,47,-29.60%,13,-47.59%,36,其他
911,9908,34.58%,12,53.54%,114,0.00%,0,29.94%,50,12.57%,13,11.65%,39,油電燃氣業
912,9910,14.13%,28,169.32%,195,-162.67%,92,55.83%,48,0.61%,12,56.44%,48,其他
913,9911,67.99%,13,-140.74%,212,7.20%,2,93.39%,50,5.21%,14,43.35%,46,其他
914,9912,53.66%,38,-50.50%,16,0.00%,0,67.97%,42,50.77%,14,8.38%,44,電腦及週邊設備業
915,9914,79.47%,29,-146.12%,134,439.63%,115,129.12%,43,19.55%,16,2.41%,39,其他
916,9917,43.02%,24,5.95%,123,-279.95%,36,16.18%,48,14.39%,20,13.42%,50,其他
917,9918,39.40%,15,-9.20%,12,0.00%,0,10.99%,50,15.05%,14,38.15%,41,油電燃氣業
918,9919,36.64%,28,-172.86%,108,0.00%,0,49.76%,50,19.34%,16,115.09%,39,其他
919,9921,39.38%,25,-490.98%,140,1146.50%,58,58.26%,45,-18.87%,15,108.34%,43,其他
920,9924,31.72%,31,-142.52%,110,-24.98%,6,42.64%,54,-9.15%,17,11.81%,43,其他
921,9925,-6.29%,30,-74.07%,158,0.00%,0,12.77%,56,4.00%,15,10.64%,46,其他
922,9926,23.16%,15,-60.04%,24,0.00%,0,21.76%,51,13.37%,16,28.53%,45,油電燃氣業
923,9927,-29.76%,21,-34.08%,88,1.19%,2,19.69%,49,5.08%,18,33.33%,44,其他
924,9928,7.78%,22,0.00%,0,0.00%,0,9.55%,42,-37.00%,18,40.93%,47,其他
925,9929,21.13%,26,-10.46%,14,0.00%,0,44.43%,50,-17.93%,16,78.61%,54,其他
926,9930,-44.72%,28,-158.59%,128,0.00%,0,19.35%,46,-29.55%,17,-5.38%,44,其他
927,9931,37.44%,10,-15.56%,14,0.00%,0,17.83%,42,20.04%,17,33.42%,41,油電燃氣業
928,9933,-133.80%,26,-100.82%,100,-157.20%,37,51.77%,46,-18.00%,13,-24.52%,45,其他
929,9934,10.74%,22,515.17%,175,-94.19%,10,62.42%,45,-8.83%,16,0.13%,47,其他
930,9935,-212.58%,28,-93.40%,83,0.00%,0,197.52%,50,59.43%,14,41.32%,44,其他
931,9937,28.06%,16,188.81%,149,0.00%,0,19.50%,56,7.78%,15,13.79%,53,油電燃氣業
932,9938,10.33%,16,92.21%,125,-46.39%,85,145.76%,46,-28.71%,17,-82.59%,42,其他
933,9939,59.14%,23,-52.48%,232,34.93%,19,56.00%,45,18.32%,16,3.67%,43,其他
934,9940,-149.00%,26,-45.09%,233,-13.34%,3,66.16%,49,-9.68%,17,6.63%,46,其他
935,9941,-78.94%,21,133.93%,189,144.36%,38,92.78%,49,6.03%,14,48.51%,37,其他
936,9942,1.02%,24,60.97%,59,-1.59%,11,28.32%,48,-7.70%,17,6.02%,49,其他
937,9943,48.44%,19,-454.17%,175,6.68%,2,44.12%,51,17.24%,14,32.64%,42,觀光事業
938,9944,111.69%,38,299.55%,29,0.00%,0,75.04%,48,-1.84%,17,44.12%,37,其他
939,9945,164.90%,23,1169.67%,194,-16.00%,11,101.70%,46,29.84%,14,6.17%,40,其他
940,9946,74.06%,22,363.40%,112,0.00%,0,129.82%,45,-9.78%,15,71.04%,42,建材營造
941,9955,158.12%,25,68.66%,63,0.00%,0,124.85%,47,44.36%,17,-22.83%,36,其他
942,9958,215.04%,31,420.11%,74,96.85%,24,330.80%,42,167.35%,15,103.21%,38,鋼鐵工業
