,Sex,Age,eduation,Job,stage,Money,Target,A,B,C,D,E,F,G,H,I,J,K,L,M,N,O,P,Q,R,S,T,U,V,W,X,Y,Z,AA,AB,AC,AD,AE,AF,AG,AH,AI,AJ,AK
0,0,1,2,7,4,0,1,2,2,2,2,2,2,2,1,1,2,1,2,2,2,2,1,2,1,1,,2,1,2,1,2,2,1,0,0,1,-2,0,-2,0,-2,-2,1
1,1,1,2,7,4,4,0,-2,-2,-2,-2,-2,-2,-2,-2,2,1,2,0,0,0,1,2,1,2,1,,2,1,0,-2,0,2,2,1,-1,1,2,0,0,-2,2,2,0
2,0,1,2,7,1,0,0,1,0,1,0,2,1,0,0,2,2,1,1,2,1,1,2,2,1,2,,1,1,2,2,2,1,1,0,2,1,0,0,0,0,0,2,1
3,0,1,2,7,1,0,1,1,1,1,1,1,1,1,1,1,1,1,1,1,1,1,1,0,0,1,,0,0,0,1,0,0,0,-1,0,0,0,0,0,0,0,0,0
4,1,1,2,6,3,3,0,2,2,2,2,2,0,0,1,2,2,1,2,2,2,0,1,2,2,2,,2,2,2,1,2,2,1,1,1,0,0,0,0,1,1,1,1
5,0,1,2,7,1,0,1,0,0,0,0,0,0,0,0,0,0,0,0,0,0,0,0,0,0,0,,0,0,0,0,0,0,0,0,0,0,0,0,0,0,0,0,0
6,0,0,2,7,4,0,1,2,1,1,0,1,1,1,0,1,1,1,1,1,1,1,1,1,1,1,,1,1,1,1,1,1,1,1,1,1,-1,1,0,1,0,1,1
7,0,0,2,2,1,0,0,1,1,1,-2,1,2,1,1,1,1,1,1,1,0,1,1,1,1,1,,2,1,1,1,1,1,1,0,1,0,1,1,0,1,1,0,1
8,0,1,2,7,4,0,0,0,0,0,-1,0,1,0,0,0,1,1,-1,1,0,0,0,0,0,1,,0,0,0,1,0,0,0,-1,0,0,-1,-1,-1,-1,-1,0,0
9,0,1,2,7,4,0,0,1,1,0,0,1,1,0,0,1,1,1,1,1,1,0,1,1,1,1,,1,1,0,1,0,0,1,1,1,0,-1,0,0,1,0,1,1
10,0,0,2,7,4,0,1,1,0,0,0,1,0,-1,-1,2,1,1,1,1,1,1,1,1,1,1,,1,1,1,1,1,0,0,1,1,-1,-1,0,-1,0,0,1,0
11,0,0,2,7,4,0,1,1,1,0,-1,1,1,0,0,1,1,1,1,1,1,1,1,1,1,1,,0,1,1,1,1,1,1,0,1,0,-1,0,0,0,0,0,1
12,0,1,2,7,4,0,1,2,2,0,0,0,0,0,0,1,0,0,0,0,0,0,0,0,0,0,,0,0,0,0,0,0,0,0,0,0,0,0,0,0,0,0,0
13,0,1,2,7,4,0,0,1,0,0,-1,1,0,0,0,1,1,1,0,1,1,0,1,1,1,1,,0,0,0,1,0,0,1,0,1,0,-1,0,-1,0,0,0,1
14,0,1,2,7,4,0,1,0,0,0,-1,1,1,0,0,1,1,0,0,1,1,1,0,1,0,0,,0,0,0,1,0,1,1,0,1,0,0,0,0,1,0,1,1
15,0,1,2,7,4,0,0,0,1,1,-1,0,0,-1,-1,2,2,1,0,2,1,0,0,1,1,1,,1,0,0,1,0,-1,0,0,1,0,1,-1,-1,0,0,-1,0
16,0,1,2,7,1,0,1,2,2,1,1,0,0,0,0,0,0,0,0,0,0,0,0,0,0,0,,0,0,0,0,0,0,0,0,0,0,0,0,0,0,0,0,0
17,0,1,2,7,1,0,0,0,1,1,-1,1,1,1,0,1,1,1,1,2,1,2,1,1,1,1,,1,1,1,1,2,1,1,1,1,1,1,1,2,1,1,1,1
18,1,1,1,7,4,0,0,0,0,0,1,0,0,0,0,0,1,0,0,1,0,0,1,0,0,0,,1,0,1,1,1,1,0,0,1,0,-1,0,1,0,0,0,0
19,0,1,2,7,4,0,1,1,1,0,-1,1,1,0,0,1,0,0,0,1,1,1,1,0,1,0,,1,0,0,0,0,-1,1,0,1,0,0,0,0,1,0,0,-1
20,1,1,2,7,4,0,1,2,2,0,0,1,0,1,0,2,2,2,1,2,2,2,1,2,2,2,,2,1,0,1,0,1,1,0,1,1,0,1,0,1,0,1,1
21,1,1,2,7,4,0,1,1,0,1,-2,1,0,-1,-1,2,1,2,1,2,1,1,2,1,2,1,,2,1,2,1,1,0,0,0,0,0,1,1,-1,1,1,-2,1
22,1,1,2,7,4,0,0,1,1,0,0,1,1,0,0,2,2,0,0,1,1,0,1,1,0,1,,1,1,0,1,1,1,1,0,1,1,-1,1,0,0,0,-1,1
23,1,0,2,2,1,1,1,1,1,0,0,1,1,0,0,1,1,0,0,1,1,1,0,1,1,1,,0,0,0,1,0,0,0,0,1,0,0,0,0,0,0,0,1
24,0,1,2,7,4,0,0,-1,-1,0,-1,0,-1,-1,-1,0,1,1,0,1,0,1,0,0,0,0,,0,0,0,0,0,0,0,0,0,0,0,0,0,0,0,0,0
25,0,1,2,7,1,0,1,1,1,0,0,1,0,0,0,2,1,1,1,1,2,1,1,1,1,1,,1,1,1,1,1,0,1,1,1,1,1,0,0,1,0,-1,2
26,1,1,2,7,1,0,0,1,0,0,-1,0,-1,-2,0,1,1,1,1,1,1,1,1,1,1,1,,1,1,1,1,1,0,1,1,1,0,-1,0,0,1,-1,0,0
27,0,1,2,7,1,0,1,1,0,0,-1,1,1,0,0,2,1,1,0,1,0,0,1,1,1,1,,1,1,1,1,1,0,1,1,1,0,0,0,0,1,1,0,1
28,1,1,2,7,4,0,1,1,0,1,-2,0,1,0,0,2,2,1,1,1,1,1,1,1,1,1,,0,1,2,2,1,0,0,0,-1,-2,-1,1,0,1,0,2,1
29,0,0,2,7,4,0,1,1,-1,0,0,0,1,0,0,2,2,2,1,1,0,0,0,1,0,1,,1,0,1,1,0,1,1,1,0,-1,0,0,-1,0,0,1,-1
30,1,1,2,7,4,0,1,1,1,0,-1,1,0,0,0,1,0,0,0,1,0,0,0,0,1,1,,1,1,1,1,0,1,1,0,1,0,-1,0,0,0,0,1,0
31,1,0,1,7,4,0,1,1,1,-1,-1,1,-1,0,0,1,1,1,1,1,-1,0,1,1,0,1,,0,0,0,1,0,1,0,1,1,0,0,0,-1,0,0,1,2
32,0,1,2,2,1,0,1,0,0,-1,-2,1,1,0,0,2,1,2,0,1,1,1,1,1,0,0,,0,0,1,1,1,0,1,0,1,0,0,0,0,0,0,1,1
33,0,1,2,7,4,0,0,1,0,0,-1,0,0,-1,0,2,1,0,1,2,1,0,0,1,1,0,,0,0,0,1,-1,-1,1,0,1,0,-1,0,-1,0,0,-2,0
34,0,0,2,7,4,0,1,0,0,-1,-1,0,0,0,0,1,1,0,0,1,1,0,0,0,1,1,,0,0,0,0,0,0,0,0,0,-1,0,0,0,0,0,1,1
35,0,1,2,2,0,1,1,1,1,-1,-2,1,-1,-1,-1,2,2,2,0,1,1,1,1,2,1,1,,0,1,0,1,1,0,1,0,1,0,-1,0,0,1,0,0,0
36,1,0,1,7,4,0,0,1,0,0,0,1,-1,-1,-1,2,2,2,0,1,1,1,1,1,1,1,,1,0,1,1,1,0,0,0,1,1,0,0,-1,0,0,1,2
37,1,1,2,7,1,0,0,2,2,0,0,1,0,0,0,2,2,2,2,2,1,1,0,2,1,1,,1,2,2,2,0,1,1,1,1,1,-1,0,-1,0,0,0,0
38,0,1,2,7,4,0,1,2,0,0,-2,1,0,-2,-2,2,2,2,2,2,1,0,0,2,0,0,,0,0,0,0,0,0,0,0,0,1,-2,0,0,0,0,1,1
39,0,1,2,7,4,2,0,0,0,0,0,0,0,0,0,0,0,0,0,0,0,0,0,0,0,1,,0,1,0,1,0,0,0,0,0,0,-1,0,0,0,0,0,0
40,0,1,2,7,4,1,0,1,1,0,0,1,1,0,0,2,1,1,1,1,1,1,1,1,1,1,,1,1,1,1,1,1,1,0,1,0,1,0,0,0,0,-1,1
41,0,1,4,7,4,0,0,1,1,-1,-2,-2,-2,-2,-2,2,2,2,2,2,2,2,2,2,2,2,,2,2,2,2,2,2,-2,-2,-2,-2,-2,-2,1,-2,-2,2,2
42,0,0,2,7,1,0,0,0,0,-1,-1,1,-1,0,0,1,1,1,1,1,0,1,1,0,1,0,,0,0,0,0,1,0,1,1,1,0,-1,0,-1,0,0,0,0
43,1,1,2,6,1,0,1,1,1,1,1,1,1,1,1,2,0,1,0,2,2,1,1,1,1,1,,1,1,1,1,1,1,1,1,1,1,-1,1,0,0,0,0,1
44,0,1,2,7,4,0,1,0,-1,-1,-1,1,1,-1,-1,1,1,1,1,1,1,1,0,0,1,0,,0,1,1,1,1,0,0,1,0,-1,-1,0,0,0,0,0,0
45,0,1,2,7,4,0,1,1,0,-1,-1,1,0,-2,-2,2,2,1,1,2,1,0,1,2,0,1,,0,0,0,1,1,0,1,0,1,1,-1,0,0,1,0,0,1
46,0,1,2,7,4,0,1,0,0,0,0,0,0,0,0,0,0,0,0,0,0,0,0,0,0,0,,0,0,0,0,0,0,0,0,0,0,0,0,0,0,0,0,0
47,0,1,2,7,4,0,0,0,0,0,0,0,0,-1,-1,1,1,2,0,1,0,0,0,2,0,1,,0,0,0,1,0,0,-1,0,-1,-1,-1,-1,-1,-1,-1,0,2
48,0,1,2,7,4,0,1,1,1,0,0,2,0,1,1,2,1,1,1,1,1,1,1,1,1,1,,1,1,1,1,1,0,2,1,2,1,1,1,0,1,1,0,0
49,0,0,2,7,1,0,0,0,0,-2,-2,0,-2,-2,-2,1,2,1,-1,0,-1,1,1,1,0,0,,0,0,0,0,0,-1,0,0,-1,-1,-1,-1,-2,-1,-1,-2,2
50,0,1,2,7,4,0,0,0,0,0,0,-1,-1,1,0,1,1,1,0,1,0,0,0,1,0,1,,0,0,0,0,0,0,-1,-1,-1,-1,-2,-1,-2,0,-1,-1,1
51,1,1,2,7,4,0,1,2,2,2,2,2,2,2,2,2,2,2,2,2,2,2,2,2,2,2,,2,2,2,2,2,2,2,2,2,2,2,2,2,2,2,2,2
52,0,4,1,2,0,2,1,1,1,1,0,1,0,-1,-1,2,1,1,1,1,0,1,1,1,1,1,,1,1,1,1,1,1,1,1,1,1,0,1,1,1,1,2,1
53,1,0,2,7,1,0,0,0,1,0,-1,1,1,0,0,1,1,1,0,2,-1,1,1,0,1,1,,0,1,0,0,0,0,1,2,0,1,0,1,0,1,0,0,1
54,0,1,2,7,4,0,0,0,0,0,0,1,-1,0,0,1,1,0,1,2,0,0,1,1,1,1,,0,-2,0,1,1,0,0,0,0,-1,0,-1,-1,0,-1,0,1
55,0,1,2,7,4,0,1,1,0,0,0,1,1,0,-1,1,1,1,1,1,1,0,1,1,1,2,,1,1,0,0,1,0,1,0,1,0,-1,0,-1,0,1,-1,0
56,0,1,2,1,0,2,1,0,0,-1,-2,1,1,0,0,1,1,0,-1,0,0,0,0,0,1,1,,1,0,0,0,-1,-1,1,0,1,-1,-1,-1,0,0,0,0,1
57,1,1,2,3,3,0,0,1,0,-1,0,1,0,1,0,0,2,1,0,1,1,0,0,1,1,0,,0,0,0,1,1,0,0,0,0,0,-1,0,0,0,0,0,1
58,1,0,2,7,4,0,0,1,0,-1,0,1,0,0,0,2,1,1,1,1,1,0,1,1,1,1,,1,0,0,1,0,0,1,0,0,0,-2,0,0,0,0,-1,1
59,0,0,2,7,4,0,1,1,0,0,-2,2,-2,1,0,2,2,2,0,2,2,0,2,2,2,2,,2,2,2,2,2,2,0,0,0,0,-2,0,0,0,0,1,-2
60,1,1,2,7,1,0,0,1,-1,-1,-1,0,-2,-2,-2,2,2,2,1,1,1,0,0,1,-1,-2,,0,0,0,0,0,0,-1,0,0,0,0,0,0,0,0,0,0
61,1,1,2,7,4,0,0,1,1,1,0,0,0,0,0,1,1,1,1,1,1,1,1,1,1,1,,1,1,1,1,1,1,0,0,0,0,0,0,0,0,0,1,1
62,0,0,2,7,4,0,0,2,2,0,-1,2,-1,1,1,2,2,1,0,2,2,1,0,-1,1,2,,1,1,1,2,1,1,2,2,2,0,-1,0,0,1,0,-1,2
63,0,1,2,7,1,0,1,1,0,0,0,2,0,0,0,1,1,1,0,1,1,0,1,2,0,1,,0,1,0,1,0,1,1,0,0,-1,0,0,1,1,1,0,0
64,0,1,2,7,1,0,0,1,1,0,0,1,1,0,0,2,2,1,1,2,1,1,1,0,1,1,,1,1,0,2,0,0,0,1,0,0,1,0,0,0,0,1,1
65,0,0,2,7,4,0,1,2,1,0,-1,1,1,0,0,2,2,2,2,2,2,2,2,2,1,1,,1,1,1,1,0,0,1,1,1,1,-1,0,0,1,0,1,1
66,1,1,2,7,4,0,1,2,1,2,-1,1,0,-1,-1,2,2,2,1,1,2,2,2,2,0,2,,1,1,2,1,1,1,1,-1,0,0,-1,1,-2,0,-1,1,1
67,0,1,2,7,4,0,0,0,0,0,0,1,-1,-2,-2,2,1,1,0,1,1,1,0,-1,1,1,,0,0,0,0,1,1,-1,-1,0,-1,0,-1,-1,0,0,-1,1
68,1,1,2,7,3,0,0,0,0,-1,-2,0,-1,1,0,1,1,0,0,1,0,1,2,1,1,1,,0,0,0,1,1,0,0,-1,0,0,0,0,0,0,-1,1,-1
69,0,1,2,7,4,0,1,2,1,-1,-1,1,1,0,-2,1,1,1,1,2,1,1,1,-1,0,0,,0,0,0,-1,-1,-1,1,-2,1,0,-1,-1,0,0,0,-2,1
70,1,1,2,7,1,0,0,1,1,-1,-2,1,0,0,-2,2,2,0,0,0,1,1,0,1,1,1,,1,0,1,1,0,-1,0,-1,1,-1,-2,-1,-2,-1,-2,0,1
71,0,1,2,7,4,0,1,1,1,0,0,1,0,0,0,2,2,2,0,2,1,1,2,0,2,2,,0,0,0,1,1,1,1,0,1,-1,-1,0,-1,0,0,0,2
72,0,0,2,7,4,0,0,1,-2,-2,0,0,-1,-2,-2,2,2,1,2,1,1,2,1,1,-1,-2,,0,0,1,2,-1,-1,-2,-2,0,-2,-1,-2,0,-1,-2,1,1
73,1,1,2,7,4,0,1,1,0,-1,-1,1,0,0,0,1,1,1,0,1,1,1,1,1,0,1,,1,1,1,2,1,0,1,1,1,0,-1,0,0,1,0,-1,0
74,1,0,1,7,4,0,1,0,0,0,0,1,1,0,0,1,1,1,1,1,1,1,1,1,1,1,,1,1,1,2,2,1,0,0,1,0,0,1,-1,0,0,0,1
75,0,1,2,7,4,0,1,0,2,1,0,1,2,1,0,2,2,2,2,2,-1,0,0,2,1,2,,1,0,0,2,0,1,1,0,2,-1,-2,-1,1,0,0,2,0
76,0,0,2,7,4,0,1,1,1,0,0,0,0,0,0,1,1,0,0,2,1,0,0,0,0,1,,0,0,0,0,0,0,0,0,0,0,0,0,0,0,0,0,0
77,0,0,2,7,4,0,0,1,1,0,0,1,1,0,0,1,1,1,0,1,0,0,1,0,0,0,,0,0,0,1,0,0,0,0,0,0,0,0,0,0,0,0,0
78,0,0,0,7,4,0,1,2,0,0,0,1,0,0,0,1,1,1,0,1,1,0,0,1,0,1,,0,1,1,1,1,1,1,0,1,1,-1,0,0,1,1,0,0
79,0,1,2,7,4,0,0,0,0,0,1,1,1,0,0,2,2,2,1,2,1,1,1,1,1,1,,1,1,1,1,1,1,1,0,0,0,-2,1,0,0,0,1,2
80,0,0,2,7,4,0,0,0,0,-1,-2,-1,-1,-1,-1,1,1,1,0,1,1,1,1,0,0,0,,0,0,1,1,2,0,0,-1,-1,-1,0,-1,-1,-1,-1,1,0
81,1,1,2,7,4,0,0,0,1,0,-1,1,-2,-2,-2,1,1,1,0,2,-1,1,0,1,1,1,,0,0,1,0,0,-1,1,0,1,-1,-1,1,-1,0,1,1,-1
82,0,1,2,7,4,0,0,1,1,0,0,1,0,0,0,1,1,1,0,1,1,1,1,1,0,1,,1,0,1,1,1,0,0,1,1,0,0,1,1,1,0,1,1
83,1,1,2,7,4,0,0,0,1,0,-1,0,1,-1,-1,2,1,1,1,2,0,1,1,1,1,1,,1,1,1,2,1,1,0,-1,0,0,1,0,0,0,0,1,1
84,0,0,2,7,4,0,1,1,1,-1,-1,1,0,1,1,2,1,1,-1,1,1,1,1,0,1,1,,2,1,-1,0,1,0,1,0,1,0,-1,1,-1,0,0,-1,-1
85,0,0,2,7,1,0,0,1,0,-1,-1,1,0,0,0,1,1,-1,-2,1,0,-1,0,0,-2,0,,0,0,-1,0,0,1,0,1,0,0,-1,-1,-1,-1,-1,-2,0
86,1,0,2,7,4,0,0,1,1,0,0,1,1,1,1,1,1,1,1,1,1,1,1,1,1,1,,1,1,1,1,1,1,1,0,1,0,0,0,0,0,0,0,1
87,0,0,2,7,4,0,0,0,1,0,-1,1,-1,-1,-1,2,2,1,0,1,1,1,1,1,1,1,,0,1,0,1,0,0,1,1,1,0,0,0,0,0,0,0,1
88,0,0,2,7,1,0,1,1,1,1,-1,1,0,-1,0,2,2,2,2,2,2,2,2,1,2,2,,1,1,0,2,1,-1,1,0,1,0,1,0,0,1,0,-1,1
89,0,1,2,7,4,0,1,1,1,0,0,0,1,1,0,1,1,1,0,1,1,1,1,1,1,1,,0,0,1,1,0,0,1,1,1,0,0,0,0,0,0,0,1
90,0,1,2,7,4,0,0,0,0,-1,-1,1,-1,-1,-1,1,1,1,-1,1,1,1,0,1,1,1,,0,1,1,1,1,1,1,1,1,-1,-1,-1,-1,0,0,0,1
91,0,0,2,2,1,0,1,-1,-1,2,-1,-1,-1,0,0,0,0,-1,2,2,1,0,-1,0,-1,0,,0,0,0,0,-1,0,0,0,-1,0,0,-2,-1,-1,-2,-1,-2
92,0,0,2,7,4,0,0,1,1,0,-1,0,1,1,0,2,2,2,1,1,1,1,1,1,0,1,,1,1,0,0,0,1,1,0,0,0,0,0,0,0,0,0,1
93,1,0,2,7,4,0,1,1,1,0,-2,1,1,2,2,2,2,2,2,2,1,2,1,1,2,2,,1,2,2,1,2,1,0,0,1,0,0,0,-1,2,0,1,2
94,1,0,2,7,4,0,0,1,1,0,-2,-2,-2,-2,2,2,-1,-2,1,-1,0,-1,-1,0,2,2,,0,0,0,0,1,1,2,0,0,0,0,-1,-1,-1,1,2,2
95,0,1,2,7,4,0,1,2,2,0,-2,2,2,0,0,2,2,0,2,2,2,2,2,2,2,2,,2,2,2,2,2,2,2,0,0,2,0,0,-2,0,1,0,2
96,0,0,2,7,1,0,0,1,1,0,0,1,0,0,0,2,1,1,1,1,1,1,1,1,1,0,,0,0,0,0,0,0,1,1,0,0,0,0,0,0,0,0,1
97,0,0,2,7,4,0,1,1,1,-1,-1,1,1,1,1,1,1,1,0,1,-1,0,0,1,1,1,,1,0,0,0,1,1,0,0,1,0,-1,-1,-1,0,-1,0,1
98,1,1,2,4,0,4,0,1,0,0,-2,1,-1,-1,-1,1,1,2,1,1,1,2,1,2,1,1,,1,1,1,1,1,1,1,1,1,1,-1,0,-1,1,-1,2,-1
99,1,0,2,7,1,0,1,0,1,0,-2,1,-2,-2,-2,1,1,1,0,1,1,0,1,1,1,1,,0,1,1,1,0,1,1,0,1,0,1,0,1,0,1,0,0
100,0,1,4,7,4,0,1,2,2,-1,-2,1,-1,-1,-1,2,2,-1,1,1,1,1,1,1,0,2,,0,-1,1,1,-1,1,0,-1,0,0,-1,0,-1,0,-1,0,1
101,1,1,2,7,4,0,0,0,1,-2,-2,1,-2,0,-2,2,1,1,1,2,1,1,1,1,1,1,,1,1,1,1,1,0,1,1,0,0,1,0,1,1,1,1,1
102,0,0,2,7,4,0,0,0,0,0,0,1,1,-1,-1,2,2,1,1,1,1,1,1,1,1,1,,1,1,1,1,1,1,2,1,1,1,1,1,1,1,1,1,1
103,1,1,2,7,4,0,0,0,0,0,-1,-2,-1,-2,-2,-1,-1,-1,0,1,-1,0,0,0,0,0,,-1,-1,-1,1,0,-1,0,-1,0,0,-1,-1,-1,-1,-1,-1,0
104,1,0,0,7,4,0,1,1,1,0,0,2,0,-1,-1,2,2,1,2,2,0,0,1,2,0,2,,0,0,0,2,0,1,0,0,0,0,-1,0,0,1,0,1,2
105,1,1,2,2,1,1,1,2,2,2,2,0,0,0,0,2,2,2,2,2,0,2,2,2,2,2,,0,1,2,2,2,2,-2,-2,0,0,-1,-1,0,0,0,2,2
106,0,0,2,7,1,0,1,1,0,1,-2,1,-1,0,-1,2,2,2,2,2,2,2,2,2,2,2,,2,2,2,2,2,0,0,2,0,1,-2,0,-1,0,0,1,0
107,0,0,2,7,4,0,1,1,0,0,0,1,1,0,0,1,1,1,0,1,1,0,1,1,0,1,,0,0,0,1,0,0,1,0,1,0,-1,0,0,1,0,1,1
108,1,1,2,7,4,0,0,1,1,0,-1,1,-1,-1,-2,2,1,1,1,1,1,1,1,1,1,1,,0,1,2,1,1,1,0,0,0,0,-2,1,-1,1,1,-1,1
109,0,1,2,4,0,2,1,1,1,0,1,2,2,0,0,2,2,2,0,2,0,2,2,1,1,1,,1,1,0,2,1,0,1,1,2,1,-1,0,0,0,-1,0,-2
110,0,1,2,7,1,0,0,1,1,1,-1,1,-2,-1,-2,2,2,2,0,2,0,0,2,2,2,2,,0,1,2,2,1,1,0,-1,0,-1,-1,-1,-1,0,0,0,0
111,0,1,2,2,1,0,1,1,1,1,0,0,0,0,-1,1,1,1,1,2,1,1,0,1,1,1,,1,1,1,1,1,1,1,1,1,0,0,0,0,0,0,0,1
112,0,1,2,7,4,0,1,0,0,0,0,1,0,-1,-1,0,1,0,1,1,1,1,1,0,0,1,,0,0,1,1,0,0,1,0,1,0,0,0,0,0,0,1,1
113,0,0,2,7,4,0,0,1,0,-1,-1,1,0,0,0,1,1,0,0,1,1,0,0,0,1,1,,1,1,0,1,0,1,1,0,1,0,0,1,0,1,0,-1,1
114,0,1,2,3,0,2,1,1,1,0,0,2,1,0,-1,2,1,0,0,1,1,1,1,1,0,1,,0,0,1,1,1,0,0,0,0,0,-1,0,0,1,0,0,1
115,0,1,2,0,0,3,1,1,1,0,-1,0,0,0,0,2,2,0,0,1,0,1,1,2,0,0,,0,0,0,1,1,0,1,1,1,0,-2,0,-1,0,0,1,1
116,0,0,1,7,4,0,0,0,0,0,0,1,0,-1,-1,2,2,2,0,0,0,1,0,-1,0,1,,1,0,0,0,-1,1,0,0,0,0,-2,0,-1,-1,-2,0,0
117,1,0,2,7,4,0,1,0,0,-1,-1,0,-1,-1,-2,1,1,0,0,2,0,0,1,1,1,0,,0,0,0,0,0,0,-1,-1,0,0,1,0,-1,0,-1,0,1
118,1,4,4,0,0,4,1,1,1,1,1,1,0,0,0,2,2,1,1,2,0,0,1,1,1,2,,1,1,2,2,1,1,0,1,0,0,-1,0,0,0,0,1,1
119,1,0,1,2,1,1,0,1,1,0,0,0,0,0,0,0,0,0,0,0,0,0,0,0,0,0,,0,0,0,0,0,0,0,0,0,0,0,0,0,0,0,0,0
120,1,0,2,7,1,0,0,0,0,0,0,0,0,0,0,0,0,0,0,0,0,0,0,0,0,0,,0,0,0,0,0,0,0,0,0,0,0,0,0,0,0,0,0
121,1,0,2,7,1,0,1,1,1,0,0,1,1,0,0,1,1,1,1,1,1,1,1,1,1,1,,0,1,1,1,0,0,1,0,1,0,-1,0,0,0,1,0,1
122,0,3,1,2,0,4,1,1,1,0,0,0,0,0,0,0,0,0,0,0,0,0,0,0,1,1,,1,1,1,1,1,1,1,1,1,1,0,1,1,1,1,1,1
123,0,0,2,7,1,0,1,0,0,-1,-1,1,0,1,0,2,2,2,0,2,1,1,1,-1,1,1,,0,0,1,1,2,1,0,0,1,0,1,0,0,1,0,0,0
124,1,1,1,7,3,0,1,1,1,-1,-1,1,1,1,1,1,1,0,0,1,1,1,1,1,1,1,,0,1,1,1,0,0,0,0,1,0,0,1,0,0,0,1,0
125,0,3,4,4,0,4,1,1,0,0,0,0,0,-2,-2,1,1,1,1,1,1,1,0,0,1,1,,1,1,1,1,0,1,0,0,0,1,0,0,0,0,0,0,0
126,0,0,2,7,4,0,0,1,1,0,0,1,1,0,-1,2,1,2,0,1,1,1,1,0,0,0,,1,0,0,1,0,0,0,0,1,0,0,0,-1,0,0,-1,0
127,1,1,2,7,4,0,1,2,1,-1,-2,0,2,2,1,2,2,1,0,1,1,2,2,1,2,1,,1,2,2,1,1,1,2,2,1,0,-1,1,0,1,0,0,1
128,1,1,2,7,4,0,0,2,2,0,0,0,0,-1,0,-2,-2,-2,-2,-1,1,0,-1,1,-1,0,,0,1,1,0,0,-1,0,0,1,1,0,1,0,0,-1,0,-2
129,0,0,2,7,4,0,1,1,1,0,0,1,-1,0,0,2,1,1,2,2,1,1,2,1,1,2,,1,1,2,1,1,0,1,2,1,0,0,1,0,1,1,2,1
130,0,1,2,7,4,0,0,0,1,0,-1,0,-1,-1,-2,2,2,1,1,2,0,1,0,1,1,2,,0,2,1,2,1,1,0,0,1,0,-2,0,-1,-1,0,0,1
131,1,0,2,7,3,0,1,1,1,-1,0,1,-2,0,-1,1,1,0,1,2,0,1,1,1,1,1,,0,1,1,1,1,2,1,0,1,0,0,0,-1,1,-1,-1,1
132,1,1,2,7,4,0,1,1,1,0,-2,1,-1,-2,-2,2,1,1,0,1,1,0,1,0,1,1,,1,0,0,0,0,0,1,0,0,0,0,0,0,0,0,0,1
133,0,1,2,7,4,0,1,1,0,0,1,2,1,-1,0,1,1,2,0,1,1,1,1,0,1,1,,0,1,0,-1,1,0,2,1,1,1,-1,1,0,1,0,0,1
134,0,1,2,7,1,0,0,0,0,-1,-2,-2,-1,-2,-2,2,-1,-1,-1,2,-1,0,1,-2,-1,1,,1,-1,-1,1,0,0,-1,-1,-1,-1,-2,-2,-2,-2,-2,-2,2
135,0,1,2,7,4,0,0,0,0,-1,-1,1,0,0,0,1,2,0,0,1,1,0,0,1,0,1,,0,-1,0,1,0,-1,1,0,2,-1,-2,-1,-1,0,-1,0,1
136,1,1,2,7,0,0,0,0,0,0,0,1,1,1,1,1,1,1,1,1,1,1,1,1,1,1,,1,1,1,1,1,1,1,1,1,1,1,1,1,1,1,1,1
137,0,0,2,7,4,0,1,1,0,0,0,1,0,0,0,1,1,1,1,1,1,1,1,1,1,1,,1,1,1,1,1,1,1,0,1,0,-1,0,-1,0,0,0,1
138,0,1,4,7,1,0,0,1,0,0,0,1,0,-1,-1,1,1,2,0,1,1,1,1,0,1,1,,0,1,1,1,0,1,0,-1,0,0,-1,0,0,-1,-1,0,1
139,0,0,2,7,1,0,0,1,1,0,0,0,-1,-1,-1,0,-1,0,-1,1,1,0,0,1,0,1,,0,0,0,0,0,0,0,0,1,0,0,0,0,0,0,0,0
140,0,1,2,7,1,1,0,1,2,0,1,2,-1,1,0,1,2,2,0,1,1,1,1,1,1,1,,1,1,1,2,1,0,2,2,2,1,0,1,0,1,1,0,0
141,0,2,4,2,0,2,1,2,1,1,1,2,2,0,0,2,2,1,1,2,0,1,1,2,1,1,,2,2,2,2,2,2,1,1,1,0,0,1,-1,0,0,2,2
142,0,1,2,7,4,0,1,0,0,-1,-2,0,-1,-2,-2,1,1,2,0,0,2,1,1,1,0,1,,1,1,1,1,1,1,0,0,0,1,1,0,0,0,0,1,1
143,0,1,2,7,4,0,0,0,0,0,-2,1,1,-2,-1,2,1,1,1,2,2,2,1,0,1,0,,0,0,0,1,1,1,1,-1,1,-1,1,0,-1,0,0,-1,0
144,1,1,2,7,4,0,0,2,-1,0,0,1,1,-1,-2,-1,-1,-2,1,1,-1,-2,0,1,-1,1,,0,-2,-1,0,-1,1,1,-2,2,1,-1,2,1,-1,-2,0,0
145,0,1,2,7,4,0,0,0,0,0,0,1,1,-1,-1,1,2,2,0,1,1,0,0,1,1,1,,0,2,1,1,2,0,0,-1,0,-1,-1,-1,0,1,-1,0,2
146,0,0,2,7,4,0,1,1,1,-1,-2,0,0,-1,-2,2,2,2,0,2,1,0,2,0,1,1,,0,1,0,0,1,0,-1,0,0,-1,-1,-1,0,0,0,-2,0
147,0,1,2,7,1,0,1,0,0,0,0,0,0,0,0,-1,-1,1,1,1,1,0,0,0,0,0,,0,0,0,0,0,0,0,0,0,0,0,0,0,0,1,1,1
148,1,0,2,7,4,0,0,1,0,0,0,1,0,0,0,1,1,1,0,1,1,1,1,1,1,1,,0,0,0,1,0,0,1,1,1,0,-1,0,0,0,0,-1,1
149,0,0,2,7,4,0,1,1,1,0,0,2,1,0,-1,2,2,2,1,1,2,2,1,2,1,0,,0,0,1,1,1,0,2,2,2,1,0,0,0,0,0,1,0
150,1,0,2,3,2,2,1,0,0,0,-2,0,-1,-2,-2,0,1,1,0,0,0,0,1,0,1,1,,0,0,0,1,0,-1,-1,-1,-1,-1,0,-1,-2,0,-2,1,1
151,1,0,1,7,4,0,1,1,0,0,0,1,1,0,0,2,2,2,1,2,0,1,1,1,1,1,,2,1,1,1,1,0,0,1,1,0,-1,0,-1,0,1,1,2
152,1,0,1,7,4,0,1,1,1,0,0,1,-1,-1,-1,2,2,2,1,1,1,1,1,1,1,1,,1,1,1,1,1,1,1,1,1,0,0,0,0,0,0,-1,2
153,0,0,2,7,4,0,1,1,1,-1,-1,1,0,-2,-2,2,2,1,1,2,1,0,0,0,1,0,,0,1,1,2,1,1,1,-1,1,1,-1,0,0,0,0,-1,1
154,0,1,2,7,4,0,0,0,1,0,1,2,1,2,1,1,2,1,1,2,0,1,0,2,0,1,,1,0,1,1,0,0,2,1,1,1,0,0,-1,0,1,1,2
155,0,0,2,7,4,0,1,0,0,0,0,1,0,-1,-1,0,1,1,0,1,1,0,1,1,0,0,,0,0,0,0,0,0,1,0,1,0,0,0,0,0,0,-1,0
156,1,0,1,7,4,0,1,2,2,1,0,2,0,0,0,2,2,2,1,2,1,2,2,1,2,2,,2,2,2,2,2,2,2,2,2,2,-1,0,0,1,0,1,1
157,0,0,2,7,4,0,1,1,1,1,0,1,0,0,0,1,2,0,0,0,1,0,0,1,1,1,,0,0,0,0,0,0,1,0,1,0,-1,0,0,1,0,1,1
158,0,1,2,7,4,0,1,1,1,1,1,0,-2,-2,0,2,2,2,2,2,1,1,0,1,1,1,,1,1,0,1,1,1,0,0,0,-1,0,0,-1,0,0,0,1
159,1,0,2,7,1,0,0,1,1,1,0,1,-1,0,0,2,1,1,1,1,1,1,1,0,1,1,,1,1,1,1,1,1,0,0,0,0,0,0,0,0,0,0,0
160,0,0,2,7,4,0,1,1,0,-1,-2,1,1,-1,-1,1,1,1,-1,1,1,0,1,1,0,1,,0,-1,0,1,0,-1,1,-1,1,1,-2,0,0,1,0,0,-1
161,0,4,4,0,0,4,1,1,1,0,1,1,1,-1,0,1,1,1,0,2,1,1,1,0,1,1,,0,0,1,1,1,0,0,1,1,0,-1,1,0,1,0,0,1
162,0,1,2,7,1,0,1,1,1,0,-2,2,0,-1,-1,2,2,2,0,1,1,0,0,1,0,0,,0,0,0,0,0,0,1,0,1,-1,-2,0,-1,0,0,1,1
163,0,0,2,7,1,1,1,1,0,1,1,1,1,-1,-1,1,1,1,0,1,1,1,1,1,1,1,,1,1,1,1,1,0,0,1,1,0,0,-1,-1,1,0,0,1
164,1,1,2,7,4,0,1,0,0,0,-1,1,-1,0,0,0,1,1,0,0,1,0,0,1,0,1,,0,0,1,0,0,-1,1,1,1,1,0,1,0,1,1,1,1
165,1,1,2,7,4,0,1,1,2,0,-1,1,-1,0,0,2,2,2,0,2,1,1,1,1,1,2,,0,0,0,2,1,0,1,-1,2,0,0,-1,-2,0,0,1,2
166,0,1,2,7,4,0,0,1,1,0,0,2,0,-2,-2,2,2,2,0,1,1,1,0,1,1,0,,1,0,1,2,1,0,1,0,1,0,0,0,0,1,1,1,0
167,0,1,2,7,4,0,1,1,0,0,-1,1,1,0,0,1,1,1,0,1,1,1,1,-1,1,1,,0,1,0,-1,1,1,1,0,0,0,-2,0,0,0,0,0,1
168,0,1,2,7,3,4,0,2,2,2,2,2,2,2,2,2,2,2,2,2,2,2,2,2,2,2,,2,2,2,2,2,2,2,2,2,2,2,2,2,2,2,2,2
169,0,0,2,7,4,0,1,0,1,0,0,1,1,0,0,1,1,1,1,1,0,1,1,1,0,1,,1,1,1,1,1,0,1,1,0,0,0,0,0,0,0,-1,0
170,0,1,2,7,1,1,1,2,1,0,-1,1,1,-1,0,2,1,1,-1,1,1,1,1,0,0,1,,0,0,0,1,0,0,1,1,1,-1,-1,0,0,1,1,0,0
171,0,4,2,0,0,4,1,1,1,1,1,1,1,1,1,1,0,1,0,2,0,1,1,0,1,0,,0,0,0,0,1,1,1,1,1,1,-1,0,1,1,0,-1,1
172,0,1,2,7,1,0,1,1,1,0,0,1,1,1,0,2,2,2,0,2,0,1,0,0,2,2,,0,0,1,1,0,0,0,-2,1,0,0,0,0,0,0,0,0
173,1,4,4,0,0,4,1,-2,0,0,-1,-2,0,0,-1,2,2,2,1,2,0,1,1,-1,1,2,,2,2,1,-1,2,2,2,2,2,-1,-2,0,-1,1,-1,-1,2
174,0,1,2,7,1,0,0,-2,-2,-2,-2,-2,-2,-2,-2,2,2,2,0,1,-1,1,1,0,0,1,,0,0,-1,-1,-1,-1,-2,-2,-2,-2,-1,-2,-2,-2,-2,1,1
175,1,0,2,7,4,0,1,1,0,0,-2,1,1,1,1,2,2,1,2,2,1,2,2,1,1,1,,2,2,1,1,2,1,2,1,2,1,0,1,1,2,0,2,2
176,1,1,2,7,4,0,1,1,0,0,0,2,1,-1,-1,2,2,1,1,1,1,1,2,2,1,0,,2,1,2,2,1,1,1,0,1,0,-1,0,-1,0,0,1,-1
177,1,1,2,7,1,0,1,1,1,0,-2,1,1,-1,-1,1,1,1,2,1,0,1,1,2,2,2,,2,2,1,1,2,2,0,0,0,-1,1,-1,-1,1,-1,1,1
178,0,0,2,7,1,0,1,1,2,0,0,2,1,0,1,2,2,1,1,2,0,2,2,0,2,2,,0,1,1,2,2,1,2,1,2,0,-1,0,-1,1,0,2,0
179,0,1,2,7,4,0,1,1,0,0,0,1,0,0,0,2,1,0,1,2,1,1,1,1,1,1,,0,0,0,1,1,1,0,-1,0,0,1,0,0,1,0,1,1
180,0,0,2,7,4,0,1,2,2,1,0,1,1,0,0,2,2,2,1,2,2,2,2,1,2,2,,1,1,1,2,1,1,1,0,2,0,-1,0,-1,1,0,0,0
181,1,1,2,7,4,0,1,1,1,0,0,1,0,1,0,2,1,1,1,2,1,1,1,1,1,1,,1,1,1,1,1,0,1,0,1,1,1,0,0,1,1,1,1
182,0,1,2,7,1,0,0,0,0,0,0,0,0,0,0,2,2,2,2,1,2,1,2,2,2,2,,2,2,2,2,2,2,1,1,1,-1,-2,-1,-2,-2,-2,-2,0
183,0,0,2,7,4,0,0,1,0,1,1,0,0,0,0,2,2,1,2,0,1,1,1,2,0,1,,0,1,1,1,0,0,0,0,1,1,1,0,0,0,0,1,0
184,0,1,2,7,1,1,1,2,1,-1,-2,-1,-2,-2,-2,2,2,0,-1,2,2,0,0,1,0,1,,0,1,0,1,0,0,1,0,1,0,0,-1,-1,0,-1,2,1
185,1,1,2,7,4,0,1,1,1,0,0,1,1,0,0,1,1,0,0,1,1,1,1,1,1,1,,0,0,1,1,1,1,1,1,1,1,-1,0,0,1,0,1,1
186,0,0,2,7,4,0,1,1,1,1,0,1,0,0,0,2,2,1,0,1,1,1,1,1,0,1,,0,0,0,1,0,0,1,1,1,0,1,0,0,1,0,2,1
187,0,0,2,7,4,0,1,0,1,-1,-1,1,0,-1,-1,1,1,0,1,1,1,1,1,1,0,0,,0,0,0,0,-1,0,1,1,1,0,-1,0,0,0,0,1,2
188,1,1,2,7,4,0,0,1,1,0,0,1,1,1,0,1,1,0,1,1,1,0,0,1,0,1,,1,0,1,1,0,1,1,0,1,1,0,1,0,1,0,0,1
189,1,1,2,6,3,0,1,1,1,0,0,1,1,-1,0,2,1,0,0,1,1,1,0,1,1,1,,0,1,1,1,1,0,1,1,1,0,1,1,1,1,0,-1,1
190,1,1,2,7,1,0,0,2,2,-1,-1,1,0,0,0,2,0,0,1,1,1,1,0,1,1,1,,0,0,0,1,0,0,0,-1,0,0,-2,-1,-2,0,0,1,1
191,0,1,2,7,1,0,1,1,1,0,0,2,0,0,0,2,2,2,0,1,1,1,0,1,1,1,,1,0,0,1,0,0,2,1,1,0,-1,0,0,1,0,-1,0
192,0,0,2,7,4,0,0,0,0,-1,-1,1,1,1,0,1,1,0,0,1,1,1,1,0,0,0,,0,0,0,1,0,0,1,0,1,0,0,0,0,0,0,0,1
193,0,1,2,7,4,0,1,1,0,0,-1,1,1,-1,0,2,2,2,0,0,0,1,0,1,2,2,,1,1,0,1,1,1,2,1,1,0,-1,0,1,0,0,1,0
194,0,1,2,7,1,0,0,0,0,0,0,1,0,-1,-1,1,1,1,1,1,0,0,1,0,1,1,,1,1,1,1,1,1,-1,-1,1,0,0,0,0,1,0,1,1
195,0,0,2,7,4,0,0,0,1,0,0,1,0,-1,0,1,1,1,0,0,1,0,0,0,1,1,,0,0,0,0,0,1,1,0,1,0,-1,0,0,0,0,-1,1
196,0,0,2,7,1,0,1,2,1,0,1,1,-1,1,0,2,2,2,2,0,2,1,2,1,1,2,,1,0,0,1,0,0,1,0,1,0,-1,0,0,0,0,1,0
197,0,1,2,7,1,1,1,1,1,0,-1,1,-1,-1,-1,2,1,1,0,1,0,0,0,1,1,0,,-1,0,0,1,0,-1,1,1,1,0,1,0,-2,0,0,-1,-1
198,0,0,2,7,4,0,1,1,0,0,-2,1,0,-2,-2,2,1,1,1,1,1,0,1,1,1,1,,0,1,-1,0,0,-2,1,-1,1,0,-2,-1,-1,0,-1,0,0
199,1,1,2,7,4,0,1,1,1,0,0,1,2,1,-1,2,2,1,1,2,2,1,1,1,2,2,,0,0,0,2,1,1,1,1,1,0,-2,0,0,0,0,1,0
200,0,1,2,7,4,0,0,1,1,1,-2,2,1,1,0,2,2,2,2,2,1,1,1,1,1,2,,2,2,2,2,1,-1,1,2,2,2,0,2,-2,0,0,0,2
201,0,0,2,7,1,0,1,1,1,0,0,1,0,0,0,1,1,1,1,1,2,1,0,2,0,0,,0,0,0,1,0,-1,0,0,1,0,0,0,0,0,0,-1,2
202,0,0,2,7,4,0,0,0,0,0,0,0,0,0,0,0,0,0,0,0,0,0,0,0,0,0,,0,0,0,0,0,0,0,0,0,0,-2,-1,-1,0,0,-2,1
203,0,1,2,7,1,0,1,1,1,0,0,2,1,2,1,2,2,2,-1,2,2,0,1,2,1,1,,1,1,0,2,2,0,2,1,2,0,-2,0,0,1,0,-2,2
204,1,0,2,7,4,0,1,0,0,0,0,0,1,1,1,0,0,0,0,1,0,1,0,0,0,0,,0,-1,1,1,0,0,1,1,0,1,0,1,1,0,0,0,1
205,1,1,2,7,4,0,0,1,1,-1,-1,1,0,-1,-1,2,2,0,-1,1,1,0,0,2,1,1,,1,1,1,1,1,1,1,1,1,1,1,1,1,1,1,1,1
206,1,0,2,7,4,0,0,1,1,1,0,0,1,0,0,2,1,1,2,2,1,2,1,1,1,1,,0,1,1,1,1,1,0,0,1,0,-1,-1,0,0,0,0,1
207,0,0,2,7,4,0,1,1,1,0,0,1,1,0,0,2,1,0,1,2,1,0,1,1,1,1,,0,1,0,2,1,1,1,0,1,1,1,1,0,0,0,0,1
208,0,1,2,7,4,0,1,1,0,0,0,1,1,0,0,2,2,1,0,1,-1,1,0,1,1,2,,1,0,0,1,0,0,0,1,0,-1,-1,0,-1,0,-1,1,0
209,0,2,2,5,1,1,1,0,-1,-1,-2,0,0,0,-1,1,0,-1,0,1,-1,0,-1,2,0,1,,0,0,0,1,0,0,1,1,0,0,0,0,-1,0,-1,0,1
210,0,0,2,7,4,0,1,1,1,0,1,1,1,1,0,2,1,1,0,1,0,1,1,1,1,2,,1,1,1,1,0,0,-1,0,1,0,0,0,0,0,0,0,2
211,0,0,2,7,1,0,1,0,0,0,0,0,0,0,0,0,0,0,0,0,0,0,0,0,0,0,,0,0,0,0,0,0,0,0,0,0,0,0,0,0,0,0,0
212,0,0,2,7,4,0,1,1,1,0,-1,0,0,-1,-1,2,1,1,0,1,1,0,2,1,2,2,,0,0,1,1,0,0,0,0,0,1,-2,-1,-1,0,-1,0,1
213,0,1,2,7,4,0,1,1,0,-1,-2,1,-1,-2,-2,2,2,0,0,1,0,0,-1,1,-1,-1,,0,0,0,1,0,0,0,-2,1,0,-1,-1,0,-1,0,-2,1
214,0,1,2,7,4,0,1,0,0,0,-2,1,1,-1,-1,2,1,0,0,1,1,1,1,1,1,1,,0,1,0,1,1,0,1,0,1,-1,-2,-1,-1,0,-1,0,1
215,0,0,2,7,1,0,0,0,0,-1,-1,0,-1,-2,-2,1,1,1,1,1,0,0,0,0,0,-1,,-1,-1,-1,0,0,-1,-1,-1,0,-2,-2,-2,-2,-2,-2,-2,0
216,0,1,2,7,4,0,1,0,1,0,0,1,-1,-1,-2,2,2,2,2,2,1,1,1,1,1,1,,1,0,1,1,1,1,0,0,0,0,-2,-1,-1,0,-1,-2,1
217,1,1,2,7,4,0,0,2,2,-2,-2,0,-2,-2,-2,2,2,2,0,2,-2,1,1,0,1,1,,0,1,0,1,1,-1,1,0,1,-1,-2,0,-1,0,-1,1,0
218,0,1,2,7,4,0,1,0,1,0,0,0,-1,-2,-2,2,0,1,1,1,1,0,0,0,1,1,,1,1,1,1,1,1,0,0,0,-1,-1,0,-1,0,0,-2,1
219,1,2,1,6,0,3,1,1,-1,0,0,1,-1,-1,0,1,2,1,1,2,-1,1,1,1,1,2,,1,1,2,1,1,0,1,0,1,0,-2,0,0,1,-1,1,2
220,0,0,2,7,4,0,1,1,1,-1,-1,1,1,0,0,1,1,0,0,1,1,1,1,1,0,1,,0,0,0,1,0,0,1,0,1,0,-1,0,0,0,0,0,2
221,1,1,2,7,4,0,0,1,0,0,0,1,0,0,0,1,1,1,1,1,1,1,1,1,0,1,,1,1,1,1,0,1,1,1,1,1,0,0,0,0,0,2,1
222,0,3,2,4,0,3,0,2,0,-2,-2,0,-2,-2,-2,2,2,1,0,1,-1,0,1,-1,0,1,,-2,-2,0,2,-1,1,-1,-2,0,-1,-1,-2,-2,-1,-1,1,1
223,0,1,2,7,1,0,1,1,0,0,-1,1,0,1,0,1,1,1,0,1,2,2,1,1,1,2,,1,0,0,0,1,1,0,-1,1,1,-1,0,1,1,0,1,1
224,0,1,2,7,4,0,1,1,0,0,0,1,1,-1,-1,2,0,0,1,1,1,1,1,0,1,1,,1,0,0,0,1,0,1,0,1,0,-2,0,1,1,0,0,1
225,0,0,2,7,1,0,1,2,2,0,0,2,1,0,0,2,1,1,0,2,2,1,1,2,1,1,,1,1,1,1,1,0,2,1,2,1,0,0,0,1,0,-1,1
226,1,1,2,4,0,4,0,0,1,-1,-1,1,0,0,0,2,2,2,1,2,2,2,2,2,0,2,,1,1,1,1,1,0,1,0,0,0,1,0,-1,0,0,-1,1
227,0,1,2,7,2,1,1,2,0,0,0,1,1,0,0,2,2,1,0,1,1,1,1,0,1,0,,1,0,0,1,1,1,0,0,0,0,0,1,0,1,1,0,0
228,0,1,2,7,1,0,0,0,1,0,0,0,-1,-1,-1,0,1,0,0,0,0,0,0,0,0,1,,0,0,0,0,-1,-1,0,-1,-1,-2,-1,0,-1,0,0,-1,1
229,0,0,2,7,4,0,0,0,0,0,0,0,0,-1,-1,1,2,2,0,2,0,1,1,1,1,1,,0,1,0,0,1,0,-1,-1,-1,-1,0,0,0,0,0,-1,1
230,1,0,2,7,1,0,0,0,0,0,0,0,0,1,1,2,2,1,1,1,1,1,1,1,1,2,,1,2,2,2,2,0,1,0,1,1,0,1,0,1,0,0,2
231,0,0,2,7,4,0,1,1,1,0,0,1,1,0,0,1,1,-1,-1,1,-1,1,0,1,1,1,,1,1,1,1,1,0,1,1,1,1,-1,1,0,1,0,-1,1
232,0,0,2,7,1,0,1,1,0,1,1,1,0,0,0,1,1,1,1,1,1,1,1,1,1,1,,0,0,1,1,0,0,2,1,1,0,0,0,0,1,0,0,0
233,1,1,2,7,4,0,1,2,2,0,0,1,0,-1,-1,1,1,1,0,0,0,1,1,0,1,1,,0,1,0,1,0,0,1,1,1,-1,-1,0,-1,0,-1,-1,1
234,0,1,2,7,4,0,0,0,0,0,0,0,0,0,0,2,2,2,2,2,2,2,2,2,0,0,,0,0,0,2,1,-1,-1,-1,-1,-1,-1,-1,-1,-1,-1,-1,2
235,1,1,2,7,4,0,0,1,1,0,0,1,0,-1,-1,2,2,2,0,1,0,1,1,1,1,1,,0,1,1,1,1,1,0,0,0,0,-1,0,0,0,0,-1,1
236,1,1,2,7,3,0,1,0,0,0,0,0,-1,-1,-1,1,0,0,0,1,-1,0,0,0,0,0,,0,0,0,0,0,-1,1,0,0,0,-1,0,0,0,0,-1,0
237,0,1,2,7,4,0,0,2,1,0,0,2,1,0,0,2,2,2,0,2,1,1,1,1,1,2,,0,2,1,0,1,1,1,2,2,0,-1,-1,1,1,0,0,1
238,0,1,2,7,4,0,0,0,-2,-1,-1,1,-2,-2,-2,2,1,1,1,1,2,0,0,1,0,0,,0,-1,0,0,0,-1,-1,0,-1,-1,-1,-2,0,0,0,-1,1
239,0,3,2,2,1,1,1,1,1,0,-1,1,0,-1,-1,1,2,1,0,1,1,1,0,1,0,1,,0,0,0,0,0,0,1,1,1,1,0,0,0,1,0,1,1
240,1,3,2,1,0,4,1,0,0,0,0,0,0,1,1,2,2,2,2,2,2,2,1,-1,1,1,,1,2,2,2,2,2,1,2,2,2,2,2,2,2,2,2,2
241,0,0,2,7,4,0,0,0,1,-1,-1,1,1,1,-1,2,2,1,-1,1,1,1,1,1,1,1,,1,1,1,1,1,0,1,-1,1,1,-2,-1,-1,1,-1,-1,1
242,1,1,2,7,4,0,1,1,1,1,0,1,2,1,0,1,1,0,1,2,1,1,1,2,1,1,,2,1,1,1,0,0,1,0,0,1,-1,0,0,0,0,0,1
243,0,1,2,7,4,0,1,1,0,0,0,0,0,0,0,2,2,1,0,1,1,1,0,1,1,1,,1,0,0,0,0,-1,0,-1,1,0,-1,0,0,1,0,0,1
244,0,0,2,7,1,0,1,1,1,1,1,1,2,2,2,2,2,1,1,1,2,2,2,2,1,2,,2,2,1,1,2,2,2,2,1,2,2,1,0,2,1,2,2
245,1,0,2,7,4,0,0,1,1,-1,-1,-1,0,0,0,0,0,0,1,1,0,1,0,-1,0,1,,0,1,1,1,0,1,1,1,0,1,0,1,1,0,0,1,0
246,0,0,2,7,4,0,1,1,0,0,-1,1,0,-1,-1,2,2,1,1,2,2,1,1,1,1,2,,1,1,1,2,2,1,1,-1,1,-1,-1,-1,-1,0,0,1,0
247,0,2,2,4,0,4,1,1,0,0,0,1,1,0,0,1,0,1,0,0,0,0,1,0,1,0,,0,0,1,0,0,1,1,1,1,1,0,0,0,0,-1,-1,1
248,0,0,2,7,4,0,0,2,1,0,-1,0,-1,-1,-2,2,2,2,1,2,1,1,1,1,1,1,,1,0,0,1,0,0,-1,-2,-1,0,-1,0,-1,0,0,0,1
249,1,0,2,7,4,0,0,0,0,0,0,0,0,0,0,1,1,1,1,1,1,1,1,1,2,1,,2,2,2,2,2,2,1,2,2,-1,-1,0,-1,-1,1,1,2
250,1,4,2,6,3,3,1,1,1,0,0,1,1,0,0,1,1,1,1,2,0,2,2,1,1,2,,1,2,2,-1,1,2,1,1,1,1,1,1,1,1,0,1,1
251,0,1,2,2,0,1,0,1,1,0,1,1,0,0,-1,1,1,1,1,1,1,0,1,1,1,1,,1,1,1,1,1,0,1,0,1,0,0,0,0,0,0,0,0
252,1,1,2,7,4,0,1,1,1,0,0,1,1,0,0,1,2,1,0,2,1,1,1,1,1,1,,1,0,1,1,2,1,1,1,1,1,0,1,-1,1,0,1,1
253,1,0,2,7,4,0,0,2,2,-1,-1,2,0,0,-1,2,1,2,2,2,1,1,1,2,1,2,,1,1,1,1,0,1,0,0,0,0,-1,0,0,0,0,0,1
254,1,0,2,7,4,0,0,1,1,-1,-2,2,0,0,0,1,1,2,0,2,0,1,1,2,1,1,,1,0,0,0,1,1,1,0,1,0,0,1,0,1,-1,0,1
255,0,0,2,7,4,0,1,1,0,-1,-1,0,-1,-2,-1,2,1,0,-1,2,1,0,1,0,1,0,,1,0,1,1,1,-1,0,0,1,-1,-1,0,-1,1,0,0,1
256,0,0,2,7,4,4,0,-1,0,0,-2,1,-2,-1,-2,2,2,2,1,1,0,2,0,2,0,1,,0,0,0,0,0,0,0,0,0,0,-1,1,-1,-1,-1,2,2
257,0,1,2,7,1,0,1,1,1,0,0,1,0,-1,0,2,2,1,0,2,2,1,0,1,0,1,,1,0,-1,0,0,-1,-1,-1,0,-1,-1,-2,-2,-2,-2,1,1
258,1,1,2,7,4,0,1,1,1,1,-1,0,-1,-1,-1,1,1,0,1,1,1,-1,1,2,0,2,,0,0,0,1,-1,0,1,-1,0,-1,-1,0,-1,-1,-1,0,1
259,1,1,4,7,4,1,0,0,0,-1,-1,1,0,-1,-1,0,1,1,1,1,1,1,1,0,1,1,,0,1,0,1,1,0,0,0,0,0,0,0,0,1,0,0,0
260,0,1,2,2,1,1,1,1,1,0,0,1,1,0,0,1,2,2,0,1,1,0,1,0,1,1,,0,1,1,1,1,0,1,0,1,1,0,2,1,1,0,0,1
261,0,3,2,1,0,1,0,1,1,-1,1,1,1,-1,-1,1,1,0,0,1,1,0,0,0,1,1,,0,0,0,1,0,0,1,0,1,0,-1,-1,-1,0,0,-1,1
262,0,1,2,7,4,0,0,1,1,1,0,0,0,-1,-1,1,2,1,2,2,0,1,1,0,1,1,,1,1,0,1,0,0,1,0,1,0,1,0,0,0,0,-1,1
263,1,1,2,1,0,3,1,1,1,0,-2,2,0,-1,-2,1,1,1,0,2,2,1,0,1,-2,2,,0,0,1,2,0,1,-1,0,2,-2,-2,-2,-2,0,0,1,0
264,0,1,2,7,4,0,0,0,0,0,0,0,0,0,0,0,0,0,0,0,0,0,0,0,0,0,,0,0,0,0,0,0,0,0,0,0,0,0,0,0,0,0,0
265,0,1,2,7,4,0,1,2,2,0,-2,2,0,-2,-2,2,2,2,2,2,2,2,2,2,2,2,,2,2,2,2,2,2,2,2,2,-1,-2,-2,0,1,0,2,2
266,1,1,2,7,4,0,0,0,0,0,-1,1,-1,-1,-1,1,1,0,0,1,0,0,1,1,0,0,,0,0,0,1,0,0,1,0,0,-1,-1,0,-1,0,0,0,1
267,0,1,4,6,0,3,1,1,1,1,1,1,1,0,0,1,1,1,0,1,0,1,1,-1,1,1,,0,0,0,0,1,1,1,0,1,0,0,0,0,1,0,-1,1
268,0,0,2,7,4,0,0,2,0,0,0,1,0,0,-1,2,1,2,0,1,2,0,1,2,2,2,,2,2,2,2,0,1,0,0,0,-1,-2,-1,0,0,0,-1,2
269,0,1,0,3,2,4,0,0,0,0,0,0,0,0,0,0,0,0,0,0,0,0,0,0,0,0,,0,1,1,0,0,0,0,0,0,0,0,0,0,2,0,0,-1
270,0,0,2,7,4,0,1,1,1,1,1,1,1,0,0,2,1,1,1,1,0,1,1,1,1,1,,1,1,1,1,1,0,1,1,1,1,0,1,0,0,0,0,1
271,0,1,2,7,4,0,1,1,1,-1,-2,-1,1,-2,-2,2,0,0,1,1,1,1,0,1,1,2,,0,0,0,1,0,-1,-1,-1,1,-1,-1,0,-1,0,0,0,-1
272,0,0,2,7,4,0,0,-2,-2,0,0,-1,-2,-2,-2,1,1,1,0,1,-1,1,1,1,1,2,,1,1,2,2,1,2,-1,-2,-1,-1,1,0,-1,1,-1,-2,1
273,1,3,2,2,0,4,1,0,0,0,0,0,0,0,0,1,1,1,1,1,1,1,1,1,0,1,,1,1,1,1,1,1,1,1,0,1,1,1,1,1,1,1,1
274,0,1,1,2,0,3,1,2,2,0,0,1,1,0,0,1,1,1,0,0,-1,0,0,-1,0,0,,0,0,0,0,0,0,1,0,1,1,-2,0,0,0,0,1,1
275,0,0,2,7,4,0,1,1,0,-1,-1,0,-1,-2,-2,2,2,1,-1,1,1,1,1,0,1,2,,0,0,0,0,0,-1,1,1,0,0,-1,0,0,0,0,1,-1
276,1,0,1,7,4,0,1,1,1,0,0,0,1,0,0,2,2,2,2,2,1,2,2,0,2,2,,0,1,0,2,2,1,1,2,1,0,0,0,0,1,0,-1,2
277,0,1,2,7,4,0,0,1,2,0,-1,1,-2,0,-2,2,2,1,1,2,-1,1,1,0,0,1,,0,0,1,1,1,1,1,0,2,-1,-1,0,0,1,0,-1,2
278,0,1,2,7,4,0,0,0,1,-1,-1,-1,-1,-1,-1,1,1,-1,-1,1,1,-1,0,1,1,1,,0,0,0,1,0,-1,-1,-1,1,-1,1,0,-1,0,-1,0,1
279,0,3,4,0,0,4,1,1,1,0,-1,1,0,0,0,2,1,0,0,2,1,1,1,1,1,1,,1,0,0,1,-1,0,1,0,1,-1,-1,-1,0,1,0,1,2
280,0,1,2,7,4,0,0,1,0,-1,-1,-1,0,-1,-1,1,1,1,0,1,1,0,1,1,1,1,,0,0,1,1,1,1,0,0,0,-1,0,0,-1,0,-1,0,1
281,0,1,2,7,4,0,1,2,0,0,0,0,-2,-2,-2,2,2,2,2,2,0,1,2,1,1,1,,0,0,1,1,1,0,0,0,0,0,-2,-1,0,0,-1,-1,1
282,1,1,2,7,4,0,0,0,0,0,0,0,0,0,0,0,0,0,0,0,0,0,0,0,-2,2,,2,-2,2,-2,2,-2,-2,2,-2,2,-2,2,-2,2,-2,2,-2
283,0,2,4,0,0,2,0,1,0,0,0,1,1,0,0,2,1,1,0,1,1,1,1,1,1,1,,1,1,1,1,1,1,1,1,1,0,0,1,1,1,1,0,1
284,0,3,2,6,0,1,1,1,1,1,1,1,1,1,1,1,1,1,1,1,1,1,1,1,1,1,,1,1,1,1,1,1,1,1,1,1,1,1,1,1,1,1,1
285,0,1,2,7,1,0,1,1,1,0,0,1,1,-1,-1,2,1,1,1,2,2,1,2,1,1,2,,1,1,1,2,1,1,1,0,2,0,0,0,0,1,0,1,1
286,0,1,2,6,0,1,0,1,0,-1,-1,1,0,-1,-1,2,2,2,1,1,0,0,0,0,0,0,,0,0,0,0,0,0,1,0,1,0,0,0,0,0,0,0,1
287,1,4,1,1,0,2,0,1,2,1,0,2,1,1,1,1,-1,1,1,1,1,1,1,1,1,1,,1,1,1,1,1,1,1,1,1,0,0,0,0,0,0,1,1
288,0,0,2,7,1,0,0,1,0,0,0,1,0,-1,-1,1,1,1,0,1,1,1,1,1,0,1,,1,1,1,1,1,0,1,1,1,1,-1,0,1,1,1,0,1
289,1,4,1,1,0,3,0,0,1,-1,0,1,0,0,1,-1,0,1,1,1,0,1,1,1,1,1,,0,1,2,-2,0,-1,1,1,0,1,0,0,0,0,0,0,0
290,0,3,1,2,1,0,0,0,0,0,0,0,0,0,0,0,0,0,-1,0,0,0,0,0,0,0,,0,0,0,0,0,0,0,0,0,0,0,0,0,0,0,0,0
291,1,1,2,7,2,0,1,-1,-1,0,-2,0,-2,-2,-2,0,0,1,1,1,0,1,1,1,1,2,,0,1,1,1,2,1,0,0,-1,0,0,-1,-1,0,-1,1,2
292,1,0,2,7,4,0,0,1,1,0,0,-1,0,0,-1,0,1,1,2,1,2,1,1,1,1,1,,0,1,1,1,0,0,0,0,1,0,-1,0,0,0,0,0,1
293,1,1,2,6,3,0,0,0,1,0,0,1,1,0,0,2,2,0,0,1,0,0,0,0,0,0,,0,0,0,0,0,0,1,0,0,0,-1,0,0,0,0,1,1
294,1,1,2,7,1,0,0,0,-2,-2,-2,-2,-2,-2,-2,1,2,0,1,0,1,-1,0,0,1,-1,,0,0,-1,0,2,0,0,-1,-2,-2,-2,0,0,1,0,0,0
295,1,3,1,2,0,4,0,1,1,0,0,1,0,0,0,0,1,0,0,0,0,-1,-1,1,0,1,,0,0,0,0,0,0,1,1,1,-1,-1,-1,0,0,0,-1,2
296,0,0,2,7,4,0,0,1,1,-1,-1,-1,-1,0,0,0,0,0,0,0,1,-1,0,0,0,1,,1,1,1,1,1,1,1,1,1,0,-2,-1,-1,-1,0,-2,2
297,1,1,2,6,0,2,0,0,1,0,0,1,1,0,0,2,1,1,0,1,0,0,1,1,1,1,,0,1,1,1,1,0,0,1,1,0,0,0,0,0,0,0,1
298,0,1,2,7,4,0,1,0,-1,-1,0,0,0,-1,-1,1,1,0,0,1,1,1,1,1,1,1,,1,1,1,2,1,1,1,0,0,0,-1,0,0,1,0,1,1
299,0,1,2,7,1,1,1,2,2,1,2,2,2,2,2,2,1,2,-1,2,2,0,2,-1,2,2,,-1,-1,0,2,-1,-1,1,-1,2,-1,-1,0,0,1,0,0,0
300,1,1,2,1,0,2,1,2,1,0,0,1,1,0,0,2,2,1,0,1,1,1,1,1,1,1,,1,1,1,0,1,1,1,0,1,1,0,1,0,1,0,-1,1
301,1,1,2,7,1,0,0,1,0,0,-1,0,-1,-1,-1,1,2,1,1,1,1,0,0,1,0,0,,1,0,1,1,1,0,0,0,1,0,-1,-1,0,0,0,1,1
302,0,0,2,7,4,0,0,0,0,-1,0,1,1,0,0,2,2,2,2,2,1,1,1,1,1,1,,1,1,1,1,1,0,0,0,0,0,-1,0,0,0,0,-1,1
303,0,0,2,7,1,0,0,0,0,0,-1,0,0,0,0,0,0,0,0,0,0,0,0,0,-1,-1,,0,0,0,-1,0,-1,0,1,0,-1,-2,-1,0,0,-1,-1,2
304,0,0,1,7,1,0,0,-2,-2,-2,-2,-2,-2,-2,-2,-2,-2,-2,-2,-2,-2,-2,-2,-2,-2,-2,,2,2,2,2,2,2,2,2,2,2,2,2,2,2,2,2,2
305,0,1,2,7,4,0,0,-2,-1,-2,0,-2,-2,-2,-2,2,2,1,0,1,-1,0,0,0,0,-1,,0,-1,0,0,1,-1,-2,-2,-1,-1,0,-1,-2,0,-1,0,0
306,0,1,2,2,0,1,1,0,0,-1,-2,0,-1,-1,-2,1,1,1,0,1,2,1,1,1,1,0,,1,0,0,1,1,1,0,-1,0,-1,0,-1,-1,0,-1,-2,-1
307,0,1,2,2,0,2,1,0,1,0,-1,1,0,1,0,2,2,1,0,1,-1,1,1,1,1,1,,0,0,1,1,1,0,1,0,1,0,-2,0,1,0,0,-1,0
308,0,0,2,7,4,0,1,1,1,0,-1,1,0,-1,-1,2,2,1,-1,2,1,1,0,-2,0,1,,1,0,0,0,0,0,0,0,1,0,-1,0,0,0,0,-2,1
309,1,4,4,3,0,4,1,1,1,1,1,1,1,1,1,1,1,1,1,1,1,1,1,1,1,1,,1,1,1,1,1,1,1,1,1,1,1,1,1,1,1,1,1
310,0,1,2,7,4,0,1,1,2,2,2,2,1,2,2,2,0,0,1,1,1,1,1,1,1,1,,1,0,0,1,0,1,1,0,2,0,-1,-1,-1,0,-1,-1,1
311,0,0,2,7,4,0,0,1,1,0,-1,0,-1,0,-1,2,1,1,0,1,0,0,-1,0,1,0,,0,1,0,0,1,0,0,0,0,0,0,0,0,0,0,0,1
312,0,0,2,7,1,0,1,1,0,0,0,1,0,0,0,2,1,1,0,1,1,0,0,1,2,2,,1,1,0,1,0,0,0,-1,1,-1,-1,0,0,0,-1,-1,0
313,1,0,2,7,4,0,1,0,0,1,1,1,1,1,1,0,0,1,1,1,1,1,1,1,1,1,,1,1,1,1,1,1,1,1,1,0,-1,0,-1,0,0,-1,0
314,0,1,2,7,4,0,1,1,1,1,1,1,1,1,1,1,1,1,0,1,1,1,1,0,1,1,,1,1,1,1,1,1,1,1,1,1,1,1,1,1,1,1,1
315,1,3,2,2,0,2,1,0,0,1,1,1,1,1,1,1,1,1,1,1,1,1,1,1,1,1,,1,1,1,1,1,1,1,1,1,1,1,1,1,1,1,1,1
316,1,0,2,7,4,0,1,2,2,2,2,2,2,2,2,2,2,2,2,2,2,2,2,2,2,2,,2,2,2,2,2,2,2,2,2,2,2,2,2,2,2,2,2
317,0,2,2,3,4,4,1,0,0,1,1,-1,0,2,-2,0,0,0,0,1,0,1,1,-1,1,0,,0,1,0,1,-1,0,1,0,-1,0,-2,0,1,1,1,-2,0
318,1,3,2,3,3,4,0,1,0,2,-2,0,0,0,0,1,-1,0,2,1,0,1,1,-1,2,0,,0,-1,2,2,-2,-2,1,2,1,0,0,-1,-1,-1,-1,1,0
319,1,1,2,7,1,0,0,0,1,0,0,1,1,0,0,1,2,1,0,1,0,0,1,0,1,0,,1,1,1,0,1,1,0,0,0,0,-1,0,0,0,0,0,1
320,0,3,4,0,0,4,1,1,1,1,1,1,1,1,1,1,1,1,1,1,1,1,1,1,1,1,,1,1,1,1,1,1,1,1,1,0,0,1,0,0,0,-1,0
321,0,4,2,0,0,4,1,1,1,1,1,1,1,1,1,1,1,1,1,1,1,1,1,1,1,1,,1,1,1,1,1,1,1,1,1,1,1,1,1,1,1,1,1
322,1,2,4,3,0,3,1,1,1,1,1,1,1,1,1,1,1,1,1,1,1,1,1,1,1,1,,1,1,1,1,1,0,1,1,1,1,1,1,1,1,1,1,1
323,0,4,1,6,1,2,0,0,0,0,0,0,0,0,0,0,0,0,0,0,0,0,0,0,0,0,,0,0,0,0,0,0,0,0,0,0,0,0,0,0,0,0,0
324,1,0,1,7,4,0,1,0,0,0,0,0,0,0,0,0,0,1,1,1,1,1,1,1,1,1,,0,0,0,0,0,0,1,0,0,0,-1,0,0,0,0,-1,0
325,1,1,2,4,2,2,0,1,1,0,0,1,-1,-1,0,-2,-1,0,-1,1,2,-1,2,0,2,1,,0,-2,-2,1,1,-1,1,0,-2,1,-1,-2,1,0,1,1,0
326,0,3,4,0,1,3,0,2,-1,-2,0,1,2,1,0,-1,-1,1,0,0,1,0,0,1,2,1,,1,1,1,1,2,1,2,0,0,-1,1,0,2,2,0,-2,-1
327,1,2,2,1,0,3,1,0,0,0,0,1,1,0,0,0,1,1,0,1,1,1,1,1,1,1,,1,1,1,1,1,1,1,1,1,0,-1,0,0,0,0,-1,0
328,1,3,2,3,3,3,1,2,1,-1,0,0,-2,1,-1,1,0,0,-2,0,0,1,0,0,2,0,,1,0,0,1,0,-1,1,0,1,0,1,1,0,0,1,0,0
329,0,1,2,6,1,2,1,1,1,1,1,1,1,1,1,1,1,1,1,1,1,1,1,1,1,1,,1,1,1,1,1,1,1,1,1,1,1,1,1,1,1,1,1
330,1,1,2,3,0,2,1,2,2,0,0,0,2,2,1,2,2,0,0,2,1,1,1,0,2,2,,0,2,0,1,1,0,2,2,2,0,-2,1,0,0,0,2,1
331,0,1,2,2,0,2,1,1,1,0,0,1,0,0,0,2,2,1,1,1,0,1,1,0,1,1,,1,1,1,1,1,1,1,0,1,0,-1,0,0,0,0,2,1
332,1,0,2,7,1,0,0,1,0,0,-1,1,1,-1,-1,2,2,0,0,1,0,0,0,1,0,1,,0,0,0,1,0,0,1,1,1,-2,-2,-1,-1,0,-2,-1,0
333,1,0,2,0,4,0,1,0,0,0,0,0,0,0,0,0,0,0,0,0,0,0,0,0,0,0,,0,0,0,0,0,0,0,2,-1,-1,0,-2,0,-1,0,1,0
334,0,0,2,2,1,0,1,-2,-2,0,0,0,0,0,0,-1,0,0,0,0,0,0,0,0,0,0,,0,0,0,0,0,0,0,0,0,0,0,0,0,0,0,1,-1
335,1,1,4,7,3,0,0,0,1,-1,-1,0,0,1,0,0,2,2,0,1,1,1,0,1,0,0,,0,1,0,0,0,0,0,0,0,0,0,0,0,0,0,0,0
336,0,1,2,7,4,0,1,1,0,0,0,0,0,0,0,2,1,1,0,1,1,1,1,0,1,2,,0,0,0,1,0,0,0,-1,1,-1,-1,-1,0,0,0,-1,0
337,0,3,2,2,0,2,1,1,1,0,0,1,1,0,0,0,1,1,1,1,0,1,1,1,1,1,,1,1,1,1,1,1,1,1,1,0,0,0,0,0,0,1,1
338,0,0,1,7,4,0,0,0,-1,0,-1,-1,-1,-1,-1,2,1,1,1,1,0,1,1,0,0,0,,0,0,0,0,0,0,0,0,0,0,1,-1,0,-1,-1,0,1
339,0,0,1,7,4,0,1,1,1,1,1,1,1,1,1,1,1,1,1,1,1,1,1,1,1,1,,1,1,1,1,1,1,1,1,1,1,1,1,1,1,1,1,1
340,1,1,2,5,0,2,1,0,0,0,0,0,0,0,0,1,1,1,1,1,1,1,1,1,1,1,,1,1,1,1,1,1,1,1,1,1,1,1,1,1,1,1,1
341,0,2,1,1,0,1,1,1,1,1,1,1,1,1,1,1,1,1,1,1,1,1,1,1,1,1,,1,1,1,1,1,1,1,1,1,1,1,1,1,1,1,1,1
342,1,3,2,0,0,4,1,1,1,1,1,1,1,1,1,1,1,1,1,1,1,1,1,1,1,1,,1,1,1,1,1,1,1,1,1,1,1,1,1,1,1,1,1
343,1,3,2,1,2,2,0,-1,-2,-2,1,-1,-1,0,-1,-2,0,-1,0,0,1,1,0,-1,-1,1,,0,2,1,2,2,1,0,1,1,0,2,-2,1,-2,1,-1,-1
344,0,4,4,0,0,4,1,1,1,1,1,1,1,1,1,1,1,1,1,1,1,1,1,1,1,1,,1,1,1,1,1,1,1,1,1,1,1,1,1,1,1,1,1
345,0,1,4,7,3,2,1,-1,0,1,0,2,0,-2,1,0,0,-1,0,1,-1,-1,1,2,-1,1,,1,-1,2,-2,-2,1,0,2,-2,2,-2,0,0,0,0,-1,0
346,1,4,4,4,0,4,1,1,1,1,1,1,1,1,1,1,1,1,1,1,1,1,1,1,1,1,,1,1,1,1,1,1,1,1,1,1,1,1,1,1,1,1,1
347,0,2,1,5,4,2,1,0,0,0,0,1,-1,2,1,-1,1,1,-1,-1,1,-1,2,-1,0,1,,1,1,-2,-1,1,2,0,1,-1,-1,0,1,2,-1,0,2,1
348,0,1,4,4,0,4,1,1,1,1,1,1,1,1,1,1,1,1,0,1,0,1,1,1,1,1,,1,1,1,1,1,1,1,1,1,1,1,1,1,1,1,1,1
349,0,1,2,2,1,1,1,1,1,0,0,1,0,0,0,1,0,1,0,1,0,1,0,-1,1,1,,1,1,0,1,0,1,1,0,1,0,-1,0,0,1,0,1,1
350,0,1,2,7,4,0,0,1,0,0,-1,1,1,-1,-1,2,2,2,0,1,0,1,1,0,1,1,,1,1,1,1,1,1,0,-1,1,-1,-1,0,0,0,0,-1,2
351,0,1,2,7,1,0,0,0,0,0,0,0,0,0,0,1,1,1,1,1,1,1,1,1,1,1,,1,1,1,1,1,1,1,1,1,1,1,1,1,1,1,1,1
352,1,1,2,7,4,0,0,0,0,0,0,0,0,0,0,0,0,0,0,0,0,0,0,0,1,0,,0,0,0,1,0,0,0,1,0,0,0,0,0,0,0,0,0
353,1,1,2,7,4,2,1,1,0,-1,0,1,0,-1,-1,1,1,1,0,1,0,0,0,0,1,1,,0,1,1,1,1,0,1,0,1,0,-1,0,0,1,0,1,1
354,0,0,2,7,1,0,0,1,1,1,1,1,1,1,1,1,1,1,1,1,1,1,1,1,1,1,,1,1,1,1,1,1,1,1,1,0,0,0,0,0,0,0,1
355,0,1,2,7,4,0,1,0,1,0,0,1,0,-2,-2,2,1,1,0,2,1,0,1,1,0,1,,1,1,0,1,1,0,1,1,1,0,1,0,0,0,0,1,1
356,0,0,2,7,4,0,1,2,1,1,0,1,1,1,0,2,1,1,1,2,1,1,1,1,1,2,,1,1,1,2,2,1,1,1,1,0,0,1,0,1,0,0,2
357,1,1,2,7,4,0,0,1,0,0,0,1,0,-1,0,1,2,2,1,2,1,1,1,1,1,1,,1,1,1,1,1,1,1,1,1,0,1,1,1,1,1,1,1
358,0,1,2,7,4,0,1,2,1,0,-1,2,2,1,0,2,2,2,2,0,0,2,2,2,2,2,,0,0,0,0,0,0,2,1,1,0,0,0,0,0,0,0,2
359,0,0,2,7,1,0,0,0,0,0,0,0,0,-1,-1,2,1,2,0,2,0,0,0,1,0,0,,0,0,0,0,0,0,0,1,1,-1,-1,-1,0,0,0,1,0
360,0,1,2,7,4,0,1,0,0,0,0,0,0,0,0,0,0,0,0,0,0,0,0,0,0,0,,0,0,0,0,0,0,0,0,0,0,0,0,0,0,0,0,0
361,0,1,2,7,1,0,1,2,2,0,-1,2,-1,0,-1,2,1,2,1,2,1,1,1,2,1,2,,0,0,1,1,1,0,1,0,0,0,-1,-1,0,0,0,-1,1
362,0,1,2,7,1,0,1,1,1,0,1,1,0,-1,2,1,1,1,1,1,1,1,1,1,1,2,,1,1,1,1,1,0,0,0,0,0,0,0,0,0,0,0,1
363,0,0,2,7,2,0,0,0,0,0,-1,0,-2,-2,-2,1,2,1,1,1,1,1,1,1,1,1,,1,0,1,2,1,1,0,1,1,0,0,0,0,1,0,0,1
364,0,1,2,7,4,0,0,0,1,0,1,1,1,-1,-1,1,1,1,1,1,1,1,1,1,0,1,,1,0,0,0,1,1,1,1,1,0,0,0,0,1,0,0,0
365,0,0,2,7,2,0,0,0,0,0,-1,0,-2,-2,-2,1,2,1,1,1,1,1,1,1,1,1,,1,0,1,2,1,1,0,1,1,0,0,0,0,1,0,0,1
366,0,0,2,7,4,0,1,2,0,0,0,1,0,-1,-1,1,2,1,0,0,0,0,0,0,1,1,,0,1,1,1,1,0,1,1,1,0,-1,1,0,0,0,-1,1
367,1,0,2,2,1,0,1,2,1,0,-1,0,-1,-2,-2,2,2,2,1,1,0,0,0,0,0,0,,1,0,1,0,0,1,0,0,-2,0,-2,0,0,0,-1,1,1
368,1,1,2,4,2,1,0,0,0,0,-1,0,0,-1,-1,2,1,1,0,1,0,1,0,0,1,1,,0,1,0,0,0,0,0,0,0,0,0,0,0,0,0,0,0
369,0,1,2,7,1,0,0,1,1,0,0,1,0,0,-1,2,2,1,0,1,1,1,1,0,1,1,,0,1,0,1,1,1,0,0,1,1,-1,0,0,1,0,1,1
370,1,0,2,7,4,4,1,2,2,2,2,2,1,0,1,0,0,1,1,1,2,0,0,0,1,2,,0,1,2,2,2,1,0,0,1,1,-1,0,0,1,2,1,1
371,0,1,2,7,4,0,1,0,1,0,-1,1,-1,1,0,2,1,1,1,2,1,1,1,0,1,1,,0,1,1,1,1,1,1,0,0,0,0,0,0,1,0,0,-1
372,0,1,2,7,4,0,1,1,0,0,0,1,1,0,0,1,1,1,1,1,1,1,1,0,1,0,,0,0,0,1,1,0,1,0,1,0,-1,0,-1,0,0,0,0
373,0,1,2,7,1,0,1,1,1,0,0,1,1,0,0,1,1,1,0,1,1,1,0,1,1,1,,0,0,0,1,0,0,1,0,1,1,0,0,0,0,0,0,1
374,0,0,2,7,2,0,0,0,0,0,-1,0,-2,-2,-2,1,2,1,1,1,1,1,1,1,1,1,,1,0,1,2,1,1,0,1,1,0,0,0,0,1,0,0,1
375,1,0,2,7,4,0,0,1,0,0,-1,1,0,0,0,2,1,0,1,2,0,0,0,2,0,1,,0,1,1,2,0,0,1,-1,1,0,-2,0,-1,0,-1,0,-1
376,1,1,2,7,4,0,1,0,0,-1,-1,0,-1,-1,-1,1,1,1,0,2,1,1,1,1,1,1,,0,1,0,0,1,0,0,0,0,0,0,0,0,0,0,0,0
377,0,1,2,7,4,0,0,1,0,0,0,1,0,-1,-1,2,2,1,1,2,1,2,1,1,1,1,,1,1,1,1,1,1,0,1,0,0,-1,0,0,0,0,1,1
378,1,1,2,2,0,2,0,1,1,0,-1,1,1,0,0,2,1,1,0,1,1,0,0,1,0,2,,1,1,0,1,0,0,1,1,1,0,-1,0,0,0,0,0,0
379,0,0,2,7,1,0,1,0,0,1,0,1,1,0,0,1,1,1,1,1,1,1,1,1,1,2,,1,1,1,1,1,1,1,1,1,0,0,0,1,1,2,1,1
380,1,1,2,7,0,0,1,0,1,1,1,1,0,0,0,0,0,0,0,1,1,1,1,1,1,1,,1,1,1,0,1,1,1,1,1,1,1,1,1,1,1,1,1
381,1,1,1,3,3,1,1,1,1,1,1,1,1,1,1,1,1,1,1,1,1,1,1,1,1,1,,1,1,1,1,1,1,1,1,1,1,1,1,1,1,1,1,1
382,0,2,2,0,0,3,1,1,-1,1,-1,2,0,0,-1,1,1,1,1,1,1,1,1,1,1,1,,0,1,1,0,0,-1,0,-1,0,-1,-2,0,0,0,0,2,0
383,0,3,2,0,0,3,1,1,0,-1,-2,1,-1,-2,-2,2,2,1,0,1,0,0,0,1,0,0,,-2,-1,0,-2,-1,-2,2,1,0,-2,-2,0,-1,-1,0,-2,2
384,0,0,2,7,1,0,1,1,1,0,1,1,0,0,0,2,2,1,0,1,-1,1,1,1,1,1,,1,1,1,2,1,0,1,0,2,1,2,1,0,1,0,0,1
385,1,1,2,7,1,0,1,1,1,0,0,1,1,1,1,1,1,0,0,1,1,1,1,1,0,1,,1,0,1,1,1,0,1,0,1,1,1,1,1,1,0,1,1
386,1,1,2,5,0,2,1,1,1,0,1,1,1,1,-1,1,2,2,0,0,1,1,0,0,0,1,,1,1,1,0,1,0,0,0,1,1,1,0,1,1,1,0,0
387,1,1,2,7,4,0,0,0,0,0,-1,1,-1,-2,-2,0,0,1,0,1,1,1,1,0,1,1,,1,0,1,0,0,1,1,0,0,0,0,0,0,0,0,0,1
388,0,1,2,7,4,0,0,-1,-1,-1,-2,-2,-2,-2,-2,1,2,2,2,0,-1,1,1,1,0,1,,0,1,0,0,2,-2,-2,-2,-2,-2,-2,-2,-2,-2,-2,-2,0
389,0,1,2,7,1,0,0,1,2,0,-1,1,1,0,0,2,2,1,0,1,2,1,1,0,1,1,,1,1,1,1,1,0,0,1,1,1,0,0,0,0,0,1,-1
390,0,1,2,7,4,0,0,0,0,-1,-2,1,-1,-2,-2,2,1,1,-2,1,-2,1,0,-1,1,0,,1,-1,0,0,1,-1,1,0,1,0,-1,0,0,0,1,0,1
391,0,1,2,7,1,0,0,2,0,0,0,1,-1,0,-1,1,1,-1,0,1,1,1,1,1,1,0,,0,1,0,1,0,0,1,0,1,0,-2,0,0,0,0,-1,1
392,1,0,2,7,1,0,1,1,1,0,-1,1,1,-1,-1,1,1,2,0,1,1,1,1,1,1,1,,1,1,0,1,0,0,1,1,1,0,-1,0,-1,0,0,1,1
393,1,1,2,7,1,0,1,1,1,2,2,2,2,2,1,2,0,1,1,2,1,2,2,2,1,2,,2,2,2,2,2,2,2,2,2,2,2,2,2,2,2,2,2
394,0,1,2,7,1,0,1,1,0,0,0,1,1,-1,-1,1,1,1,0,1,1,1,1,0,0,1,,1,1,0,1,0,0,1,1,1,1,1,0,0,1,0,0,0
