,0,1
0,茂生農經,0.5804597701149425
1,其祥-KY,0.5594405594405595
2,安心,0.5524475524475524
3,德麥,0.5769230769230769
4,漢來美食,0.6083916083916084
5,恩得利,0.6328671328671329
6,台翰,0.6118881118881119
7,精華,0.541958041958042
8,濱川,0.4825174825174825
9,力肯,0.6153846153846154
10,新麥,0.5734265734265734
11,精剛,0.527972027972028
12,和勤,0.541958041958042
13,駿吉-KY,0.5804195804195804
14,祺驊,0.5594405594405595
15,川寶,0.5664335664335665
16,直得,0.493006993006993
17,宏佳騰,0.541958041958042
18,台蠟,0.5699300699300699
19,南光,0.5209790209790209
20,生泰,0.5629370629370629
21,合世,0.5804195804195804
22,訊聯,0.548951048951049
23,光洋科,0.548951048951049
24,杏昌,0.583916083916084
25,金穎生技,0.5487804878048781
26,易威,0.5734265734265734
27,寶利徠,0.534965034965035
28,富喬,0.5174825174825175
29,唐榮,0.6923076923076923
30,風青,0.6048951048951049
31,世鎧,0.548951048951049
32,晉椿,0.6503496503496503
33,世豐,0.5314685314685315
34,世德,0.5804195804195804
35,嘉鋼,0.6223776223776224
36,精湛,0.6431226765799256
37,大甲,0.5664335664335665
38,泰茂,0.5524475524475524
39,謚源,0.6328671328671329
40,綠意,0.5104895104895105
41,大車隊,0.5874125874125874
42,正德,0.4965034965034965
43,捷迅,0.5559440559440559
44,晶悅,0.7307692307692307
45,燦星旅,0.5559440559440559
46,富驛-KY,0.7727272727272727
47,雅茗-KY,0.541958041958042
48,瓦城,0.534965034965035
49,六角,0.527972027972028
50,易飛網,0.5874125874125874
51,高野,0.5664335664335665
52,天蔥,0.5909090909090909
53,山富,0.6818181818181818
54,五福,0.6398601398601399
55,豆府,0.6526315789473685
56,滿心,0.6818181818181818
57,東凌-KY,0.7657342657342657
58,誠品生活,0.6678321678321678
59,紅馬-KY,0.5729537366548043
60,集雅社,0.6397058823529411
61,泰偉,0.5384615384615384
62,李洲,0.6293706293706294
63,全域,0.6923076923076923
64,協禧,0.5244755244755245
65,凱柏實業,0.5979020979020979
66,僑威,0.527972027972028
67,聯亞,0.5104895104895105
68,網龍,0.5104895104895105
69,新零售,0.6013986013986014
70,華義,0.6258741258741258
71,艾訊,0.48951048951048953
72,元炬,0.5909090909090909
73,鴻碩,0.5524475524475524
74,港建,0.6293706293706294
75,及成,0.506993006993007
76,穩懋,0.5594405594405595
77,好德,0.5454545454545454
78,寶島極,0.6853146853146853
79,進階,0.5524475524475524
80,笙泉,0.5454545454545454
81,昇銳,0.5559440559440559
82,弘塑,0.4965034965034965
83,晶宏,0.486013986013986
84,新揚科,0.5629370629370629
85,大綜,0.6713286713286714
86,璟德,0.5104895104895105
87,精確,0.6118881118881119
88,波若威,0.5629370629370629
89,亞信,0.527972027972028
90,新洲,0.6153846153846154
91,基亞,0.5559440559440559
92,公準,0.5804195804195804
93,鑫龍騰,0.6188811188811189
94,和進,0.6013986013986014
95,樺晟,0.5454545454545454
96,佰研,0.5699300699300699
97,志豐,0.527972027972028
98,耀勝,0.6433566433566433
99,順達,0.548951048951049
100,茂訊,0.4965034965034965
101,優群,0.5174825174825175
102,大學光,0.493006993006993
103,倚強股份,0.7622377622377622
104,台嘉碩,0.5664335664335665
105,三顧,0.5
106,至寶電,0.6153846153846154
107,原相,0.46503496503496505
108,金麗科,0.5
109,錦明,0.5524475524475524
110,昱捷,0.5314685314685315
111,光環,0.5454545454545454
112,千如,0.5104895104895105
113,海灣,0.5944055944055944
114,鑫創,0.6468531468531469
115,威剛,0.506993006993007
116,欣銓,0.5314685314685315
117,台星科,0.5104895104895105
118,海德威,0.6048951048951049
119,東碩,0.47202797202797203
120,宇環,0.5454545454545454
121,太普高,0.5944055944055944
122,微端,0.5629370629370629
123,廣寰科,0.5804195804195804
124,點晶,0.6748251748251748
125,宜特,0.5174825174825175
126,東浦,0.5454545454545454
127,鈊象,0.5104895104895105
128,英濟,0.5664335664335665
129,杭特,0.5594405594405595
130,岱稜,0.6013986013986014
131,鼎天,0.5594405594405595
132,佳穎,0.5734265734265734
133,斐成,0.4965034965034965
134,尼克森,0.527972027972028
135,建舜電,0.5874125874125874
136,加百裕,0.5979020979020979
137,雙鴻,0.5104895104895105
138,旭品,0.5664335664335665
139,幸康,0.7447552447552448
140,泰谷,0.5664335664335665
141,律勝,0.541958041958042
142,尚立,0.6188811188811189
143,先進光,0.5104895104895105
144,上詮,0.5699300699300699
145,典範,0.5769230769230769
146,熱映,0.5524475524475524
147,精材,0.5244755244755245
148,彬台,0.527972027972028
149,崇越電,0.534965034965035
150,旭軟,0.5524475524475524
151,漢科,0.5454545454545454
152,台興,0.5804195804195804
153,哲固,0.5769230769230769
154,類比科,0.5734265734265734
155,聯一光,0.5384615384615384
156,利機,0.548951048951049
157,由田,0.47202797202797203
158,進泰電子,0.7272727272727273
159,致振,0.6188811188811189
160,安勤,0.5314685314685315
161,力致,0.5209790209790209
162,崧騰,0.5454545454545454
163,森寶,0.583916083916084
164,單井,0.5699300699300699
165,長盛,0.5244755244755245
166,陽程,0.5664335664335665
167,環天科,0.5664335664335665
168,位速,0.5314685314685315
169,矽瑪,0.479020979020979
170,皇龍,0.5629370629370629
171,亞帝歐,0.5664335664335665
172,振維,0.5454545454545454
173,鴻翊,0.5664335664335665
174,御頂,0.5909090909090909
175,迎輝,0.6118881118881119
176,凡甲,0.5
177,聚積,0.48951048951048953
178,力旺,0.5769230769230769
179,先益,0.5734265734265734
180,堡達,0.5314685314685315
181,曜越,0.5629370629370629
182,西柏,0.534965034965035
183,宇峻,0.5209790209790209
184,兆利,0.5174825174825175
185,世禾,0.5629370629370629
186,同致,0.5664335664335665
187,重鵬,0.6083916083916084
188,禾瑞亞,0.479020979020979
189,神準,0.5804195804195804
190,其陽,0.5524475524475524
191,逸昌,0.5629370629370629
192,大塚,0.5454545454545454
193,友威科,0.5769230769230769
194,博磊,0.5314685314685315
195,閎康,0.5559440559440559
196,磐儀,0.5944055944055944
197,映興,0.8636363636363636
198,東林,0.6398601398601399
199,鼎翰,0.5769230769230769
200,安可,0.5629370629370629
201,富晶通,0.548951048951049
202,光頡,0.5244755244755245
203,西勝,0.5
204,盈正,0.5944055944055944
205,地心引力,0.6748251748251748
206,新鉅科,0.506993006993007
207,晟楠,0.5034965034965035
208,研勤,0.6398601398601399
209,駿熠電,0.5874125874125874
210,艾恩特,0.5594405594405595
211,精聯,0.534965034965035
212,鑫科,0.5594405594405595
213,安瑞-KY,0.5454545454545454
214,光耀,0.5384615384615384
215,康聯訊,0.5874125874125874
216,德微,0.5209790209790209
217,家登,0.493006993006993
218,榮昌,0.5664335664335665
219,元創精密,0.5104895104895105
220,歐買尬,0.513986013986014
221,湧德,0.5034965034965035
222,碩禾,0.541958041958042
223,營邦,0.4965034965034965
224,漢磊,0.5034965034965035
225,鑫聯大投控,0.5454545454545454
226,連展投控,0.5979020979020979
227,永日,0.5664335664335665
228,東洋,0.513986013986014
229,邦特,0.5244755244755245
230,加捷生醫,0.534965034965035
231,濟生,0.5769230769230769
232,聯上,0.5769230769230769
233,健喬,0.513986013986014
234,明基醫,0.5524475524475524
235,友華,0.513986013986014
236,優盛,0.5769230769230769
237,晟德,0.5384615384615384
238,太醫,0.5664335664335665
239,天良,0.5874125874125874
240,中天,0.5699300699300699
241,聯合,0.48951048951048953
242,健亞,0.5244755244755245
243,晶宇,0.6643356643356644
244,曜亞,0.47202797202797203
245,馬光-KY,0.6678321678321678
246,中裕,0.47202797202797203
247,台微體,0.5734265734265734
248,鈺緯,0.4965034965034965
249,康樂-KY,0.5979020979020979
250,太景*-KY,0.5874125874125874
251,創源,0.5384615384615384
252,聿新科,0.5314685314685315
253,智擎,0.5
254,鐿鈦,0.5699300699300699
255,展旺,0.6188811188811189
256,醣聯,0.5734265734265734
257,瑞基,0.527972027972028
258,久裕,0.5244755244755245
259,浩鼎,0.5944055944055944
260,杏一,0.513986013986014
261,福永生技,0.548951048951049
262,安克,0.5874125874125874
263,杏國,0.6363636363636364
264,環瑞醫,0.6468531468531469
265,中華食,0.5769230769230769
266,信立,0.5629370629370629
267,勝昱,0.5874125874125874
268,世坤,0.6048951048951049
269,東隆興,0.458041958041958
270,福大,0.5874125874125874
271,新昕纖,0.6468531468531469
272,飛寶企業,0.7797202797202797
273,三圓,0.7307692307692307
274,金洲,0.5314685314685315
275,元勝,0.7517482517482518
276,光明,0.5384615384615384
277,聚紡,0.6888111888111889
278,銘旺實,0.583916083916084
279,興采,0.6223776223776224
280,健信,0.5594405594405595
281,金雨,0.5769230769230769
282,崇友,0.5174825174825175
283,高鋒,0.6748251748251748
284,福裕,0.5209790209790209
285,永彰,0.5944055944055944
286,方土霖,0.5594405594405595
287,江興鍛,0.534965034965035
288,淳紳,0.5804195804195804
289,宏易,0.548951048951049
290,協易機,0.6048951048951049
291,慶騰,0.5909090909090909
292,至興,0.5909090909090909
293,大詠城,0.6783216783216783
294,晟田,0.5314685314685315
295,科嶠,0.6258741258741258
296,萬在,0.5909090909090909
297,桓達,0.541958041958042
298,長佳,0.5594405594405595
299,橙的,0.583916083916084
300,旭然,0.5909090909090909
301,健椿,0.5409090909090909
302,百德,0.5852713178294574
303,科際精密,0.6103896103896104
304,捷流閥業,0.45714285714285713
305,唐鋒,0.6083916083916084
306,中美實,0.583916083916084
307,大恭,0.6258741258741258
308,磐亞,0.5454545454545454
309,永純,0.6328671328671329
310,南璋,0.6048951048951049
311,永捷,0.5629370629370629
312,美琪瑪,0.5314685314685315
313,永昕,0.5314685314685315
314,雙美,0.548951048951049
315,熒茂,0.5979020979020979
316,豪展,0.48951048951048953
317,泰博,0.506993006993007
318,泓瀚,0.5699300699300699
319,合一,0.5594405594405595
320,皇將,0.548951048951049
321,合富-KY,0.527972027972028
322,強生,0.6013986013986014
323,國碳科,0.5804195804195804
324,勤凱,0.5384615384615384
325,誠泰科技,0.6163522012578616
326,VHQ-KY,0.506993006993007
327,大略-KY,0.5454545454545454
328,昇華,0.5699300699300699
329,聯光通,0.5244755244755245
330,台聯電,0.5944055944055944
331,富宇,0.548951048951049
332,前鼎,0.47202797202797203
333,新復興,0.541958041958042
334,德英,0.6118881118881119
335,欣厚-KY,0.6083916083916084
336,新盛力,0.8111888111888111
337,友輝,0.6048951048951049
338,亞電,0.46853146853146854
339,兆遠,0.5699300699300699
340,辣椒,0.5
341,昂寶-KY,0.5209790209790209
342,牧東,0.6888111888111889
343,緯軟,0.47202797202797203
344,譜瑞-KY,0.5034965034965035
345,IET-KY,0.5524475524475524
346,湯石照明,0.5699300699300699
347,廣穎,0.5174825174825175
348,亞泰,0.513986013986014
349,華星光,0.5209790209790209
350,科誠,0.5804195804195804
351,環宇-KY,0.541958041958042
352,晶達,0.527972027972028
353,榮剛,0.548951048951049
354,久陽,0.6433566433566433
355,強新,0.5699300699300699
356,建錩,0.493006993006993
357,華祺,0.513986013986014
358,松和,0.5559440559440559
359,富強,0.6468531468531469
360,凱衛,0.48951048951048953
361,力新,0.583916083916084
362,中茂,0.8706293706293706
363,坤悅,0.527972027972028
364,新鼎,0.5384615384615384
365,寶碩,0.5524475524475524
366,蒙恬,0.5524475524475524
367,凌網,0.5769230769230769
368,亞昕,0.5944055944055944
369,萬達光電,0.5244755244755245
370,安力-KY,0.5333333333333333
371,立凱-KY,0.5384615384615384
372,雷笛克光學,0.5769230769230769
373,智晶,0.5034965034965035
374,天鉞電,0.5909090909090909
375,智崴,0.506993006993007
376,笙科,0.5034965034965035
377,信驊,0.458041958041958
378,達輝-KY,0.6363636363636364
379,尚凡,0.5384615384615384
380,大峽谷-KY,0.5814814814814815
381,數字,0.5209790209790209
382,宜鼎,0.5524475524475524
383,邑昇,0.479020979020979
384,杰力,0.5559440559440559
385,寶得利,0.6573426573426573
386,太欣,0.46853146853146854
387,鼎創達,0.5629370629370629
388,桂盟,0.5769230769230769
389,系統電,0.5629370629370629
390,天剛,0.583916083916084
391,寶島科,0.6048951048951049
392,世紀,0.6048951048951049
393,光聯,0.5
394,友銓,0.5594405594405595
395,士開,0.6398601398601399
396,華容,0.5524475524475524
397,建榮,0.5104895104895105
398,立衛,0.541958041958042
399,天揚,0.5104895104895105
400,世界,0.541958041958042
401,系通,0.6853146853146853
402,先豐,0.506993006993007
403,鈺創,0.5874125874125874
404,台林,0.5244755244755245
405,佳總,0.5769230769230769
406,協益,0.5804195804195804
407,力麗店,0.7202797202797203
408,中光電,0.506993006993007
409,合正,0.5909090909090909
410,金利,0.5244755244755245
411,青雲,0.5
412,應華,0.5874125874125874
413,慕康生醫,0.5244755244755245
414,中菲,0.5384615384615384
415,國眾,0.5699300699300699
416,台半,0.5209790209790209
417,振發,0.5629370629370629
418,達威,0.6013986013986014
419,東友,0.5699300699300699
420,高技,0.527972027972028
421,均豪,0.506993006993007
422,寶聯通,0.5454545454545454
423,佶優,0.5594405594405595
424,昇益,0.7237762237762237
425,宣德,0.5244755244755245
426,同協,0.6188811188811189
427,霖宏,0.583916083916084
428,富驊,0.6153846153846154
429,凱鈺,0.5664335664335665
430,聰泰,0.513986013986014
431,德宏,0.6013986013986014
432,智冠,0.4965034965034965
433,新華,0.4965034965034965
434,中美晶,0.5174825174825175
435,通泰,0.5244755244755245
436,松普,0.479020979020979
437,彩富,0.6258741258741258
438,同亨,0.5034965034965035
439,三聯,0.5
440,凱崴,0.5874125874125874
441,永信建,0.5594405594405595
442,德昌,0.5174825174825175
443,力麒,0.5
444,三豐,0.5314685314685315
445,雙喜,0.5874125874125874
446,力泰,0.6363636363636364
447,豐謙,0.5979020979020979
448,志嘉,0.5769230769230769
449,龍巖,0.534965034965035
450,聖暉,0.5664335664335665
451,崇佑-KY,0.6412213740458015
452,台聯櫃,0.8006993006993007
453,陸海,0.6433566433566433
454,中連貨,0.5699300699300699
455,中菲行,0.46853146853146854
456,劍湖山,0.5944055944055944
457,亞都,0.7657342657342657
458,老爺知,0.6853146853146853
459,日盛金,0.527972027972028
460,致和證,0.6398601398601399
461,台名,0.6328671328671329
462,德記,0.6608391608391608
463,全家,0.5734265734265734
464,寶雅,0.5209790209790209
465,南仁湖,0.534965034965035
466,宏遠證,0.5559440559440559
467,康和證,0.5594405594405595
468,大展證,0.6888111888111889
469,大慶證,0.5769230769230769
470,元大期,0.513986013986014
471,福邦證,0.5909090909090909
472,寬魚國際,0.5314685314685315
473,合邦,0.8321678321678322
474,創惟,0.5174825174825175
475,亞元,0.6538461538461539
476,大宇資,0.506993006993007
477,亞矽,0.5524475524475524
478,久威,0.527972027972028
479,建達,0.506993006993007
480,新普,0.486013986013986
481,擎邦,0.5104895104895105
482,上奇,0.513986013986014
483,業強,0.5
484,廣運,0.5594405594405595
485,信音,0.527972027972028
486,九豪,0.534965034965035
487,普誠,0.5034965034965035
488,星寶國際,0.5699300699300699
489,萬旭,0.5944055944055944
490,茂達,0.493006993006993
491,訊達,0.6083916083916084
492,得利影,0.7167832167832168
493,耕興,0.534965034965035
494,頎邦,0.5
495,驊宏資,0.527972027972028
496,撼訊,0.5
497,晉倫,0.534965034965035
498,順發,0.6958041958041958
499,松上,0.534965034965035
500,欣技,0.5384615384615384
501,捷波,0.506993006993007
502,華電網,0.6118881118881119
503,久正,0.4825174825174825
504,昱泉,0.493006993006993
505,統振,0.5
506,亞銳士,0.6153846153846154
507,信昌電,0.506993006993007
508,安碁,0.5524475524475524
509,立敦,0.5034965034965035
510,亞通,0.5734265734265734
511,橘子,0.513986013986014
512,合晶,0.5104895104895105
513,幃翔,0.5804195804195804
514,新潤,0.5104895104895105
515,萬潤,0.5104895104895105
516,廣明,0.5104895104895105
517,萬泰科,0.534965034965035
518,育富,0.541958041958042
519,詩肯,0.5209790209790209
520,凌泰,0.7342657342657343
521,天品,0.7237762237762237
522,海韻電,0.506993006993007
523,艾華,0.5594405594405595
524,雷科,0.47202797202797203
525,日揚,0.5209790209790209
526,慶生,0.5454545454545454
527,理銘,0.6783216783216783
528,中探針,0.5804195804195804
529,豪勉,0.5769230769230769
530,富旺,0.583916083916084
531,岳豐,0.5174825174825175
532,晉泰,0.5734265734265734
533,上揚,0.7482517482517482
534,旺矽,0.548951048951049
535,茂綸,0.5174825174825175
536,全譜,0.6153846153846154
537,研通,0.5734265734265734
538,系微,0.479020979020979
539,旺玖,0.5979020979020979
540,高僑,0.5174825174825175
541,康呈,0.7062937062937062
542,驊訊,0.5
543,勝麗,0.541958041958042
544,松崗,0.6223776223776224
545,易通展,0.6013986013986014
546,立康,0.6643356643356644
547,茂迪,0.541958041958042
548,立端,0.5174825174825175
549,臺龍,0.5874125874125874
550,淇譽電,0.6678321678321678
551,沛波,0.5804195804195804
552,百徽,0.6188811188811189
553,久元,0.506993006993007
554,普萊德,0.513986013986014
555,富裔,0.6118881118881119
556,方土昶,0.5454545454545454
557,泰詠,0.5314685314685315
558,倍微,0.5699300699300699
559,台燿,0.4965034965034965
560,元山,0.5244755244755245
561,安鈦克,0.5944055944055944
562,胡連,0.47202797202797203
563,佳邦,0.5454545454545454
564,元隆,0.6433566433566433
565,良維,0.5244755244755245
566,沛亨,0.6293706293706294
567,迅德,0.5209790209790209
568,智基,0.6048951048951049
569,通訊-KY,0.527972027972028
570,晶焱,0.46503496503496505
571,韋僑,0.6118881118881119
572,詠昇,0.7342657342657343
573,京晨科,0.6223776223776224
574,易發,0.5804195804195804
575,統新,0.5909090909090909
576,今展科,0.48951048951048953
577,大中,0.493006993006993
578,迅得,0.5629370629370629
579,廣錠,0.5874125874125874
580,藥華藥,0.5559440559440559
581,紘康,0.5664335664335665
582,益得,0.5699300699300699
583,神盾,0.534965034965035
584,威潤,0.583916083916084
585,大樹,0.5594405594405595
586,宇智,0.5524475524475524
587,保瑞,0.583916083916084
588,弘煜科,0.6608391608391608
589,點序,0.5
590,互動,0.5384615384615384
591,環球晶,0.46153846153846156
592,生華科,0.5524475524475524
593,九齊,0.5384615384615384
594,科懋,0.5594405594405595
595,益安,0.541958041958042
596,雙邦,0.583916083916084
597,惠光,0.5909090909090909
598,聚和,0.5314685314685315
599,精測,0.5104895104895105
600,啟發電,0.6678321678321678
601,芮特-KY,0.534965034965035
602,勤崴國際,0.5944055944055944
603,達爾膚,0.5209790209790209
604,明達醫,0.6013986013986014
605,創威,0.5734265734265734
606,瑞耘,0.548951048951049
607,順藥,0.5174825174825175
608,倉和,0.5244755244755245
609,隆中,0.5769230769230769
610,高端疫苗,0.548951048951049
611,長科*,0.5664335664335665
612,勝品,0.6140350877192983
613,欣普羅,0.5724381625441696
614,是方,0.4748603351955307
615,宏觀,0.5231316725978647
616,醫揚,0.5265017667844523
617,維田,0.6546762589928058
618,霈方,0.6586345381526104
619,逸達,0.5895522388059702
620,勁豐,0.5963636363636363
621,達邦蛋白,0.5524193548387096
622,台康生技,0.527027027027027
623,普鴻,0.6949152542372882
624,台灣銘板,0.630901287553648
625,展匯科,0.5654450261780105
626,富強鑫,0.5594405594405595
627,瀧澤科,0.5209790209790209
628,奈米醫材,0.5373831775700935
629,朋億,0.6093023255813953
630,慧智,0.5258215962441315
631,特昇-KY,0.5869565217391305
632,萬年清,0.67
633,泰金-KY,0.7567567567567568
634,均華,0.5882352941176471
635,富致,0.6794871794871795
636,M31,0.484472049689441
637,台生材,0.6927710843373494
638,天正國際,0.5751633986928104
639,樂斯科,0.6142857142857143
640,群翊,0.487012987012987
641,信紘科,0.6081081081081081
642,鈺太,0.5603448275862069
643,鑫創電子,0.6724137931034483
644,雍智科技,0.5625
645,安碁資訊,0.6161616161616161
646,東捷資訊,0.5172413793103449
647,應廣,0.6901408450704225
648,崑鼎,0.5979020979020979
649,邑錡,0.6398601398601399
650,佑華,0.5559440559440559
651,光菱,0.5979020979020979
652,榮群,0.534965034965035
653,長園科,0.5524475524475524
654,九暘,0.5594405594405595
655,金山電,0.5314685314685315
656,蜜望實,0.4755244755244755
657,網家,0.534965034965035
658,星雲,0.5699300699300699
659,德勝,0.5244755244755245
660,晶采,0.5209790209790209
661,廣積,0.541958041958042
662,安國,0.5524475524475524
663,凱碩,0.5524475524475524
664,東捷,0.5699300699300699
665,來思達,0.541958041958042
666,志旭,0.6083916083916084
667,全達,0.5209790209790209
668,元太,0.47202797202797203
669,能率網通,0.5664335664335665
670,鉅橡,0.6048951048951049
671,伍豐,0.5174825174825175
672,洛碁,0.6783216783216783
673,永利聯合,0.6118881118881119
674,瑞穎,0.6328671328671329
675,巨虹,0.6538461538461539
676,福華,0.5734265734265734
677,宏捷科,0.5174825174825175
678,華鎂鑫,0.7062937062937062
679,品安,0.5209790209790209
680,翔名,0.5209790209790209
681,建暐,0.5244755244755245
682,保銳,0.5209790209790209
683,擎亞,0.5524475524475524
684,常珵,0.6363636363636364
685,大世科,0.5454545454545454
686,大億金茂,0.541958041958042
687,博大,0.541958041958042
688,立碁,0.534965034965035
689,越峰,0.5769230769230769
690,正淩,0.5384615384615384
691,博智,0.5104895104895105
692,天宇,0.5594405594405595
693,智捷,0.5699300699300699
694,加高,0.5314685314685315
695,精星,0.5384615384615384
696,新漢,0.5524475524475524
697,華宏,0.5629370629370629
698,朋程,0.5769230769230769
699,商丞,0.541958041958042
700,生展,0.5384615384615384
701,英格爾,0.5734265734265734
702,泰藝,0.5874125874125874
703,尚茂,0.6888111888111889
704,群聯,0.4405594405594406
705,益張,0.5797665369649806
706,恒耀,0.5209790209790209
707,冠好,0.5979020979020979
708,金居,0.5
709,千附,0.5244755244755245
710,白紗科,0.6048951048951049
711,盛弘,0.534965034965035
712,金可-KY,0.548951048951049
713,商之器,0.6223776223776224
714,森田,0.5559440559440559
715,大國鋼,0.6083916083916084
716,實威,0.5244755244755245
717,捷必勝-KY,0.541958041958042
718,明揚,0.6118881118881119
719,旭源,0.6958041958041958
720,保綠-KY,0.6678321678321678
721,惠普,0.527972027972028
722,紅木-KY,0.5244755244755245
723,匯鑽科,0.5209790209790209
724,東生華,0.5209790209790209
725,弘帆,0.5559440559440559
726,鉅邁,0.5244755244755245
727,大江,0.506993006993007
728,大地-KY,0.513986013986014
729,綠電,0.6188811188811189
730,綠河-KY,0.6363636363636364
731,華研,0.5034965034965035
732,霹靂,0.5664335664335665
733,大拓-KY,0.5894736842105263
734,夠麻吉,0.5734265734265734
735,台境,0.5874125874125874
736,創業家,0.5629370629370629
737,三貝德,0.573943661971831
738,裕國,0.5699300699300699
739,花王,0.5979020979020979
740,欣雄,0.6363636363636364
741,光隆,0.541958041958042
742,欣泰,0.8251748251748252
743,沈氏,0.8216783216783217
744,時報,0.7097902097902098
745,大田,0.5454545454545454
746,北基,0.5804195804195804
747,鉅明,0.541958041958042
748,富堡,0.5174825174825175
749,青鋼,0.5559440559440559
750,大汽電,0.513986013986014
751,宏大,0.5769230769230769
752,愛地雅,0.5874125874125874
753,衡平,0.6958041958041958
754,邦泰,0.5909090909090909
755,國統,0.5384615384615384
756,合騏,0.5909090909090909
757,明安,0.5384615384615384
758,關中,0.5594405594405595
759,森鉅,0.5454545454545454
760,琉園,0.6503496503496503
761,萬國通,0.6608391608391608
762,皇田,0.5244755244755245
763,邁達康,0.5874125874125874
764,有益,0.6258741258741258
765,台泥,0.4755244755244755
766,亞泥,0.527972027972028
767,嘉泥,0.493006993006993
768,環泥,0.6293706293706294
769,幸福,0.5804195804195804
770,信大,0.5734265734265734
771,東泥,0.6713286713286714
772,味全,0.513986013986014
773,味王,0.5979020979020979
774,大成,0.458041958041958
775,大飲,0.6573426573426573
776,卜蜂,0.5104895104895105
777,統一,0.486013986013986
778,愛之味,0.5874125874125874
779,泰山,0.5034965034965035
780,福壽,0.6293706293706294
781,台榮,0.6573426573426573
782,福懋油,0.5664335664335665
783,佳格,0.5384615384615384
784,聯華,0.534965034965035
785,聯華食,0.5314685314685315
786,大統益,0.493006993006993
787,天仁,0.6433566433566433
788,黑松,0.5629370629370629
789,興泰,0.5524475524475524
790,宏亞,0.6258741258741258
791,鮮活果汁-KY,0.5209790209790209
792,台塑,0.5559440559440559
793,南亞,0.513986013986014
794,台聚,0.6048951048951049
795,華夏,0.534965034965035
796,三芳,0.5174825174825175
797,亞聚,0.534965034965035
798,台達化,0.5524475524475524
799,台苯,0.5209790209790209
800,國喬,0.5034965034965035
801,聯成,0.5314685314685315
802,中石化,0.4965034965034965
803,達新,0.5384615384615384
804,上曜,0.527972027972028
805,東陽,0.48951048951048953
806,大洋,0.5384615384615384
807,永裕,0.5209790209790209
808,地球,0.6083916083916084
809,恆大,0.7307692307692307
810,台化,0.5734265734265734
811,再生-KY,0.5944055944055944
812,廣華-KY,0.6083916083916084
813,昭輝,0.534965034965035
814,勝悅-KY,0.5664335664335665
815,富林-KY,0.6911764705882353
816,遠東新,0.5174825174825175
817,新纖,0.5804195804195804
818,南染,0.5874125874125874
819,宏洲,0.5384615384615384
820,東和,0.548951048951049
821,廣豐,0.5874125874125874
822,嘉裕,0.541958041958042
823,東華,0.7202797202797203
824,新紡,0.6153846153846154
825,利華,0.5629370629370629
826,大魯閣,0.6293706293706294
827,福懋,0.479020979020979
828,中福,0.541958041958042
829,華友聯,0.5979020979020979
830,勤益控,0.5664335664335665
831,裕豐,0.6608391608391608
832,中和,0.493006993006993
833,南紡,0.5594405594405595
834,大東,0.6188811188811189
835,立益,0.548951048951049
836,力麗,0.5699300699300699
837,大宇,0.541958041958042
838,宏和,0.5769230769230769
839,力鵬,0.48951048951048953
840,佳和,0.534965034965035
841,年興,0.5454545454545454
842,宏益,0.5174825174825175
843,大將,0.5944055944055944
844,台富,0.5769230769230769
845,集盛,0.5944055944055944
846,怡華,0.6678321678321678
847,宜進,0.5769230769230769
848,聯發,0.548951048951049
849,宏遠,0.6608391608391608
850,強盛,0.5664335664335665
851,得力,0.513986013986014
852,偉全,0.6643356643356644
853,聚隆,0.6013986013986014
854,南緯,0.5944055944055944
855,昶和,0.583916083916084
856,大統新創,0.6433566433566433
857,首利,0.5
858,三洋紡,0.534965034965035
859,台南,0.541958041958042
860,弘裕,0.6083916083916084
861,本盟,0.6118881118881119
862,儒鴻,0.527972027972028
863,聚陽,0.5
864,士電,0.527972027972028
865,東元,0.5314685314685315
866,正道,0.6153846153846154
867,永大,0.5454545454545454
868,瑞利,0.6048951048951049
869,中興電,0.5
870,亞力,0.5244755244755245
871,力山,0.44405594405594406
872,川飛,0.5734265734265734
873,利奇,0.6888111888111889
874,華城,0.479020979020979
875,大億,0.4965034965034965
876,堤維西,0.527972027972028
877,耿鼎,0.6188811188811189
878,江申,0.5874125874125874
879,日馳,0.527972027972028
880,鑽全,0.5384615384615384
881,恩德,0.5944055944055944
882,樂士,0.6293706293706294
883,亞崴,0.5209790209790209
884,高林股,0.5559440559440559
885,勤美,0.48951048951048953
886,車王電,0.5244755244755245
887,中宇,0.534965034965035
888,和大,0.47202797202797203
889,廣隆,0.6013986013986014
890,正峰新,0.583916083916084
891,巨庭,0.5629370629370629
892,喬福,0.5804195804195804
893,錩泰,0.5769230769230769
894,伸興,0.5874125874125874
895,中砂,0.5909090909090909
896,倉佑,0.5209790209790209
897,信錦,0.548951048951049
898,程泰,0.5559440559440559
899,吉茂,0.5664335664335665
900,永冠-KY,0.5244755244755245
901,亞德客-KY,0.541958041958042
902,英瑞-KY,0.5559440559440559
903,岱宇,0.5174825174825175
904,華電,0.6328671328671329
905,聲寶,0.506993006993007
906,華新,0.534965034965035
907,華榮,0.548951048951049
908,大亞,0.5734265734265734
909,中電,0.548951048951049
910,宏泰,0.5734265734265734
911,三洋電,0.583916083916084
912,大山,0.5559440559440559
913,億泰,0.5314685314685315
914,榮星,0.527972027972028
915,合機,0.48951048951048953
916,艾美特-KY,0.5314685314685315
917,中化,0.5594405594405595
918,南僑,0.548951048951049
919,葡萄王,0.506993006993007
920,東鹼,0.6293706293706294
921,和益,0.6013986013986014
922,東聯,0.4965034965034965
923,永光,0.5594405594405595
924,興農,0.5244755244755245
925,國化,0.5769230769230769
926,和桐,0.5209790209790209
927,長興,0.513986013986014
928,中纖,0.4965034965034965
929,生達,0.5524475524475524
930,三晃,0.548951048951049
931,台肥,0.458041958041958
932,中碳,0.5104895104895105
933,台硝,0.6223776223776224
934,元禎,0.5804195804195804
935,永記,0.5244755244755245
936,中華化,0.5699300699300699
937,花仙子,0.5594405594405595
938,美吾華,0.5804195804195804
939,毛寶,0.6153846153846154
940,五鼎,0.5944055944055944
941,杏輝,0.5524475524475524
942,日勝化,0.6083916083916084
943,喬山,0.5559440559440559
944,臺鹽,0.5944055944055944
945,寶齡富錦,0.5629370629370629
946,中化生,0.5244755244755245
947,勝一,0.513986013986014
948,展宇,0.5874125874125874
949,和康生,0.5874125874125874
950,科妍,0.541958041958042
951,神隆,0.5629370629370629
952,美時,0.5174825174825175
953,台玻,0.5664335664335665
954,寶徠,0.6398601398601399
955,冠軍,0.5454545454545454
956,潤隆,0.5524475524475524
957,中釉,0.6328671328671329
958,和成,0.5314685314685315
959,凱撒衛,0.534965034965035
960,台紙,0.6153846153846154
961,士紙,0.583916083916084
962,正隆,0.5769230769230769
963,華紙,0.583916083916084
964,寶隆,0.5209790209790209
965,永豐餘,0.5629370629370629
966,榮成,0.506993006993007
967,中鋼,0.527972027972028
968,東和鋼鐵,0.5664335664335665
969,燁興,0.5874125874125874
970,高興昌,0.6398601398601399
971,第一銅,0.5559440559440559
972,春源,0.6608391608391608
973,春雨,0.5699300699300699
974,中鋼構,0.5594405594405595
975,中鴻,0.5034965034965035
976,豐興,0.5244755244755245
977,官田鋼,0.5874125874125874
978,美亞,0.5594405594405595
979,聚亨,0.5734265734265734
980,燁輝,0.534965034965035
981,志聯,0.548951048951049
982,千興,0.6525821596244131
983,大成鋼,0.506993006993007
984,威致,0.5944055944055944
985,盛餘,0.541958041958042
986,彰源,0.5664335664335665
987,新光鋼,0.5314685314685315
988,新鋼,0.5699300699300699
989,佳大,0.5979020979020979
990,允強,0.46503496503496505
991,海光,0.583916083916084
992,上銀,0.48951048951048953
993,川湖,0.5314685314685315
994,橋椿,0.5384615384615384
995,運錩,0.534965034965035
996,南港,0.5454545454545454
997,泰豐,0.6223776223776224
998,台橡,0.5244755244755245
999,國際中橡,0.534965034965035
1000,正新,0.4825174825174825
1001,建大,0.5909090909090909
1002,厚生,0.5699300699300699
1003,南帝,0.5524475524475524
1004,華豐,0.5874125874125874
1005,鑫永銓,0.5629370629370629
1006,六暉-KY,0.5034965034965035
1007,裕隆,0.513986013986014
1008,中華,0.5594405594405595
1009,三陽工業,0.5664335664335665
1010,和泰車,0.5454545454545454
1011,台船,0.6013986013986014
1012,裕日車,0.548951048951049
1013,劍麟,0.5314685314685315
1014,為升,0.493006993006993
1015,宇隆,0.506993006993007
1016,英利-KY,0.541958041958042
1017,宏旭-KY,0.58125
1018,光寶科,0.48951048951048953
1019,麗正,0.5524475524475524
1020,聯電,0.5699300699300699
1021,全友,0.4965034965034965
1022,台達電,0.5594405594405595
1023,金寶,0.506993006993007
1024,華通,0.5314685314685315
1025,台揚,0.486013986013986
1026,楠梓電,0.5384615384615384
1027,鴻海,0.527972027972028
1028,東訊,0.541958041958042
1029,中環,0.5174825174825175
1030,仁寶,0.493006993006993
1031,國巨,0.5559440559440559
1032,廣宇,0.47202797202797203
1033,華泰,0.5629370629370629
1034,台積電,0.5384615384615384
1035,精英,0.527972027972028
1036,友訊,0.513986013986014
1037,光罩,0.493006993006993
1038,光磊,0.541958041958042
1039,茂矽,0.5104895104895105
1040,華邦電,0.534965034965035
1041,智邦,0.4755244755244755
1042,聯強,0.506993006993007
1043,海悅,0.5874125874125874
1044,錸德,0.5769230769230769
1045,順德,0.48951048951048953
1046,佳世達,0.513986013986014
1047,宏碁,0.5174825174825175
1048,鴻準,0.48951048951048953
1049,敬鵬,0.541958041958042
1050,英業達,0.506993006993007
1051,華碩,0.5594405594405595
1052,廷鑫,0.5524475524475524
1053,所羅門,0.5524475524475524
1054,致茂,0.493006993006993
1055,藍天,0.5244755244755245
1056,矽統,0.5
1057,倫飛,0.5629370629370629
1058,昆盈,0.5594405594405595
1059,燿華,0.548951048951049
1060,金像電,0.48951048951048953
1061,菱生,0.541958041958042
1062,大同,0.479020979020979
1063,震旦行,0.5454545454545454
1064,佳能,0.5594405594405595
1065,凱美,0.5
1066,技嘉,0.5
1067,微星,0.4965034965034965
1068,瑞昱,0.5664335664335665
1069,虹光,0.5559440559440559
1070,廣達,0.5384615384615384
1071,台光電,0.5384615384615384
1072,群光,0.4965034965034965
1073,精元,0.5314685314685315
1074,威盛,0.5769230769230769
1075,云辰,0.6328671328671329
1076,正崴,0.5559440559440559
1077,億光,0.479020979020979
1078,研華,0.5174825174825175
1079,友通,0.5699300699300699
1080,映泰,0.5209790209790209
1081,凌陽,0.5524475524475524
1082,毅嘉,0.5174825174825175
1083,漢唐,0.5104895104895105
1084,浩鑫,0.513986013986014
1085,國碩,0.5874125874125874
1086,南亞科,0.5384615384615384
1087,友達,0.527972027972028
1088,中華電,0.6258741258741258
1089,環科,0.5664335664335665
1090,精技,0.5524475524475524
1091,錩新,0.548951048951049
1092,圓剛,0.5629370629370629
1093,仲琦,0.5034965034965035
1094,新巨,0.541958041958042
1095,建準,0.5454545454545454
1096,固緯,0.5104895104895105
1097,隴華,0.6503496503496503
1098,承啟,0.6013986013986014
1099,鼎元,0.506993006993007
1100,三商電,0.5244755244755245
1101,興勤,0.5559440559440559
1102,銘旺科,0.6678321678321678
1103,燦坤,0.6013986013986014
1104,聯昌,0.5104895104895105
1105,互盛電,0.527972027972028
1106,統懋,0.6083916083916084
1107,偉詮電,0.5209790209790209
1108,翔耀,0.6153846153846154
1109,美律,0.5104895104895105
1110,太空梭,0.527972027972028
1111,超豐,0.5314685314685315
1112,新美齊,0.4965034965034965
1113,億麗,0.5979020979020979
1114,兆勁,0.479020979020979
1115,晶電,0.5209790209790209
1116,京元電子,0.527972027972028
1117,神腦,0.6013986013986014
1118,創見,0.5
1119,凌群,0.5314685314685315
1120,聯發科,0.486013986013986
1121,全新,0.506993006993007
1122,奇力新,0.5174825174825175
1123,飛宏,0.5454545454545454
1124,敦吉,0.458041958041958
1125,建通,0.5174825174825175
1126,光群雷,0.5979020979020979
1127,良得電,0.5244755244755245
1128,盟立,0.5104895104895105
1129,麗臺,0.5909090909090909
1130,冠西電,0.4825174825174825
1131,志聖,0.513986013986014
1132,華經,0.5734265734265734
1133,資通,0.5209790209790209
1134,立隆電,0.4825174825174825
1135,可成,0.5384615384615384
1136,鉅祥,0.5559440559440559
1137,美隆電,0.5874125874125874
1138,大毅,0.5244755244755245
1139,敦陽科,0.48951048951048953
1140,強茂,0.534965034965035
1141,連宇,0.6328671328671329
1142,百容,0.548951048951049
1143,希華,0.513986013986014
1144,兆赫,0.5454545454545454
1145,一詮,0.506993006993007
1146,漢平,0.5314685314685315
1147,瑞軒,0.47202797202797203
1148,吉祥全,0.5524475524475524
1149,華新科,0.5559440559440559
1150,揚博,0.513986013986014
1151,普安,0.6048951048951049
1152,卓越,0.6293706293706294
1153,怡利電,0.5699300699300699
1154,宏達電,0.5454545454545454
1155,東貝,0.5734265734265734
1156,國建,0.5384615384615384
1157,國產,0.527972027972028
1158,國揚,0.541958041958042
1159,太設,0.6258741258741258
1160,全坤建,0.5979020979020979
1161,太子,0.6398601398601399
1162,龍邦,0.5874125874125874
1163,中工,0.506993006993007
1164,新建,0.5664335664335665
1165,冠德,0.5174825174825175
1166,京城,0.5384615384615384
1167,宏璟,0.583916083916084
1168,皇普,0.5524475524475524
1169,華建,0.6048951048951049
1170,宏盛,0.534965034965035
1171,達欣工,0.534965034965035
1172,宏普,0.5804195804195804
1173,聯上發,0.5944055944055944
1174,基泰,0.6398601398601399
1175,櫻花建,0.5629370629370629
1176,愛山林,0.6573426573426573
1177,興富發,0.46853146853146854
1178,皇昌,0.5104895104895105
1179,皇翔,0.5734265734265734
1180,根基,0.527972027972028
1181,日勝生,0.5769230769230769
1182,華固,0.506993006993007
1183,潤弘,0.527972027972028
1184,益航,0.5769230769230769
1185,長榮,0.5034965034965035
1186,新興,0.5734265734265734
1187,裕民,0.506993006993007
1188,榮運,0.5804195804195804
1189,嘉里大榮,0.4965034965034965
1190,陽明,0.548951048951049
1191,華航,0.4965034965034965
1192,志信,0.5664335664335665
1193,中航,0.47202797202797203
1194,中櫃,0.5874125874125874
1195,東森,0.5524475524475524
1196,萬海,0.527972027972028
1197,山隆,0.5384615384615384
1198,台航,0.527972027972028
1199,長榮航,0.5629370629370629
1200,亞航,0.6617647058823529
1201,台灣高鐵,0.506993006993007
1202,漢翔,0.5559440559440559
1203,台驊投控,0.5384615384615384
1204,慧洋-KY,0.5209790209790209
1205,宅配通,0.527972027972028
1206,萬企,0.7027972027972028
1207,華園,0.5699300699300699
1208,國賓,0.541958041958042
1209,六福,0.5629370629370629
1210,第一店,0.6608391608391608
1211,晶華,0.6398601398601399
1212,遠雄來,0.6118881118881119
1213,夏都,0.7237762237762237
1214,美食-KY,0.5384615384615384
1215,王品,0.5629370629370629
1216,雄獅,0.5314685314685315
1217,寒舍,0.5699300699300699
1218,雲品,0.534965034965035
1219,彰銀,0.5559440559440559
1220,京城銀,0.5244755244755245
1221,台中銀,0.5664335664335665
1222,旺旺保,0.583916083916084
1223,華票,0.5804195804195804
1224,中壽,0.5
1225,台產,0.5594405594405595
1226,臺企銀,0.5
1227,高雄銀,0.5664335664335665
1228,聯邦銀,0.5314685314685315
1229,台開,0.5629370629370629
1230,遠東銀,0.5034965034965035
1231,安泰銀,0.5384615384615384
1232,新產,0.541958041958042
1233,中再保,0.548951048951049
1234,第一保,0.6363636363636364
1235,統一證,0.5244755244755245
1236,三商壽,0.6013986013986014
1237,華南金,0.5104895104895105
1238,富邦金,0.541958041958042
1239,國泰金,0.5174825174825175
1240,開發金,0.5664335664335665
1241,玉山金,0.47202797202797203
1242,元大金,0.534965034965035
1243,台新金,0.5104895104895105
1244,新光金,0.534965034965035
1245,國票金,0.5804195804195804
1246,永豐金,0.5
1247,中信金,0.506993006993007
1248,王道銀行,0.5804195804195804
1249,欣欣,0.6293706293706294
1250,遠百,0.5384615384615384
1251,匯僑,0.6048951048951049
1252,三商,0.5384615384615384
1253,高林,0.6013986013986014
1254,特力,0.5314685314685315
1255,統領,0.6258741258741258
1256,麗嬰房,0.5664335664335665
1257,統一超,0.5104895104895105
1258,農林,0.5594405594405595
1259,潤泰全,0.5034965034965035
1260,鼎固-KY,0.5804195804195804
1261,淘帝-KY,0.5174825174825175
1262,客思達-KY,0.6581196581196581
1263,凱羿-KY,0.5555555555555556
1264,歐格,0.5454545454545454
1265,健和興,0.5104895104895105
1266,豐達科,0.5
1267,神基,0.4965034965034965
1268,晶豪科,0.5524475524475524
1269,大立光,0.541958041958042
1270,華立,0.548951048951049
1271,今皓,0.5769230769230769
1272,晟銘電,0.541958041958042
1273,聯陽,0.5384615384615384
1274,全漢,0.534965034965035
1275,嘉晶,0.534965034965035
1276,奇鋐,0.5804195804195804
1277,同開,0.4965034965034965
1278,亞光,0.493006993006993
1279,鴻名,0.5454545454545454
1280,威強電,0.5314685314685315
1281,信邦,0.46853146853146854
1282,憶聲,0.5314685314685315
1283,星通,0.5034965034965035
1284,禾伸堂,0.5244755244755245
1285,盛達,0.5629370629370629
1286,增你強,0.5664335664335665
1287,零壹,0.5629370629370629
1288,德律,0.4965034965034965
1289,佰鴻,0.5699300699300699
1290,偉訓,0.5524475524475524
1291,威健,0.527972027972028
1292,聯詠,0.4965034965034965
1293,智原,0.541958041958042
1294,文曄,0.513986013986014
1295,欣興,0.506993006993007
1296,全台,0.5314685314685315
1297,遠見,0.513986013986014
1298,揚智,0.5629370629370629
1299,晶技,0.5174825174825175
1300,科風,0.5594405594405595
1301,健鼎,0.47202797202797203
1302,台灣大,0.583916083916084
1303,建碁,0.5664335664335665
1304,訊舟,0.5734265734265734
1305,益登,0.4965034965034965
1306,和鑫,0.583916083916084
1307,鈺德,0.6433566433566433
1308,力特,0.541958041958042
1309,夆典,0.5629370629370629
1310,立萬利,0.5874125874125874
1311,蔚華科,0.506993006993007
1312,總太,0.479020979020979
1313,喬鼎,0.5944055944055944
1314,立德,0.5594405594405595
1315,華晶科,0.4755244755244755
1316,銘異,0.5734265734265734
1317,建漢,0.5734265734265734
1318,日電貿,0.5384615384615384
1319,聯傑,0.5314685314685315
1320,一零四,0.6398601398601399
1321,正達,0.5874125874125874
1322,景岳,0.5909090909090909
1323,大量,0.527972027972028
1324,景碩,0.493006993006993
1325,全科,0.5769230769230769
1326,晟鈦,0.5979020979020979
1327,緯創,0.4965034965034965
1328,虹冠電,0.493006993006993
1329,昇陽,0.5314685314685315
1330,勝德,0.583916083916084
1331,昇貿,0.5314685314685315
1332,聯德,0.541958041958042
1333,閎暉,0.5734265734265734
1334,弘憶股,0.5664335664335665
1335,同泰,0.5524475524475524
1336,泰碩,0.5314685314685315
1337,麗清,0.4825174825174825
1338,奇偶,0.527972027972028
1339,新日興,0.4825174825174825
1340,明泰,0.5559440559440559
1341,新世紀,0.5524475524475524
1342,玉晶光,0.4755244755244755
1343,京鼎,0.506993006993007
1344,融程電,0.5
1345,譁裕,0.5034965034965035
1346,台端,0.5559440559440559
1347,榮創,0.5629370629370629
1348,創意,0.486013986013986
1349,聯鈞,0.534965034965035
1350,晶睿,0.5384615384615384
1351,群創,0.5244755244755245
1352,誠研,0.5804195804195804
1353,維熹,0.4825174825174825
1354,揚明光,0.5384615384615384
1355,華擎,0.5559440559440559
1356,柏騰,0.48951048951048953
1357,安馳,0.541958041958042
1358,晶相光,0.5594405594405595
1359,台勝科,0.5
1360,嘉澤,0.5034965034965035
1361,晶彩科,0.5454545454545454
1362,誠創,0.5034965034965035
1363,敦泰,0.4965034965034965
1364,聯穎,0.513986013986014
1365,嘉威,0.583916083916084
1366,牧德,0.527972027972028
1367,聯合再生,0.5
1368,辛耘,0.46153846153846156
1369,通嘉,0.493006993006993
1370,艾笛森,0.583916083916084
1371,力銘,0.5384615384615384
1372,智易,0.548951048951049
1373,宏致,0.5104895104895105
1374,谷崧,0.541958041958042
1375,碩天,0.548951048951049
1376,洋華,0.5314685314685315
1377,達邁,0.513986013986014
1378,健策,0.48951048951048953
1379,世芯-KY,0.513986013986014
1380,貿聯-KY,0.5104895104895105
1381,圓展,0.5524475524475524
1382,TPK-KY,0.5244755244755245
1383,新至陞,0.5034965034965035
1384,亞太電,0.6363636363636364
1385,達能,0.5769230769230769
1386,海華,0.5314685314685315
1387,隆達,0.527972027972028
1388,大眾控,0.7342657342657343
1389,大聯大,0.548951048951049
1390,欣陸,0.5
1391,合勤控,0.5664335664335665
1392,永信,0.5174825174825175
1393,神達,0.5664335664335665
1394,日月光投控,0.5314685314685315
1395,永崴投控,0.5116279069767442
1396,佳醫,0.506993006993007
1397,雃博,0.5699300699300699
1398,懷特,0.5594405594405595
1399,旭富,0.534965034965035
1400,亞諾法,0.5034965034965035
1401,麗豐-KY,0.493006993006993
1402,龍燈-KY,0.5454545454545454
1403,國光生,0.5559440559440559
1404,康聯-KY,0.548951048951049
1405,訊映,0.5314685314685315
1406,承業醫,0.5664335664335665
1407,佐登-KY,0.5909090909090909
1408,炎洲,0.583916083916084
1409,如興,0.5559440559440559
1410,利勤,0.5559440559440559
1411,廣越,0.5524475524475524
1412,東台,0.5559440559440559
1413,瑞智,0.5104895104895105
1414,拓凱,0.5734265734265734
1415,全球傳動,0.548951048951049
1416,銘鈺,0.548951048951049
1417,智伸科,0.5804195804195804
1418,力達-KY,0.592741935483871
1419,氣立,0.5524475524475524
1420,永新-KY,0.5174825174825175
1421,強信-KY,0.518348623853211
1422,穎漢,0.6398601398601399
1423,元翎,0.5215311004784688
1424,時碩工業,0.5882352941176471
1425,鈞興-KY,0.625
1426,駐龍,0.49056603773584906
1427,大銀微系統,0.5375
1428,德淵,0.5804195804195804
1429,國精化,0.5629370629370629
1430,信昌化,0.513986013986014
1431,華廣,0.5314685314685315
1432,康普,0.479020979020979
1433,台耀,0.5244755244755245
1434,三福化,0.513986013986014
1435,材料-KY,0.548951048951049
1436,雙鍵,0.5391304347826087
1437,南寶,0.5057471264367817
1438,日成-KY,0.5746606334841629
1439,遠傳,0.5384615384615384
1440,正文,0.4825174825174825
1441,聯德控股-KY,0.5664335664335665
1442,致伸,0.4965034965034965
1443,事欣科,0.46503496503496505
1444,新唐,0.506993006993007
1445,泰鼎-KY,0.5
1446,燦星網,0.5594405594405595
1447,太極,0.5909090909090909
1448,茂林-KY,0.506993006993007
1449,和碩,0.493006993006993
1450,嘉彰,0.4755244755244755
1451,康控-KY,0.486013986013986
1452,凌通,0.4405594405594406
1453,光鋐,0.5769230769230769
1454,臻鼎-KY,0.5104895104895105
1455,誠美材,0.5734265734265734
1456,天鈺,0.548951048951049
1457,立積,0.5699300699300699
1458,佳凌,0.4755244755244755
1459,眾達-KY,0.5034965034965035
1460,榮科,0.6573426573426573
1461,傳奇,0.4965034965034965
1462,鑫禾,0.5454545454545454
1463,三星,0.6083916083916084
1464,訊連,0.4965034965034965
1465,科嘉-KY,0.513986013986014
1466,東科-KY,0.5314685314685315
1467,達興材料,0.5244755244755245
1468,乙盛-KY,0.5174825174825175
1469,虹堡,0.5524475524475524
1470,鎧勝-KY,0.43006993006993005
1471,祥碩,0.479020979020979
1472,禾聯碩,0.513986013986014
1473,jpp-KY,0.5804195804195804
1474,界霖,0.5454545454545454
1475,豐祥-KY,0.5209790209790209
1476,敦南,0.5034965034965035
1477,中磊,0.5524475524475524
1478,崇越,0.5244755244755245
1479,瀚宇博,0.46853146853146854
1480,松翰,0.4755244755244755
1481,慧友,0.5559440559440559
1482,建國,0.527972027972028
1483,工信,0.6153846153846154
1484,遠雄,0.5
1485,順天,0.5979020979020979
1486,鄉林,0.5244755244755245
1487,皇鼎,0.5629370629370629
1488,長虹,0.5314685314685315
1489,東明-KY,0.5804195804195804
1490,遠雄港,0.5699300699300699
1491,四維航,0.5664335664335665
1492,鳳凰,0.5034965034965035
1493,中租-KY,0.548951048951049
1494,上海商銀,0.5454545454545454
1495,合庫金,0.513986013986014
1496,台南-KY,0.6468531468531469
1497,大洋-KY,0.5454545454545454
1498,群益證,0.5384615384615384
1499,群益期,0.5384615384615384
1500,競國,0.5454545454545454
1501,聚碩,0.5629370629370629
1502,鎰勝,0.5104895104895105
1503,彩晶,0.534965034965035
1504,迎廣,0.5664335664335665
1505,達運,0.5
1506,上福,0.5594405594405595
1507,鈞泰,0.6818181818181818
1508,金橋,0.6118881118881119
1509,富爾特,0.5769230769230769
1510,亞翔,0.5244755244755245
1511,柏承,0.5664335664335665
1512,友勁,0.5629370629370629
1513,百一,0.5314685314685315
1514,嘉聯益,0.4825174825174825
1515,鈞寶,0.548951048951049
1516,華興,0.4965034965034965
1517,捷泰,0.4965034965034965
1518,凌華,0.5314685314685315
1519,宏齊,0.5664335664335665
1520,互億,0.5314685314685315
1521,瑞儀,0.48951048951048953
1522,達麗,0.583916083916084
1523,關貿,0.5664335664335665
1524,大豐電,0.541958041958042
1525,豐藝,0.5384615384615384
1526,精成科,0.5559440559440559
1527,巨路,0.5209790209790209
1528,帆宣,0.5034965034965035
1529,佳必琪,0.4965034965034965
1530,亞弘電,0.5559440559440559
1531,盛群,0.5594405594405595
1532,詮欣,0.6013986013986014
1533,飛捷,0.583916083916084
1534,今國光,0.506993006993007
1535,聯茂,0.493006993006993
1536,精誠,0.534965034965035
1537,和椿,0.527972027972028
1538,居易,0.5664335664335665
1539,聚鼎,0.48951048951048953
1540,天瀚,0.6643356643356644
1541,光鼎,0.5629370629370629
1542,超眾,0.5594405594405595
1543,華孚,0.534965034965035
1544,力成,0.4825174825174825
1545,迅杰,0.5384615384615384
1546,定穎,0.5629370629370629
1547,矽格,0.47202797202797203
1548,台郡,0.5174825174825175
1549,同欣電,0.5174825174825175
1550,宏正,0.5104895104895105
1551,台表科,0.5244755244755245
1552,全國電,0.5594405594405595
1553,康舒,0.5209790209790209
1554,淳安,0.6013986013986014
1555,啟碁,0.5384615384615384
1556,聯嘉,0.513986013986014
1557,華上,0.548951048951049
1558,悅城,0.5804195804195804
1559,旭隼,0.5244755244755245
1560,群電,0.5174825174825175
1561,樺漢,0.4825174825174825
1562,矽力-KY,0.493006993006993
1563,瑞祺電通,0.5769230769230769
1564,光麗-KY,0.5769230769230769
1565,光聖,0.493006993006993
1566,元晶,0.6398601398601399
1567,鈺邦,0.5769230769230769
1568,訊芯-KY,0.46503496503496505
1569,康友-KY,0.5244755244755245
1570,GIS-KY,0.479020979020979
1571,台數科,0.7272727272727273
1572,安集,0.5524475524475524
1573,晶碩,0.5664335664335665
1574,南六,0.5594405594405595
1575,台塑化,0.583916083916084
1576,捷敏-KY,0.5074626865671642
1577,愛普,0.8216783216783217
1578,晶心科,0.5209790209790209
1579,泰福-KY,0.6013986013986014
1580,易華電,0.5034965034965035
1581,興能高,0.5524475524475524
1582,虹揚-KY,0.6
1583,研揚,0.5390625
1584,鋼聯,0.5847457627118644
1585,申豐,0.5119047619047619
1586,動力-KY,0.5318181818181819
1587,和潤企業,0.5783132530120482
1588,帝寶,0.5559440559440559
1589,必應,0.5228426395939086
1590,基士德-KY,0.5747126436781609
1591,科定,0.5405405405405406
1592,羅麗芬-KY,0.5
1593,中揚光,0.4897959183673469
1594,緯穎,0.5364238410596026
1595,復盛應用,0.47619047619047616
1596,三能-KY,0.6056338028169014
1597,騰輝電子-KY,0.48175182481751827
1598,鋐寶科技,0.5886524822695035
1599,旭暉應材,0.5301204819277109
1600,惠特,0.42105263157894735
1601,嘉基,0.5263157894736842
1602,台通,0.513986013986014
1603,矽創,0.5209790209790209
1604,尖點,0.4965034965034965
1605,昇陽半導體,0.4965034965034965
1606,雷虎,0.5909090909090909
1607,台虹,0.527972027972028
1608,南電,0.527972027972028
1609,長華,0.5209790209790209
1610,陞泰,0.6258741258741258
1611,致新,0.4965034965034965
1612,華冠,0.6118881118881119
1613,瀚荃,0.548951048951049
1614,錸寶,0.5813008130081301
1615,凌巨,0.534965034965035
1616,華東,0.513986013986014
1617,至上,0.479020979020979
1618,振樺電,0.5664335664335665
1619,福懋科,0.486013986013986
1620,南茂,0.548951048951049
1621,達方,0.493006993006993
1622,無敵,0.5734265734265734
1623,勤誠,0.5454545454545454
1624,志超,0.5
1625,明基材,0.5104895104895105
1626,寶一,0.5664335664335665
1627,菱光,0.5
1628,富鼎,0.5209790209790209
1629,宇瞻,0.534965034965035
1630,日友,0.4825174825174825
1631,建新國際,0.5125628140703518
1632,羅昇,0.527972027972028
1633,百和興業-KY,0.541958041958042
1634,福貞-KY,0.5909090909090909
1635,可寧衛,0.6293706293706294
1636,基勝-KY,0.6083916083916084
1637,金麗-KY,0.5524475524475524
1638,威宏-KY,0.6177777777777778
1639,阿瘦,0.6678321678321678
1640,富邦媒,0.513986013986014
1641,柏文,0.48951048951048953
1642,潤泰材,0.5769230769230769
1643,億豐,0.5209790209790209
1644,美吉吉-KY,0.5530973451327433
1645,波力-KY,0.6083916083916084
1646,山林水,0.6153846153846154
1647,東哥遊艇,0.5629370629370629
1648,泰昇-KY,0.601593625498008
1649,政伸,0.5272727272727272
1650,商億-KY,0.5104166666666666
1651,吉源-KY,0.6221198156682027
1652,格威傳媒,0.581081081081081
1653,台汽電,0.5629370629370629
1654,新天地,0.6503496503496503
1655,高力,0.534965034965035
1656,鈺齊-KY,0.506993006993007
1657,台火,0.5524475524475524
1658,寶成,0.5454545454545454
1659,大華,0.5804195804195804
1660,欣巴巴,0.513986013986014
1661,統一實,0.5769230769230769
1662,大台北,0.5699300699300699
1663,豐泰,0.5
1664,櫻花,0.5034965034965035
1665,偉聯,0.5629370629370629
1666,美利達,0.5594405594405595
1667,中保科,0.5664335664335665
1668,欣天然,0.6923076923076923
1669,康那香,0.5804195804195804
1670,巨大,0.5
1671,福興,0.5524475524475524
1672,新保,0.6188811188811189
1673,新海,0.6293706293706294
1674,泰銘,0.534965034965035
1675,中視,0.6503496503496503
1676,秋雨,0.6258741258741258
1677,中聯資源,0.5699300699300699
1678,欣高,0.6643356643356644
1679,中鼎,0.5174825174825175
1680,成霖,0.5104895104895105
1681,慶豐富,0.5314685314685315
1682,全國,0.6083916083916084
1683,百和,0.5209790209790209
1684,宏全,0.5104895104895105
1685,信義,0.5734265734265734
1686,裕融,0.5244755244755245
1687,茂順,0.5594405594405595
1688,好樂迪,0.5594405594405595
1689,新麗,0.541958041958042
1690,潤泰新,0.5314685314685315
1691,三發地產,0.5699300699300699
1692,佳龍,0.5244755244755245
1693,世紀鋼,0.46853146853146854
