Id,index,Latitude_and_Longitude
1101,台北市中山北路2段113號,"('25.060594', '121.523201')"
1102,台北市大安區敦化南路2段207號30、31樓,"('25.026038', '121.549202')"
1103,台北市中山北路2段96號,"('25.059532', '121.522621')"
1104,台北市南京東路二段125號10樓,"('25.05223', '121.534539')"
1108,台北市松江路237號15樓,"('25.059013', '121.533445')"
1109,台北市寶慶路37號7樓,"('25.041677', '121.510193')"
1110,高雄市前金區五福三路21號4樓之1,"('22.622344', '120.299796')"
1201,台北市松江路125號,"('25.053006', '121.533223')"
1203,台北市中山北路二段79號5樓,"('25.05822', '121.523064')"
1210,台南市永康區蔦松二街三號,"('23.040966', '120.253706')"
1213,新北市三重區重陽路三段99號10樓,"('25.068189', '121.490439')"
1215,台北市松江路八十七號十七樓,"('25.050492', '121.533181')"
1216,71001台南市永康區中正路301號,"('23.975744', '120.979772')"
1217,嘉義縣民雄鄉工業二路11號,"('23.521406', '120.431251')"
1218,彰化縣田中鎮興工路6號,"('23.8489333', '120.5927705')"
1219,台中市沙鹿區沙田路45號,"('24.231511', '120.558302')"
1220,台北市中山區南京東路二段206號6樓,"('25.051844', '121.53581')"
1225,台中市大肚區沙田路一段453號,"('24.122953', '120.564212')"
1227,台北市仁愛路三段136號5樓,"('25.037528', '121.541412')"
1229,(103)臺北市大同區承德路一段44號6樓,"('23.975744', '120.979772')"
1231,台北市迪化街一段148號,"('25.05772', '121.509567')"
1232,台南市官田區二鎮里工業西路32號,"('23.213817', '120.320292')"
1233,台北市忠孝東路4段107號6樓,"('25.041763', '121.548271')"
1234,台北市信義路四段296號3樓,"('25.032921', '121.554578')"
1235,高雄市仁武區高楠公路10號,"('22.690587', '120.321755')"
1236,新北市新店區寶興路45巷8弄3號5樓,"('24.974834', '121.550415')"
1256,"Genesis Close, PO Box 446, Cayman Islands, KY1-1106","('19.2962', '-81.3823843')"
1301,高雄市仁武區水管路100號,"('22.705646', '120.335055')"
1303,台北市敦化北路201號,"('25.056636', '121.549405')"
1304,台北市內湖區基湖路37號12樓,"('25.079552', '121.564839')"
1305,台北市內湖區基湖路37號12樓,"('25.079552', '121.564839')"
1307,高雄市三民區通化街120號,"('22.644633', '120.29315')"
1308,高雄市林園區工業一路3號,"('22.50646235', '120.40844471')"
1309,台北市內湖區基湖路37號12樓,"('25.079532,', '121.562921')"
1310,台北市羅斯福路一段六號八樓之一,"('25.033259', '121.517573')"
1312,臺北市南京東路四段1號10樓,"('25.051947', '121.549608')"
1313,台北市南港區南港路一段209號A棟9樓,"('25.055081', '121.611409')"
1314,高雄市大社區經建路1號,"('22.725856', '120.340322')"
1315,台中市西屯區工業區35路51號,"('24.16728', '120.591386')"
1316,台南市安平區永華路二段248號20樓之6,"('22.990213', '120.180033')"
1319,台南市安和路二段98號,"('23.038368', '120.214812')"
1321,"台北市莒光路310號5,6樓","('25.0312777', '121.4958582')"
1323,台南市仁德區勝利路88號,"('22.95774909', '120.257155')"
1324,台北市中山區南京東路3段61號7樓,"('25.052197', '121.538071')"
1325,台北市林森北路372號10樓,"('25.057743', '121.525358')"
1326,彰化市中山路3段359號,"('24.0878067', '120.5614407')"
1337,高雄市鼓山區明誠三路685號12樓,"('22.660642', '120.294806')"
1338,廣東省東莞市厚街鎮橋頭第三工業區,"('23.975744', '120.979772')"
1339,彰化縣鹿港鎮興業路8號,"('24.069111', '120.398687')"
1340,中國福建省晉江市青陽蓮嶼工業區,"('23.975744', '120.979772')"
1341,越南海防市陽京郡海城坊范文同路第9里程,"('23.975744', '120.979772')"
1402,台北市大安區敦化南路二段207號36樓,"('25.026038', '121.549202')"
1409,台北市中山區南京東路二段123號8、12樓,"('25.052233', '121.533704')"
1410,桃園市蘆竹區南山路三段二三三號,"('25.083276', '121.285403')"
1413,台北市內湖區瑞光路607號7樓,"('25.080175', '121.566847')"
1414,台北市仁愛路四段376號13樓,"('25.037378', '121.555759')"
1416,桃園市八德區介壽路一段728號,"('24.965038', '121.29907')"
1417,臺北市仁愛路四段25號7樓,"('25.038224', '121.544732')"
1418,台北市新生南路1段56號9樓,"('25.04095', '121.532506')"
1419,台北市南京東路二段123號11樓,"('25.052233', '121.533704')"
1423,台北市忠孝東路四段310號12樓,"('25.041137', '121.557037')"
1432,台中市東區復興路4段186號9樓,"('24.13549', '120.687697')"
1434,雲林縣斗六市榴中里石榴路317號,"('23.727341', '120.58815')"
1435,新北市中和區景平路666號2樓,"('25.000795', '121.497447')"
1436,台北巿中正區愛國東路22號14樓,"('25.034257', '121.51775')"
1437,台北市大安區忠孝東路4段320號9樓,"('25.041137', '121.557295')"
1438,桃園市中壢區民族路6段638號2樓,"('24.964612', '121.152569')"
1439,台北市信義區忠孝東路四段557之1號19樓,"('25.041759', '121.563268')"
1440,台南市東區裕農路511號,"('22.988693', '120.233033')"
1441,台北市松山區南京東路三段346號3樓,"('25.051589', '121.548049')"
1442,新北市五股區成泰路一段189巷16號5樓,"('25.076711', '121.433928')"
1443,台北市大同區西寧北路70號6樓,"('25.053839', '121.508619')"
1444,104台北市松江路162號11樓,"('23.975744', '120.979772')"
1445,台北市西寧北路62-5號7樓,"('25.053017', '121.508494')"
1446,台南市永康區中山南路473號,"('23.022362', '120.248542')"
1447,104台北市松江路162號6樓,"('23.975744', '120.979772')"
1449,台南市新市區三舍里207號,"('23.07894053', '120.2950867')"
1451,苗栗縣後龍鎮東明里下浮尾119-3號,"('24.62655', '120.799662')"
1452,台北市塔城街66號6樓,"('25.05314', '121.510175')"
1453,台北市敦化南路二段71號6樓,"('25.030362', '121.549164')"
1454,台北市西寧北路70-1號8樓,"('25.053975', '121.508656')"
1455,台北市西寧北路七十號二樓,"('25.052113', '121.508631')"
1456,台北市內湖區內湖路一段392號12樓之1,"('25.08069', '121.572891')"
1457,台北市內湖區瑞光路607號7樓,"('25.0802577', '121.5646372')"
1459,台北市環河北路1段73號5樓之5,"('25.052843', '121.507416')"
1460,台南市山上區明和里256號,"('23.10364324', '120.3523796')"
1463,桃園市大園區大工路一二六號,"('25.072965', '121.17771')"
1464,台南市新市區三舍里240號,"('23.07894053', '120.2950867')"
1465,台北市西寧北路62-5號7樓之1,"('25.053017', '121.508494')"
1466,彰化縣埔鹽鄉永樂村番金路94號,"('23.9984744', '120.4279531')"
1467,717台南市仁德區新田里義林路126號,"('23.975744', '120.979772')"
1468,桃園縣蘆竹鄉南崁路一段277號,"('25.053322', '121.283062')"
1470,北市塔城街64號4樓,"('25.052934', '121.5102')"
1471,新北市五股區五權七路18號3樓,"('25.066534', '121.448377')"
1472,台北市大同區西寧北路62-5號9樓,"('25.053017', '121.508494')"
1473,台南市歸仁區中山路三段320號,"('22.968636', '120.280255')"
1474,彰化縣伸港鄉全興工業區工西一路60號,"('24.1683112', '120.5079188')"
1475,桃園市中壢區西園路138號(2樓),"('24.981833', '121.234069')"
1476,新北市五股區五權路28號,"('25.066764', '121.450581')"
1477,台北市忠孝東路四段550號8樓,"('25.041055', '121.563095')"
1503,台北市中山北路六段88號16樓,"('25.104983', '121.52497')"
1504,台北市南港區三重路19-9號5樓,"('25.058084', '121.613893')"
1506,台南市仁德區大甲里中正西路1015號,"('22.922187', '120.200122')"
1507,台北市復興北路99號11樓,"('25.052842', '121.544234')"
1512,高雄市仁武區高楠公路廿二號,"('22.705236', '120.324055')"
1513,新北市中和區中正路801號3樓,"('25.00099', '121.484715')"
1514,台北市南港區三重路19-11號12樓,"('25.058266', '121.613908')"
1515,台中市大里區仁化路261號,"('24.094107', '120.71397')"
1516,台北市信義區光復南路495號6樓之5,"('25.03249', '121.557848')"
1517,彰化縣彰化市石牌里石牌路一段112號,"('24.0572102', '120.6149941')"
1519,桃園市中壢區吉林路10號,"('24.97886', '121.240918')"
1521,台南市新信路11號,"('22.972156', '120.180266')"
1522,台南市新樂路72之2號,"('22.969274', '120.173644')"
1524,338桃園市蘆竹區內溪路48號,"('23.975744', '120.979772')"
1525,桃園市楊梅區新江路100號,"('24.896688', '121.141376')"
1526,桃園市蘆竹區海山中街51號,"('25.107224', '121.26037')"
1527,台中市工業區36路24號,"('24.172547', '120.590644')"
1528,台北市中山北路6段88號5樓,"('25.104983', '121.52497')"
1529,台南市北區成功路114號7樓之1,"('22.998777', '120.205416')"
1530,新竹縣新埔鎮文山里關埔路水車頭段629號,"('24.821963', '121.06509')"
1531,台北市松山區105民生東路三段128號11樓,"('25.04987786', '121.5772327')"
1532,台北市106大安區仁愛路四段八十五號四樓,"('24.98972977', '121.57004896')"
1533,台中市大雅區中清路4段85號,"('24.226807', '120.643122')"
1535,高雄市前鎮區806民權二路八號八樓,"('22.58656748', '120.31836792')"
1536,台中市大里區仁化路115號,"('24.091987', '120.72161')"
1537,南投市自立三路6號,"('23.931353', '120.66321')"
1538,320 桃園市中壢區大圳路三段93號,"('24.982867', '121.186328')"
1539,台中市太平區中南路135號,"('24.121831', '120.713588')"
1540,台中縣神岡鄉中山路1056號,"('24.254995', '120.672995')"
1541,台中市后里區南村路41號,"('24.294645', '120.722463')"
1558,台中市太平區永成路78號,"('24.115826', '120.708647')"
1560,新北市鶯歌區中山路64號,"('24.957727', '121.35169')"
1568,62154嘉義縣民雄鄉福樂村中山路18號,"('23.975744', '120.979772')"
1582,新北市中和區建康路168號9樓,"('25.000139', '121.491136')"
1583,台中市西屯區協和里工業區五路十三號,"('24.165237', '120.608003')"
1587,(52861)彰化縣芳苑鄉後寮村工區路28號,"('23.975744', '120.979772')"
1589,台北市內湖區新湖一路93號4樓,"('25.05858', '121.576055')"
1590,台北市民生東路三段129號4樓,"('25.057978', '121.547648')"
1592,台南市安平區慶平路573號10樓,"('22.997511', '120.169768')"
1598,(104)台北市中山區松江路111號12樓,"('23.975744', '120.979772')"
1603,台北市中山區中山北路三段58號4樓,"('25.071917', '121.523525')"
1604,桃園市龜山區大華里頂湖26-3號,"('24.99267322', '121.3377571')"
1605,台北市信義區松智路1號25樓,"('25.038787', '121.566065')"
1608,高雄巿前金區中正四路170號,"('22.629358', '120.29495')"
1609,台南市關廟區中山路二段249號,"('22.961543', '120.316082')"
1611,台北市敦化北路170號6樓B室,"('25.056672', '121.548541')"
1612,桃園市328觀音區樹林里國建一路2號,"('24.99304812', '121.30107123')"
1614,台北市中山區松江路266號10F,"('25.059342', '121.53292')"
1615,雲林縣斗六市雲林路三段369號,"('23.691872', '120.51364')"
1616,台北市中正區仁愛路二段九十一巷一號一樓,"('25.038579', '121.53172')"
1617,台南市仁德區中正路三段231號,"('22.97828909', '120.254628')"
1618,台北市忠孝東路一段85號19樓,"('25.044216', '121.526693')"
1626,台南市新忠路11號,"('22.979056', '120.182546')"
1701,北市中正區襄陽路二十三號,"('25.04349', '121.515223')"
1702,台北市延平北路四段100號,"('25.071558', '121.510752')"
1707,桃園市平鎮區金陵路二段402號,"('24.933839', '121.225073')"
1708,台北市敦化南路2段99號23樓,"('25.028826', '121.549162')"
1709,台北市南京東路二段二Ｏ六號十四樓,"('25.052058', '121.530085')"
1710,台北市復興北路101號13樓,"('25.05299', '121.544245')"
1711,台北市敦化南路二段77號5~6樓,"('25.030195', '121.549291')"
1712,臺中市大肚區南榮路101號1樓,"('24.111764', '120.580456')"
1713,台北市忠孝東路四段320號12樓,"('25.041137', '121.557295')"
1714,高雄市仁武區竹後里竹工二巷1號,"('22.70094241', '120.34799005')"
1717,高雄市三民區建工路578號,"('22.650149', '120.323951')"
1718,高雄市大社區經建路8號,"('22.725984', '120.338966')"
1720,台南市新營區土庫里土庫6-20號,"('23.322095', '120.339622')"
1721,台中市西區中興街229號5樓,"('24.151924', '120.662829')"
1722,台北市南京東路二段88號六樓,"('25.051782', '121.530985')"
1723,高雄市前鎮區成功二路88號25樓,"('22.60474235', '120.30187471')"
1724,桃園市桃園區中正路1071號19樓,"('25.01633', '121.29786')"
1725,台北市民生東路四段五十四號三樓之三,"('25.057779', '121.551012')"
1726,高雄市小港區沿海三路26、28號,"('22.52949', '120.372579')"
1727,桃園市觀音區樹林里工業五路15號,"('25.055909', '121.11658')"
1730,台北市承德路三段230號13樓,"('25.072374', '121.5185')"
1731,台北市復興北路167號5樓,"('25.053901', '121.544285')"
1732,新竹縣湖口鄉勝利村實踐路19號,"('24.86647', '121.01622')"
1733,新竹科學園區新竹巿力行五路七號,"('24.76531', '121.019187')"
1734,宜蘭縣冬山鄉中山村中山路八十四號,"('24.634263', '121.752163')"
1735,南投市南崗工業區工業南二路七號,"('23.91152368', '120.68738437')"
1736,台中市大雅區東大路二段999號,"('24.233936', '120.613357')"
1737,台南市南區健康路一段297號,"('22.981123', '120.212102')"
1760,台北市南港區園區街3號16F(F棟),"('25.058954', '121.612182')"
1762,新北市樹林區東興街一號,"('24.978673', '121.410047')"
1773,高雄市永安區永工一路5號,"('22.811707', '120.253955')"
1776,新竹縣湖口鄉鳳凰村光復路71號,"('24.863123', '121.020184')"
1783,桃園市龜山區科技一路88號,"('25.053303', '121.375442')"
1786,(80681)高雄市前鎮區高雄加工出口區南六路9號,"('23.975744', '120.979772')"
1789,南部科學工業園區台南市善化區南科八路一號,"('23.975744', '120.979772')"
1795,臺北市信義區松仁路277號17樓,"('25.024324', '121.569816')"
1802,台北市松山區南京東路三段261號台玻大樓11樓,"('25.052024', '121.545138')"
1805,台北市內湖區新湖一路218號,"('25.061532', '121.580984')"
1806,苗栗縣竹南鎮大埔里竹篙厝200-7號,"('24.706476', '120.888412')"
1808,台北市中山區樂群二路267號8樓,"('25.080121', '121.560319')"
1809,新竹縣竹東鎮中興路四段一三六號,"('24.773838', '121.048977')"
1810,台北市內湖區行善路398號1樓,"('25.063081', '121.584571')"
1817,新北市三重區興德路111-8號7樓,"('25.054235', '121.471164')"
1902,台南市新營區南紙街94號,"('23.297885', '120.293411')"
1903,台北市士林區福德路31號,"('25.091944', '121.524748')"
1904,板橋區民生路一段一號,"('25.011152', '121.478813')"
1905,臺北市重慶南路二段51號,"('25.031218', '121.514914')"
1906,雲林縣斗六市十三北路25號,"('23.75052786', '120.56910595')"
1907,台北市重慶南路二段51號,"('25.031218', '121.514914')"
1909,彰化縣二林鎮廣興里廣興巷1-1號,"('23.8651762', '120.3619078')"
2002,高市小港區中鋼路1號,"('22.554571', '120.348305')"
2006,台北市長安東路一段九號六樓,"('25.049833', '121.522419')"
2007,高雄市岡山區白米里寶米路369號,"('22.768992', '120.275083')"
2008,高雄市中華一路318號,"('22.66458', '120.292136')"
2009,高雄巿前金區中正四路170號4樓,"('22.629358', '120.29495')"
2010,台北市復興北路502號7樓,"('25.065581', '121.544129')"
2012,高雄市岡山區大寶街100號(總部地址:高雄市岡山區新樂街169號),"('22.807982', '120.289947')"
2013,高雄市燕巢區中興路500號,"('22.77928235', '120.36065471')"
2014,825高雄市橋頭區芋寮路317號,"('23.975744', '120.979772')"
2015,台中市后里區甲后路一段998號,"('24.31058818', '120.71398791')"
2017,台南市南區新建路47號4樓,"('22.966965', '120.185542')"
2020,台北市中山區民權東路3段二之1號12樓,"('25.06216', '121.537882')"
2022,高雄市岡山區新樂街79-1號,"('22.804962', '120.294296')"
2023,高雄市橋頭區芋寮路369號,"('22.763726', '120.275531')"
2024,桃園市新屋區中興路480號,"('24.96313', '121.094614')"
2025,台南市麻豆區小埤里工業路222號,"('23.188663', '120.233487')"
2027,台南市仁德區新田二街125號,"('22.959809', '120.26622')"
2028,台南市官田區南部里南部123號,"('23.225773', '120.310398')"
2029,高雄市小港區中林路11號,"('22.537435', '120.367413')"
2030,雲林縣斗六市工業區工業路122號,"('23.69696305', '120.52693262')"
2031,新北市三重區重新路4段97號25樓,"('25.054786', '121.485784')"
2032,新北市新莊區大安路8號,"('25.005692', '121.432042')"
2033,台南市永康區鹽行里中正北路三一七巷十六號,"('23.043919', '120.247613')"
2034,彰化縣溪州鄉舊眉村中山路四段二七０號,"('23.8632227', '120.5083824')"
2038,高雄市小港區沿海二路12號,"('22.550437', '120.365742')"
2049,台中市南屯區文山里精科路7號,"('24.145932', '120.602085')"
2059,高雄市路竹區順安路275巷136號,"('22.837104', '120.24315')"
2062,台中市市政路386號22樓~23樓,"('24.158814', '120.640248')"
2069,高雄市前金區中正四路235號13樓之一,"('22.628081', '120.292828')"
2101,台北市大安區仁愛路三段136號6樓608室,"('25.037528', '121.541412')"
2102,桃園市中壢區中華路二段369號,"('24.959024', '121.234403')"
2103,高雄市大社區興工路2號,"('22.725081', '120.340059')"
2104,台北市中山北路二段113號8樓,"('25.060594', '121.523201')"
2105,彰化縣大村鄉黃厝村美港路215號,"('23.9828575', '120.574845')"
2106,彰化縣員林市中山路一段一四六號,"('23.9445594', '120.563085')"
2107,臺北市漢口街一段82號8樓,"('25.045131', '121.512192')"
2108,高雄市林園區工業一路九號,"('22.512553', '120.405322')"
2109,彰化縣大村鄉村上村中山路二段300號,"('23.99348213', '120.54708318')"
2114,南投市南崗工業區南崗三路294號,"('23.91152368', '120.68738437')"
2115,"The Grand Pavilion Commercial Centre, Oleander Way, 802 West","('53.4521208', '-2.9367865')"
2201,苗栗縣三義鄉西湖村伯公坑39號之1,"('24.379675', '120.745967')"
2204,台北市敦化南路二段二號十一樓,"('25.03303', '121.548367')"
2206,新竹縣湖口鄉鳳山村中華路3號,"('24.865656', '121.003465')"
2207,台北市中山區松江路121號8~14樓,"('25.052678', '121.533229')"
2208,高雄市小港區中鋼路3號,"('22.561139', '120.356568')"
2227,苗栗縣三義鄉西湖村伯公坑三十九號之二,"('24.379675', '120.745967')"
2228,(221)新北市汐止區新台五路一段98號19樓,"('23.975744', '120.979772')"
2231,彰化縣福興鄉番婆村彰鹿路六段546巷6號,"('24.0472937', '120.4589902')"
2233,台中市梧棲區經二路59號,"('24.246371', '120.513239')"
2236,台北市中山區南京東路二段137號14樓,"('25.052223', '121.535076')"
2239,彰化縣彰化市中山路二段349號8樓,"('24.074442', '120.5434769')"
2243,24447新北市林口區文化一路一段86號2樓,"('23.975744', '120.979772')"
2301,台北市內湖區瑞光路392號22樓,"('25.077824', '121.57124')"
2302,新北市土城區中山路71號,"('24.965854', '121.42702')"
2303,新竹科學園區新竹市力行二路三號,"('24.771692', '121.019628')"
2305,新竹市科學工業園區工業東三路六號,"('24.81635142', '120.97034202')"
2308,台北市內湖區瑞光路186號,"('25.074215', '121.578099')"
2312,(105)臺北市南京東路五段99號10樓,"('23.975744', '120.979772')"
2313,桃園市蘆竹區新莊里大新路814巷91號,"('25.025814', '121.241951')"
2314,新竹市科學園區創新二路一號,"('24.779785', '120.997379')"
2316,高雄市楠梓加工出口區開發路37號,"('22.64767612', '120.29984892')"
2317,新北市土城區自由街2號,"('24.96613771', '121.42098509')"
2321,新竹市科學園區研發二路23號,"('24.780327', '120.999273')"
2323,台北市中山區民權西路53號15樓,"('25.063087', '121.520503')"
2324,台北市內湖區瑞光路581號及581之1號,"('25.079756', '121.567868')"
2327,新北市新店區寶橋路233-1號3樓,"('24.97929', '121.551744')"
2328,新北市新店區安興路97號,"('24.976885', '121.514361')"
2329,高雄市楠梓加工出口區中三街9號,"('22.64767612', '120.29984892')"
2330,新竹科學園區力行六路8號,"('23.975744', '120.979772')"
2331,台北市內湖區堤頂大道二段239號,"('25.07821', '121.566863')"
2332,台北市內湖區新湖三路289號,"('25.066109', '121.583311')"
2337,新竹科學園區新竹巿力行路16號,"('24.766896', '121.023583')"
2338,新竹市科學園區創新一路十一號,"('24.81635142', '120.97034202')"
2340,新竹科學園區創新一路8號,"('23.975744', '120.979772')"
2342,新竹市科學園區研新一路一號,"('24.777268', '120.988677')"
2344,台中市大雅區中部科學園區科雅一路8號,"('24.22898385', '120.64768062')"
2345,新竹市科學工業園區研新三路一號,"('24.81635142', '120.97034202')"
2347,台北市民生東路3段75號4樓,"('25.058046', '121.543799')"
2348,台北市松山區敦化北路260號7樓,"('25.060973', '121.550009')"
2349,新竹縣湖口鄉光復北路42號,"('24.872703', '121.022832')"
2351,彰化市大竹里彰南路二段260號,"('24.0835119', '120.5827353')"
2352,桃園市龜山區山鶯路157號,"('24.988508', '121.325733')"
2353,台北市松山區復興北路369號7樓之5,"('25.06244', '121.544756')"
2354,新北市土城區中山路3-2號,"('24.961276', '121.41268')"
2355,桃園縣蘆竹鄉內厝村3鄰內厝街46號,"('25.059828', '121.285665')"
2356,北市後港街六十六號,"('25.085542', '121.522197')"
2357,台北市北投區立德路15號,"('25.12496', '121.47139')"
2358,台南市仁德區保安路一段68號,"('22.92548409', '120.226519')"
2359,台北市內湖區行忠路四十二號6樓,"('25.065345', '121.577763')"
2360,桃園市龜山區華亞一路66號,"('25.040254', '121.373107')"
2362,新北市三重區興德路129號,"('25.053127', '121.470332')"
2363,新竹市公道五路二段180號,"('24.800361', '121.004062')"
2364,臺北市內湖區瑞光路550號11樓,"('25.079732', '121.567078')"
2365,新北市三重區重新路五段492號1-8樓,"('25.046855', '121.473541')"
2367,新北市土城區中山路4巷3號,"('24.959602', '121.413457')"
2368,桃園市中壢區西園路113號,"('24.98493692', '121.23682954')"
2369,台中市潭子區南二路五之一號,"('24.216966', '120.703302')"
2371,台北市中山北路3段22號,"('25.064512', '121.521738')"
2373,台北市信義路五段二號十五樓,"('25.032838', '121.55985')"
2374,新北市新莊區中環路三段200號18樓,"('25.054651', '121.442709')"
2375,新北市汐止區新台五路一段81號13樓,"('25.061158', '121.646355')"
2376,新北市新店區寶強路六號,"('24.978789', '121.543241')"
2377,新北市中和區立德街69號,"('25.007714', '121.487451')"
2379,新竹科學園區創新二路2號,"('23.975744', '120.979772')"
2380,新竹縣新竹科學園區研新一路二十號,"('24.775977', '120.988098')"
2382,桃園市龜山區文化里文化二路188號,"('25.048411', '121.374453')"
2383,桃園巿觀音區觀音工業區大同一路18號,"('25.047377', '121.129574')"
2385,新北市三重區光復路二段69號,"('25.056943', '121.47225')"
2387,台中市大雅區昌平路四段475號,"('24.226521', '120.670437')"
2388,新北市新店區中正路535號8樓,"('24.985921', '121.533425')"
2390,新北市土城區中華路一段50號3樓,"('24.988956', '121.445921')"
2392,新北市土城區中山路18號,"('24.962315', '121.418985')"
2393,新北市樹林區中華路6之8號,"('24.983974', '121.424144')"
2395,台北市內湖區瑞光路26巷20弄1號,"('25.069381', '121.58253')"
2397,新北市汐止區環河街100號,"('25.060031', '121.62982')"
2399,新北市新店區民權路108-2號2樓,"('24.983589', '121.535868')"
2401,新竹縣科學工業園區創新一路十九號,"('24.70515216', '121.20134653')"
2402,桃園市龜山區華亞二路268號,"('25.04377', '121.37403')"
2404,台北縣新店市寶高路7巷3號5樓,"('24.978242', '121.551784')"
2405,台北市內湖區瑞光路76巷30號,"('25.070696', '121.580543')"
2406,新竹縣湖口鄉工業一路3號,"('24.872031', '121.026476')"
2408,新北市泰山區大科里南林路98號,"('25.045297', '121.413369')"
2409,新竹市科學園區力行二路一號,"('24.773111', '121.019696')"
2412,台北市信義路一段二十一之三號,"('25.036445', '121.523015')"
2413,台中市工業區27路3號,"('24.163997', '120.600431')"
2414,台北市內湖區新湖二路236號3樓,"('25.064405', '121.582088')"
2415,台北市中正區忠孝西路一段4號8樓,"('25.045747', '121.518491')"
2417,新北市中和區建一路135號,"('25.001128', '121.488236')"
2419,新竹科學工業園區新竹市力行一路1-8號,"('23.975744', '120.979772')"
2420,新北市新店區民權路50號10樓,"('24.983129', '121.539329')"
2421,高雄市前鎮區新衙路296巷30號,"('22.582229', '120.314403')"
2423,新北市土城區中興路7之1號,"('24.964369', '121.42375')"
2424,台北市松山區八德路三段32號15樓,"('25.048127', '121.551673')"
2425,新北市新店區民權路48-3號3樓,"('24.983286', '121.539539')"
2426,新竹科學園區苗栗縣竹南鎮科中路15號,"('24.710263', '120.914166')"
2427,北市信義路五段150巷2號4樓之3,"('25.028174', '121.570897')"
2428,高雄市三民區民族一路373巷21號,"('22.654198', '120.314068')"
2429,桃園市中壢區中壢工業區自強四路九號,"('24.972452', '121.240663')"
2430,台北市內湖區堤頂大道一段331號3樓,"('25.062822', '121.572948')"
2431,台北市內湖區南京東路六段501號11樓,"('25.061789', '121.58863')"
2433,臺北市信義區信義路5段2號12樓,"('25.032838', '121.55985')"
2434,台南市新市區中山路76號,"('23.077077', '120.300771')"
2436,新竹縣科學工業園區工業東九路24號2樓,"('24.70515216', '121.20134653')"
2438,桃園市龜山區舊路里東舊路街118巷11號,"('25.013694', '121.369995')"
2439,台中市南屯區寶山里工業區23路22號,"('24.16173', '120.604637')"
2440,新竹縣芎林鄉五龍村五和街226號,"('24.735818', '121.125184')"
2441,苗栗縣竹南鎮公義路136號,"('24.696518', '120.882409')"
2442,台北市114內湖區陽光街300號7樓,"('24.98972977', '121.57004896')"
2443,新竹縣湖口鄉民生街336號,"('24.904669', '121.05174')"
2444,新竹市科學園區研發二路21號1樓,"('24.780327', '120.999273')"
2448,新竹科學園區新竹市力行路21號,"('24.763591', '121.024197')"
2449,新竹市公道五路二段81號,"('24.797693', '121.007487')"
2450,新北市新店區中正路531號2樓,"('24.985765', '121.533124')"
2451,台北市內湖區行忠路70號,"('25.066582', '121.580812')"
2453,台北市峨眉街115號6樓,"('25.044435', '121.503706')"
2454,新竹科學工業園區新竹市篤行一路1號,"('23.975744', '120.979772')"
2455,桃園市平鎮區工業一路16號,"('24.905493', '121.203286')"
2456,新竹縣湖口鄉德興路301巷29號,"('24.914683', '121.041327')"
2457,桃園市龜山區復興三路568號,"('25.039763', '121.372482')"
2458,新竹科學工業園區新竹縣創新一路十二號,"('23.975744', '120.979772')"
2459,臺北市內湖路1段120巷8號,"('25.082906', '121.562903')"
2460,高雄市路竹區大同路513巷138號,"('22.853289', '120.271042')"
2461,新竹市科學工業園區力行六路一號,"('24.81635142', '120.97034202')"
2462,(22206)新北市深坑區北深路三段272號,"('23.975744', '120.979772')"
2464,新竹市科學工業園區研發二路3號,"('24.81635142', '120.97034202')"
2465,新北市中和區建一路166號18樓,"('24.997813', '121.487791')"
2466,新北市中和區建八路2號9樓,"('24.998336', '121.486155')"
2467,新北市林口區工二工業區工八路2-1號,"('25.078377', '121.402513')"
2468,台北市內湖區行愛路78巷25號6樓,"('25.061856', '121.580206')"
2471,台北市中山北路2段111號3樓,"('25.060164', '121.523144')"
2472,台中市大里區國光路一段147號,"('24.098135', '120.682994')"
2474,台南市永康區仁愛街398號,"('23.052264', '120.243381')"
2476,桃園市新屋區九斗里8鄰九洲路1號,"('24.962307', '121.140644')"
2477,桃園市桃園區幸福路99號,"('25.027974', '121.30161')"
2478,桃園市蘆竹區山鼻里3鄰南山路二段470巷26號1樓,"('25.074039', '121.288842')"
2480,新竹市東大路二段83號12F之1,"('24.813458', '120.967535')"
2481,高雄市岡山區岡山北路24號,"('22.809107', '120.284332')"
2482,新北市土城區自強街15巷1號1樓,"('24.970805', '121.430606')"
2483,台中市南屯區工業區25路20號,"('24.160865', '120.601109')"
2484,427台中市潭子區中山路三段111巷1-1號,"('23.975744', '120.979772')"
2485,新北市中和區員山路512號7樓,"('25.009031', '121.479297')"
2486,新北市新莊區五工五路17號,"('25.063519', '121.45451')"
2488,台南市仁德區中正路三段256號,"('22.978659', '120.255477')"
2489,新北市中和區連城路268號17樓,"('24.996619', '121.486837')"
2491,新北市新店區中正路54巷6號,"('24.970421', '121.544847')"
2492,台北市松智路1號24樓,"('25.038787', '121.566065')"
2493,台北市信義區松德路171號17樓,"('25.035865', '121.574802')"
2495,新北市中和區中山路三段102號8樓,"('25.005965', '121.476878')"
2496,新竹科學園區苗栗縣竹南鎮科中路11號2樓,"('24.712069', '120.91416')"
2497,彰化縣伸港鄉溪底村工東一路37號,"('24.1648756', '120.5125552')"
2498,桃園市桃園區興華路23號,"('24.97587', '121.32728')"
2499,新北市三重區光復路一段88-8號10樓,"('25.050552', '121.471127')"
2501,台北市敦化南路二段218號2樓,"('25.021888', '121.548284')"
2504,台北市內湖區新湖一路8號7樓,"('25.058443', '121.57441')"
2505,台北市忠孝東路4段555號18樓,"('25.041553', '121.562995')"
2506,台北市信義區光復南路495號,"('25.03249', '121.557848')"
2509,台北市內湖區新湖二路329號6樓,"('25.06455', '121.583174')"
2511,臺南市東區中華東路1段398號8樓,"('22.990091', '120.2327')"
2514,台北市中正區忠孝西路一段50號9樓,"('25.046308', '121.515803')"
2515,北市松山區東興路12號6樓,"('25.049941', '121.565081')"
2516,臺北市八德路四段760號15-16樓,"('25.050147', '121.579146')"
2520,台北市大安區和平東路三段131號2樓,"('25.024716', '121.552085')"
2524,高雄市左營區博愛二路150號16樓,"('22.659131', '120.303335')"
2527,台北市基隆路一段420號10樓,"('25.03409', '121.559912')"
2528,桃園市桃園區文中路747號6樓,"('24.99289', '121.27507')"
2530,台北市內湖區成功路五段460號16樓,"('25.074091', '121.606528')"
2534,台北市民生東路三段156號19樓之5,"('25.057431', '121.547657')"
2535,台北市大安區敦化南路二段92號9樓,"('25.028399', '121.548397')"
2536,台北市大安區敦化南路二段71號21樓,"('25.030362', '121.549164')"
2537,台北市信義區忠孝東路五段68號36樓,"('25.04068077', '121.56688392')"
2538,台北市中正區衡陽路五十一號十樓,"('25.042408', '121.512154')"
2539,台中市西區臺灣大道二段239號4樓,"('24.15267', '120.66672')"
2540,台北市大安區忠孝東路四段166號11樓之2,"('25.041319', '121.550487')"
2542,台北市中山區樂群二路267號10樓,"('25.080121', '121.560319')"
2543,台北市中正區重慶南路3段180號,"('25.02289', '121.516626')"
2545,台北市博愛路38號8樓,"('25.045911', '121.511203')"
2546,106台北市和平東路三段131號6樓,"('23.975744', '120.979772')"
2547,台北市大同區市民大道一段209號14樓,"('25.049136', '121.517388')"
2548,台北市信義路四段456號7樓,"('25.032842', '121.558238')"
2597,台北市中山區八德路二段308號10樓,"('25.047153', '121.542551')"
2601,台北市復興南路二段237號14樓,"('25.025838', '121.543673')"
2603,台北市中山區民生東路二段166號,"('25.057731', '121.534159')"
2605,台北市大安區復興南路一段368號14樓,"('25.034921', '121.543352')"
2606,台北市敦化南路二段207號29樓,"('25.026038', '121.549202')"
2607,桃園市桃園區經國路899號,"('25.03268492', '121.30019956')"
2608,台北市中正區新生南路一段50號14樓,"('25.042049', '121.532552')"
2609,基隆市七堵區明德一路271號,"('25.094578', '121.711035')"
2610,桃園市大園區航站南路一號,"('25.068366', '121.221865')"
2611,台北市中山區建國北路二段33號12樓,"('25.055075', '121.537225')"
2612,台北市濟南路一段15號9樓,"('25.042611', '121.522315')"
2613,新北市汐止區大同路三段二七五號,"('25.076011', '121.675221')"
2614,台北市復興南路一段368號8樓,"('25.034921', '121.543352')"
2615,台北市松江路136號10樓,"('25.053154', '121.532807')"
2616,新北市板橋區民生路一段1-2號1樓,"('25.011637', '121.47636')"
2617,台北市濟南路二段29號2~6樓,"('25.041106', '121.528615')"
2618,桃園市蘆竹區新南路一段376號,"('25.040975', '121.297631')"
2630,台南市仁德區仁愛里機場路1050號,"('22.949234', '120.216911')"
2633,(11568)台北市南港區經貿二路66號13樓,"('23.975744', '120.979772')"
2634,台中市西屯區漢翔路1號,"('24.18527', '120.646337')"
2636,台北市信義區忠孝東路四段 563 號 12樓,"('25.041617', '121.543757')"
2637,"Clifton House, 75 Fort Street, PO Box 1350, Grand Cayman KY1","('19.2971038', '-81.3833114')"
2642,新北市中和區圓通路288號,"('24.989634', '121.490737')"
2701,台北市峨嵋街52號,"('25.043859', '121.505379')"
2702,高雄市前金區六合二路279號,"('22.629228', '120.291046')"
2704,台北市中山北路二段63號,"('25.056881', '121.523')"
2705,新竹縣關西鎮仁安里拱子溝六十號,"('24.805218', '121.186618')"
2706,台北市南京東路二段六十三號,"('25.052281', '121.530217')"
2707,台北市中山北路2段39巷3號1-20樓,"('25.054133', '121.524362')"
2712,974花蓮縣壽豐鄉鹽寮村山嶺18號,"('23.975744', '120.979772')"
2722,屏東縣恆春鎮省北路40巷2弄15號,"('22.01038', '120.745172')"
2723,台中市南屯區工業23路35號,"('24.157291', '120.603584')"
2727,臺中市西區臺灣大道二段218號29樓,"('24.152105', '120.669096')"
2731,台北市內湖區石潭路151號9樓,"('25.063877', '121.589311')"
2739,台北市中正區忠孝東路一段12號,"('25.044948', '121.522053')"
2748,新北市新莊區五工路66號6樓,"('25.06381767', '121.45870212')"
2801,臺中市自由路二段三八號,"('24.139562', '120.682099')"
2809,台南市西門路一段506號,"('22.984443', '120.19777')"
2812,台中市民權路87號,"('24.137522', '120.680012')"
2816,台北巿大安區忠孝東路四段219號12樓,"('25.041682', '121.552496')"
2820,台北市內湖區堤頂大道二段99號4樓,"('25.076662', '121.571235')"
2823,台北市敦化北路122號5樓,"('25.05419', '121.548508')"
2832,臺北市館前路49號8樓,"('25.044981', '121.515127')"
2834,台北市塔城街三十號,"('25.048851', '121.510273')"
2836,高雄市左營區博愛二路168號,"('22.659448', '120.303421')"
2838,台北市松山區民生東路三段109號1、2樓,"('25.058077', '121.545174')"
2841,台北市衡陽路51號14樓之1,"('25.042408', '121.512154')"
2845,"台北市敦化南路二段207號26, 27樓","('25.0265172', '121.5471086')"
2849,臺北市信義區信義路五段7號16樓、40樓及41樓,"('25.033424', '121.564756')"
2850,台北市建國北路二段十三號十一樓,"('25.053754', '121.537243')"
2851,台北市南京東路二段53號12樓,"('25.052322', '121.529629')"
2852,台北市中正區忠孝東路一段五十四號,"('25.04472', '121.523043')"
2855,台北市東興路8號1樓,"('25.050111', '121.56494')"
2867,臺北市信義路五段150巷2號6樓,"('25.028174', '121.570897')"
2880,台北市信義區松仁路123號,"('25.03455', '121.568595')"
2881,台北市建國南路一段237號,"('25.037318', '121.538465')"
2882,台北市仁愛路四段296號,"('25.037404', '121.553567')"
2883,台北市南京東路五段125號12樓,"('25.051749', '121.561001')"
2884,台北市松山區民生東路3段117號14樓及115號1樓,"('25.058064', '121.546396')"
2885,台北市松山區敦化南路1段66號6樓、10樓、12樓及13樓,"('25.047358', '121.548445')"
2886,台北市忠孝東路二段123號14至17樓、20至21樓,"('25.042791', '121.532465')"
2887,台北市大安區仁愛路4段118號12、13、15、16、21、22及23樓,"('25.037507', '121.549947')"
2888,台北市中正區忠孝西路一段66號38樓,"('25.046232', '121.515294')"
2889,台北市南京東路二段167號4樓、10樓,"('25.052243', '121.53614')"
2890,台北市中山區八德路二段306號3樓及5至13樓,"('25.047122', '121.542469')"
2891,臺北市南港區經貿二路168號27樓、29樓,"('25.058816', '121.616525')"
2892,台北市重慶南路一段30號,"('25.045622', '121.513084')"
2897,(114)台北市內湖區堤頂大道二段九十九號,"('23.975744', '120.979772')"
2901,台北市林森北路247號,"('25.054139', '121.525557')"
2903,新北市板橋區新站路16號18樓,"('25.01301622', '121.46699686')"
2904,台北市民生東路三段一三一號五樓,"('25.057974', '121.547887')"
2905,台北市建國北路二段145號,"('25.061276', '121.537327')"
2906,台北市105敦化北路201號6樓,"('24.98972977', '121.57004896')"
2908,台北市內湖區新湖三路23號6樓,"('25.062433', '121.574193')"
2910,台北市大安區忠孝東路四段197號10樓之6,"('25.04171', '121.551592')"
2911,台北市內湖區陽光街321巷60號,"('25.07172', '121.577105')"
2912,台北市東興路65號2樓,"('25.047021', '121.566605')"
2913,台北市南港區115南港軟體工業園區F棟園區街3號15樓,"('25.05452697', '121.60679267')"
2915,台北市八德路二段三０八號十三樓之一,"('25.047153', '121.542551')"
2923,新北市汐止區康寧街751巷1號(台北聯絡處),"('25.075266', '121.637855')"
2929,台北市內湖區新湖一路97號2樓,"('25.058506', '121.576247')"
2936,臺中市北屯區北屯路360號7樓之1,"('24.175303', '120.699569')"
2939,新北市永和區永和路二段59號8樓,"('25.011072', '121.514635')"
3002,台北市內湖區內湖路一段88號5樓,"('25.083418', '121.562881')"
3003,彰化縣線西鄉彰濱東三路8號,"('24.132928', '120.4309271')"
3004,桃園市平鎮區太平東路5號,"('24.903723', '121.251037')"
3005,新竹科學園區新竹縣研發二路1號4樓,"('24.775672', '120.999919')"
3006,新竹科學園區新竹市工業東四路23號,"('24.775012', '121.009303')"
3008,台中市南屯區精科路11號,"('24.14731', '120.603081')"
3010,高雄市前金區中正四路235號10樓,"('22.628081', '120.292828')"
3011,新北市新店區寶興路53號,"('24.972823', '121.549773')"
3013,台北市內湖區民權東路六段27號2~6F,"('25.068771', '121.583188')"
3014,新竹縣新竹科學園區創新一路13號3樓,"('24.775798', '120.99719')"
3015,桃園市桃園區建國東路22號,"('24.986086', '121.322191')"
3016,新竹市科學工業園區篤行一路10號,"('24.81635142', '120.97034202')"
3017,高雄市前鎮區新生路248之27號,"('22.575313', '120.317248')"
3018,新北市中和區橋和路122號7樓,"('25.005856', '121.492715')"
3019,台中市潭子區台中加工出口區南二路22-3號,"('24.217781', '120.701269')"
3021,台北市東興路59號6樓,"('25.047507', '121.566704')"
3022,新北市汐止區中興路29號,"('25.061352', '121.634951')"
3023,苗栗市國華路582號,"('24.5751', '120.817933')"
3024,桃園市中壢區中園路198號,"('24.986932', '121.239521')"
3025,新竹科學工業園區新安路八號七樓,"('23.975744', '120.979772')"
3026,台北市內湖區環山路二段六十二號一樓,"('25.085444', '121.574282')"
3027,新北市新店區中興路2段192號8樓,"('24.973342', '121.548525')"
3028,台北市內湖區新湖二路250巷8號,"('25.064886', '121.582544')"
3029,台北市內湖區內湖路一段360巷8號10樓,"('25.080754', '121.570328')"
3030,台北市士林區德行西路45號7樓,"('25.106116', '121.523087')"
3031,新北市板橋區和平路19~25號3樓,"('24.994081', '121.457161')"
3032,台南市安南區安和路二段54巷225號,"('23.035396', '120.216941')"
3033,台北市內湖區內湖路一段308號11樓,"('25.081737', '121.56867')"
3034,新竹科學園區創新一路13號2樓,"('23.975744', '120.979772')"
3035,新竹科學工業園區力行三路5號,"('23.975744', '120.979772')"
3036,新北市中和區中正路738號14樓,"('24.998117', '121.485534')"
3037,桃園市龜山區山鶯路179號,"('24.982214', '121.330328')"
3038,高雄市高雄加工出口區中一路5號,"('22.64767612', '120.29984892')"
3040,新北市板橋區文化路二段287號35樓,"('25.029283', '121.471379')"
3041,台北市內湖區內湖路一段246號6樓,"('25.082052', '121.56635')"
3042,台北市北投區中央南路二段十六號四樓,"('25.126802', '121.500194')"
3043,新北市中和區連城路246號9樓,"('24.996375', '121.488519')"
3044,桃園縣平鎮市平鎮工業區工業五路21號,"('24.905512', '121.196847')"
3045,台北市信義區菸廠路88號12樓,"('25.044767', '121.561108')"
3046,臺北市松山區民福里復興北路369號7樓之5,"('25.06244', '121.544756')"
3047,台北市內湖區新湖一路278號,"('25.062459', '121.582316')"
3048,台北市內湖區基湖路10巷50號8樓,"('25.082128', '121.563453')"
3049,南部科學園區台南市善化區北園一路7號,"('23.975744', '120.979772')"
3050,桃園市龜山區華亞二路222號,"('25.046168', '121.374757')"
3051,桃園市平鎮區平東路659巷37號,"('24.909314', '121.242092')"
3052,新北市中和區新民街112號4樓,"('25.00839', '121.480403')"
3054,新北市中和區連城路258號16樓之1及之2,"('24.996456', '121.487214')"
3055,新竹市水源街95號,"('24.80285', '120.992628')"
3056,新竹縣竹北市福興路875號3樓,"('24.82324', '121.00938')"
3057,新竹科學園區工業東四路二十一號七樓,"('24.774076', '121.009671')"
3058,新北市新店區寶橋路235巷138號8樓,"('24.984035', '121.552397')"
3059,新竹市科學園區力行路12號,"('24.770356', '121.02628')"
3060,桃園市龜山區萬壽路1段492-1號10樓之1,"('25.017065', '121.398092')"
3062,新竹科學園區新竹縣寶山鄉園區三路99號,"('24.772045', '121.001845')"
3090,新北市新店區中正路四維巷一弄四號一樓,"('24.985849', '121.534261')"
3094,新竹科學園區力行六路6號,"('23.975744', '120.979772')"
3130,新北市新店區寶中路119-1號10樓,"('24.979695', '121.549578')"
3149,36647苗栗縣銅鑼鄉中興工業區中興路99號,"('23.975744', '120.979772')"
3164,台南科學工業園區台南市善化區南科七路八號,"('23.04734687', '120.18478139')"
3167,(334) 桃園市八德區友聯街49號,"('24.928458', '121.292004')"
3189,桃園市新屋區中華路1245號,"('24.993205', '121.099685')"
3209,台北市內湖區瑞光路360號9樓,"('25.077296', '121.572364')"
3229,新北市新莊區瓊林南路305巷2號,"('25.00601', '121.434175')"
3231,新竹科學園區新竹市新安路5號,"('24.7817', '120.99949')"
3257,新竹科學工業園區新竹市東區園區二路11號5樓,"('23.975744', '120.979772')"
3266,台北市大安區忠孝東路四段289號12樓,"('25.041612', '121.554691')"
3296,新北市中和區中山路二段407號10樓,"('25.004589', '121.485998')"
3305,桃園縣觀音工業區工業二路12-1號,"('25.065858', '121.126825')"
3308,桃園市龜山區科技一路69號,"('25.052447', '121.375779')"
3311,新北市淡水區奎柔山路73號,"('25.20631404', '121.45343489')"
3312,台北市內湖區瑞光路188巷51號4樓,"('25.07383', '121.576154')"
3321,台中市大甲區青年路123號,"('24.403027', '120.649988')"
3338,(114)台北市內湖區瑞光路302號3樓,"('23.975744', '120.979772')"
3346,新北市中和區民享街4號,"('25.005356', '121.473621')"
3356,台北市內湖區內湖路一段246號9樓,"('25.082052', '121.56635')"
3376,新北市樹林區俊英街一七四號,"('25.007533', '121.426311')"
3380,新竹科學工業園區新竹市力行七路8號,"('23.975744', '120.979772')"
3383,南部科學園區台南市善化區環東路二段31號,"('23.975744', '120.979772')"
3406,台中市大雅區中部科學工業園區科雅東路一號,"('24.22898385', '120.64768062')"
3413,(35053)新竹科學工業園區苗栗縣竹南鎮科中路16號,"('23.975744', '120.979772')"
3416,新北市三重區興德路111-6號9樓,"('25.053949', '121.471244')"
3419,新竹市公道五路二段326號,"('24.802713', '120.998926')"
3432,新北市中和區中正路880號13樓,"('25.006496', '121.484033')"
3437,新竹縣湖口鄉新竹工業區工業五路13號,"('24.857882', '121.01557')"
3443,新竹科學工業園區新竹市力行六路十號,"('23.975744', '120.979772')"
3450,新北市中和區橋安街35號10樓,"('25.005397', '121.492086')"
3454,新北市中和區連城路192號6樓,"('24.996866', '121.492277')"
3481,新竹科學工業園區苗栗縣竹南鎮科學路160號,"('23.975744', '120.979772')"
3494,新北市新店區北新路三段225號9樓,"('24.986126', '121.539837')"
3501,台北市內湖區新湖三路196號,"('25.064886', '121.579121')"
3504,新竹科學園區新安路7號,"('23.975744', '120.979772')"
3515,臺北市北投區中央南路二段37號2樓,"('25.124138', '121.500388')"
3518,桃園市龜山區文化一路86-52號,"('25.050201', '121.381396')"
3528,新北市汐止區新台五路一段75號21樓,"('25.060916', '121.645726')"
3530,新竹市科學工業園區力行一路10-2號4樓,"('24.81635142', '120.97034202')"
3532,台北市敦化北路201號7樓388室,"('25.056636', '121.549405')"
3533,基隆市安樂區武訓街15號,"('25.143289', '121.698323')"
3535,新竹縣竹北市環北路二段197號,"('24.848735', '121.016107')"
3536,臺北市內湖區瑞光路66巷46號3樓,"('25.069845', '121.58057')"
3543,(30351)新竹縣湖口鄉新竹工業區光復路42號,"('23.975744', '120.979772')"
3545,新竹科學工業園區新竹市篤行一路6號4樓及6樓,"('23.975744', '120.979772')"
3550,新北市中和區建八路16號4樓,"('24.998243', '121.486811')"
3557,臺北市大安區信義路4段296號14樓之4,"('25.032921', '121.554578')"
3563,新竹科學園區工業東二路2之3號,"('24.664091', '121.801367')"
3576,新竹科學工業園區新竹市力行三路7號,"('23.975744', '120.979772')"
3583,台北市內湖區瑞光路208號11樓,"('25.075171', '121.576352')"
3588,新竹縣竹北市台元二街1號4F-1,"('24.840535', '121.020129')"
3591,新北市中和區中正路800號4樓,"('25.001548', '121.485179')"
3593,高雄市左營區菜公一路62巷15號,"('22.678139', '120.316375')"
3596,新竹市東區光復路二段8號8樓,"('24.791306', '121.004682')"
3605,桃園市中壢區東園路13號,"('24.96934', '121.239366')"
3607,桃園市中壢區中正路1274巷48號,"('24.974172', '121.20144')"
3617,台北市內湖區金莊路26號11樓,"('25.062341', '121.587578')"
3622,桃園市觀音區觀音工業區經建一路31號,"('25.056745', '121.122777')"
3645,新竹縣新埔鎮文德路三段127號,"('24.822734', '121.077288')"
3653,桃園市龜山區文化里19鄰科技一路40號,"('25.052041', '121.376698')"
3661,114 台北市內湖區文湖街12號9樓,"('25.085744', '121.560904')"
3665,23553新北市中和區建一路186號3樓,"('23.975744', '120.979772')"
3669,新北市土城區大安路157號8樓,"('24.970404', '121.433293')"
3673,台北市內湖區民權東路六段13之18號(訴訟及非訟代理人聯絡處),"('25.067378', '121.579787')"
3679,新北市新莊區化成路11巷36號,"('25.043508', '121.463577')"
3682,台北市內湖區基湖路32號8樓,"('25.08085', '121.564835')"
3686,桃園市觀音區大潭里環南路599號,"('25.038251', '121.07152')"
3694,新北市新店區寶中路94號8樓,"('24.979932', '121.548942')"
3698,新竹科學園區新竹市工業東三路三號,"('24.77616', '121.00765')"
3701,台北市內湖區陽光街300號1至9樓,"('25.072702', '121.574901')"
3702,台北市內湖區堤頂大道二段489號8樓,"('25.08265', '121.561917')"
3703,臺北市大安區敦化南路二段九十五號,"('25.029257', '121.549306')"
3704,新竹市公道五路2段363號3樓,"('24.803018247', '120.9969660832')"
3705,台北市松山區民權東路三段181號11樓,"('25.062189', '121.548254')"
3706,桃園市龜山區文化二路202號,"('25.046904', '121.375398')"
3708,南投市工業南六路9號,"('23.916949', '120.656196')"
3711,高雄市楠梓加工出口區經三路26號,"('22.64767612', '120.29984892')"
3712,新北市土城區中央路四段49號,"('24.96112', '121.421875')"
4104,新北市中和區中正路880號17樓,"('25.006496', '121.484033')"
4106,新北巿土城區民生街九號,"('24.960738', '121.414107')"
4108,台北市復興北路167號5樓之1,"('25.053901', '121.544285')"
4119,桃園市蘆竹區濱海里13鄰海湖北路309巷61號,"('25.113599', '121.26332086')"
4133,台北市內湖區洲子街108號9樓,"('25.080394', '121.569817')"
4137,台北市信義區松仁路107號10樓,"('25.035574', '121.569465')"
4141,"Grand Pavilion, 802 West Bay Rd, Grand Cayman KY1-1205","('19.3292943', '-81.3833179')"
4142,427台中市潭子區潭興路一段3號,"('23.975744', '120.979772')"
4144,上海市徐匯區楓林路380號2樓(主要營運地),"('23.975744', '120.979772')"
4148,台北市松山區復興北路181號7樓之4(訴訟及非訟代理人聯絡處),"('25.054734', '121.544315')"
4155,300新竹市公道五路二段91號,"('23.975744', '120.979772')"
4164,台北市中山區長春路366號6樓,"('25.054501', '121.542617')"
4190,"Oleander Way, 802 West Bay Road, P.O.Box 32052, Grand Cayman","('19.3292802', '-81.3833762')"
4306,臺北市內湖區行善路397號7樓,"('25.0646', '121.585816')"
4414,台北市松山區復興北路57號13樓之4,"('25.050489', '121.544181')"
4426,雲林縣斗六市斗工十二路5號,"('23.711638', '120.594962')"
4438,台北市內湖區瑞光路607號6樓,"('25.080175', '121.566847')"
4439,臺北市中山區南京東路2段178號7樓(台灣辦事處),"('25.051831', '121.535068')"
4526,高雄市路竹區路科三路三號,"('22.85495116', '120.25933655')"
4532,桃園市觀音區成功路二段943號,"('25.042259', '121.106197')"
4536,(408)台中市南屯區工業區20路18號,"('23.975744', '120.979772')"
4540,新北市樹林區三多路123號,"('25.007762', '121.414033')"
4545,桃園市觀音工業區國瑞路2號,"('25.0586', '121.112287')"
4551,新北市汐止區新台五路一段102號16樓,"('25.060513', '121.649029')"
4552,台北市信義區基隆路二段51號3樓,"('25.030946', '121.558576')"
4555,新北市泰山區貴鳳街21 號,"('25.031546', '121.421078')"
4557,嘉義市吳鳳北路381號5樓,"('23.484082', '120.452106')"
4560,桃園市龜山區建國東路89號,"('24.987453', '121.32486')"
4562,台南市安南區科技一路50號,"('23.03905309', '120.148814')"
4564,雲林縣虎尾鎮科虎三路18號,"('23.73617786', '120.39718595')"
4566,新北市汐止區新台五路一段94號15樓,"('25.06061', '121.6485')"
4571,台北市大安區信義路三段106號4樓之3,"('25.033261', '121.538293')"
4572,高雄市仁武區八德二路166號,"('22.700672', '120.326066')"
4576,台中市南屯區春社里精科中路6號,"('24.145316', '120.600191')"
4581,台中市大雅區雅潭路三段470號,"('24.21644', '120.671568')"
4720,新北市五股區五權六路9號,"('25.064415', '121.449496')"
4722,高雄市永安區維新里永工五路2號,"('22.80965', '120.254029')"
4725,台北市中山北路二段113號九樓,"('25.060594', '121.523201')"
4737,台中市南區大慶街二段100號,"('24.118577', '120.649391')"
4739,新竹縣新竹工業區文化路11號,"('24.86829', '121.01313')"
4746,桃園市蘆竹區坑口里和平街36號,"('25.091921', '121.276834')"
4755,(10405)台北市中山北路二段21號5樓,"('23.975744', '120.979772')"
4763,台北市信義區光復南路419巷18號6樓,"('25.036456', '121.558264')"
4764,新北市中和區中正路959號4樓,"('25.006927', '121.483305')"
4766,台南市西港區南海里南海埔12號,"('23.11763', '120.197976')"
4807,"The Grand Pavilion Commercial Centre, Oleander Way, 802 West","('19.3289351', '-81.3827713')"
4904,台北市敦化南路二段207號28樓,"('25.026038', '121.549202')"
4906,新竹縣湖口鄉新竹工業區中華路15-1號,"('24.871611', '121.00873')"
4912,新北市樹林區味王街1號E032棟,"('24.976074', '121.403066')"
4915,台北市內湖區瑞光路669號,"('25.080838', '121.565669')"
4916,320桃園市中壢區東園路67之1號3樓,"('23.975744', '120.979772')"
4919,新竹科學園區研新三路4號,"('23.975744', '120.979772')"
4927,台北市松山區敦化北路205號5樓,"('25.057533', '121.549468')"
4930,台北市內湖區堤頂大道一段333號6樓,"('25.063168', '121.573099')"
4934,桃園市中壢區復興里中壢工業區自強一路5號,"('24.971484', '121.244778')"
4935,桃園市中壢區民權路三段1149號,"('24.991408', '121.209022')"
4938,台北市北投區立功街76號5樓,"('25.124657', '121.469103')"
4942,桃園市蘆竹區南山路二段205巷45號,"('25.064198', '121.285478')"
4943,23674新北市土城區承天路35號2樓,"('23.975744', '120.979772')"
4952,新竹市科學工業園區工業東四路19號,"('24.81635142', '120.97034202')"
4956,台南市新市區看西路7號,"('23.092726', '120.262372')"
4958,桃園市大園區三石里三和路28巷6號,"('25.071891', '121.256616')"
4960,74148台南市善化區木柵港西路13號,"('23.975744', '120.979772')"
4961,(30078)新竹科學園區新竹市篤行路6-8號3樓,"('23.975744', '120.979772')"
4967,(235)新北巿中和區建一路166號3樓,"('23.975744', '120.979772')"
4968,台北市114內湖區堤頂大道二段407巷20弄1號3樓,"('24.98972977', '121.57004896')"
4976,台中市潭子區台中加工出口區建國路24號,"('24.218952', '120.699738')"
4977,"4F.,Harbour Place,103 S Church St.,PO Box 10240,Grand Cayman","('19.2928531', '-81.3872863')"
4989,台北市松山區八德路四段83號5樓,"('25.048586', '121.56032')"
4994,台北市信義區市民大道六段288號7樓,"('25.049215', '121.579137')"
4999,(221)新北市汐止區康寧街169巷27-1號,"('23.975744', '120.979772')"
5007,台南市歸仁區南興里中山路三段355-6號1F,"('22.96375', '120.279414')"
5203,新北市新店區民權路100號15樓,"('24.983011', '121.536178')"
5215,新北市中和區連城路168號8樓,"('24.997462', '121.49356')"
5225,"P.O.Box 32052, Grand  Cayman KY1-1208, Cayman Isalnds","('19.3292802', '-81.3833762')"
5234,臺中市西屯區科園一路15號,"('24.20462', '120.607514')"
5243,新北市土城區中央路四段2號12樓之3,"('24.963423', '121.425926')"
5258,(23143)新北市新店區北新路3段207-5號6樓,"('23.975744', '120.979772')"
5264,台北市北投區立德路120巷11號2樓(訴訟及非訟代理人聯絡處),"('25.126772', '121.472384')"
5269,新北市新店區民權路115號6樓,"('24.982611', '121.536405')"
5283,(33383)桃園市龜山區文化里科技三路88號3樓,"('23.975744', '120.979772')"
5284,台北市中山區松江路152號11樓1112室,"('25.054225', '121.532846')"
5285,高雄市楠梓加工出口區中央路58號,"('22.64767612', '120.29984892')"
5288,新北市新莊區新樹路315巷15號,"('25.019263', '121.434553')"
5305,台北市內湖區瑞光路392號4樓,"('25.077824', '121.57124')"
5388,台北市園區街3-1號8樓,"('25.058954', '121.612182')"
5434,台北市內湖區堤頂大道二段483號6樓,"('25.082347', '121.562071')"
5469,桃園市觀音區樹林里工業四路9號,"('25.057189', '121.119022')"
5471,新竹縣竹北市台元街36號10樓之1,"('24.843094', '121.01703')"
5484,新北市深坑區北深路三段270巷8號2樓,"('25.00539', '121.599142')"
5515,台北市敦化南路二段67號20樓,"('25.03077', '121.549108')"
5519,高雄市前鎮區民權二路380號18樓之1,"('22.610688', '120.31392')"
5521,台北市市民大道四段102號8樓,"('25.044417', '121.550134')"
5522,台北市信義區松高路1號29樓,"('25.039556', '121.563935')"
5525,台中市文心路二段201號3樓,"('24.15961', '120.647311')"
5531,台中市西區台灣大道二段408號,"('24.155475', '120.664101')"
5533,台北市敦化南路一段294號3樓,"('25.036223', '121.548443')"
5534,台北市北平東路30號11樓,"('25.045719', '121.525983')"
5538,高雄市岡山區中山北路140號15樓(訴訟及非訟代理人聯絡處),"('22.797093', '120.298459')"
5546,台北市松山區復興北路99號15樓,"('25.052842', '121.544234')"
5607,台北市信義區松高路1號23樓,"('25.039556', '121.563935')"
5608,台北市105松山區復興北路167號16樓,"('24.98972977', '121.57004896')"
5706,台北市長安東路一段25號4樓,"('25.049408', '121.523994')"
5871,台北市內湖區瑞光路362號(訴訟及非訟代理人聯絡處),"('25.077315', '121.572306')"
5876,台北市中山區民生東路二段１４９號３樓至１２樓,"('25.058138', '121.535122')"
5880,"臺北市松山區長安東路二段225號17樓,19樓","('25.0487616', '121.5433832')"
5906,台南市東區東門路二段297號1樓,"('22.983499', '120.226703')"
5907,台北市大安區復興南路二段237號14樓(訴訟及非訴訟代理人聯絡處),"('25.025838', '121.543673')"
6005,台北市民生東路三段156號14樓之3,"('25.057431', '121.547657')"
6024,台北市大安區敦化南路2段97號地下1樓,"('25.028953', '121.549172')"
6108,新北巿樹林區俊英街84巷6號,"('25.00564', '121.429591')"
6112,台北市114內湖路一段516號10樓,"('24.98972977', '121.57004896')"
6115,桃園市龜山區大華里頂湖路50號,"('25.041069', '121.362672')"
6116,台北市信義區松智路1號26樓,"('25.038787', '121.566065')"
6117,桃園市龜山區南上路350巷57號,"('25.04307', '121.303632')"
6120,新竹縣湖口鄉光復北路20-1號,"('24.875119', '121.031977')"
6128,台中市梧棲區自強路50號,"('24.235386', '120.52851')"
6131,臺北市大安區信義路3段27號3樓,"('25.033783', '121.534362')"
6133,新北市深坑區北深路三段270巷6號3樓,"('25.005296', '121.599057')"
6136,新北市新店區寶強路6-3號5樓,"('24.978146', '121.543973')"
6139,新北市汐止區大同路一段175號14樓,"('25.056974', '121.632883')"
6141,台北市大安區基隆路二段112號12樓,"('25.029187', '121.557017')"
6142,台北市內湖區瑞湖街158號5F,"('25.071744', '121.576099')"
6152,桃園市中壢區東園路69號,"('24.98213167', '121.23925306')"
6153,新北市樹林區博愛街248號,"('24.984908', '121.423325')"
6155,桃園市平鎮區南豐路269號,"('24.899674', '121.199344')"
6164,新北市新店區中正路542-5號5樓,"('24.985655', '121.533724')"
6165,臺北市松山區八德路2段400號6樓之2,"('25.048073', '121.54657')"
6166,新北市中和區建一路166號9樓,"('24.997813', '121.487791')"
6168,新竹市中華路五段522巷18號,"('24.773561', '120.917251')"
6172,新竹市水利路21號,"('24.802312', '121.005023')"
6176,高雄市前鎮區高雄加工出口區中六路一號,"('22.58656748', '120.31836792')"
6177,台北市中山區建國北路一段96號10樓,"('25.05038', '121.536273')"
6183,台北市南港區三重路19-13號6樓,"('25.058445', '121.613956')"
6184,新北市土城區中華路二段207號5樓,"('24.973567', '121.437996')"
6189,臺北市內湖區環山路一段32號4樓,"('25.085565', '121.564846')"
6191,新北市新店區民權路48-3號4樓,"('24.983286', '121.539539')"
6192,台北市南港區園區街3之1號12樓,"('25.058954', '121.612182')"
6196,台北市南港區園區街3-2號6樓,"('25.058954', '121.612182')"
6197,新北市中和區建一路176號9樓,"('24.997336', '121.487778')"
6201,台南市安定區中沙里沙崙35號,"('23.075515', '120.212988')"
6202,新竹市科學工業園區研新二路三號,"('24.81635142', '120.97034202')"
6205,新北市汐止區大同路三段194號6樓,"('25.073684', '121.674211')"
6206,台北市內湖區行愛路168號,"('25.064732', '121.579535')"
6209,台中市梧棲區向上路九段562巷91號,"('24.227811', '120.516628')"
6213,新竹縣新埔鎮內立里大魯閣路17號,"('24.812527', '121.089421')"
6214,台北市內湖區瑞光路318號,"('25.076722', '121.573613')"
6215,台北市內湖區洲子街60號1樓,"('25.07929', '121.572621')"
6216,新竹縣湖口鄉新竹工業區復興路26號,"('24.869002', '121.005388')"
6224,新竹科學園區工業東四路24之1號,"('24.774076', '121.009671')"
6225,臺北市松山區中正里長安東路2段215號9樓之一,"('25.048387', '121.544394')"
6226,新北市中和區建康路8號11樓,"('24.99962335', '121.48641859')"
6230,新北市三重區中興北街184-3號,"('25.058106', '121.468916')"
6235,桃園市平鎮區太平東路1號5樓,"('24.904152', '121.250144')"
6239,新竹縣湖口鄉新竹工業區大同路10號,"('24.867252', '120.996873')"
6243,新竹科學工業園區新竹市力行路21號4樓,"('23.975744', '120.979772')"
6251,桃園市蘆竹區民權路50號6樓,"('25.036069', '121.299948')"
6257,新竹縣竹東鎮北興路1段436號,"('24.734283', '121.098834')"
6269,高雄市大寮區大發工業區莒光一街23號,"('22.580167', '120.423832')"
6271,台北市延平南路83號6樓,"('25.043571', '121.510727')"
6277,新北市汐止區大同路二段125號3樓,"('25.064036', '121.650405')"
6278,桃園市桃園區大林里桃鶯路437號,"('24.979139', '121.321826')"
6281,新北市五股區五工六路55號,"('25.06832', '121.446559')"
6282,新北市淡水區淡金路三段159號,"('25.20286424', '121.44846119')"
6283,台北市內湖區新湖二路146巷19號2樓,"('25.063306', '121.578983')"
6285,新竹科學園區園區二路20號,"('23.975744', '120.979772')"
6288,(35053)新竹科學工業園區苗栗縣竹南鎮科東一路二號,"('23.975744', '120.979772')"
6289,新竹縣湖口鄉鳳山村光復北路119號,"('24.860111', '121.014804')"
6405,桃園市中壢區北園路18號,"('24.97969822', '121.24258994')"
6409,11494台北市內湖區新湖一路406號,"('23.975744', '120.979772')"
6412,新北市三重區光復路二段 69 號30樓,"('25.061495', '121.472838')"
6414,(235)新北市中和區建康路10號3至6樓,"('23.975744', '120.979772')"
6415,新北市中和區板南路653號10樓,"('25.008165', '121.483871')"
6416,新北市樹林區博愛街242號8樓,"('24.985823', '121.42349')"
6431,臺南市安平區永華路二段248號21樓~6,"('22.990213', '120.180033')"
6442,新北市淡水區中正東路二段27-8號13樓,"('25.1566165', '121.45986374')"
6443,新北市新店區北新路3段225號8樓,"('24.986126', '121.539837')"
6449,苗栗縣竹南鎮科東三路2、6號4樓,"('24.706766', '120.91982')"
6451,台北市信義區光復南路495號11樓之5,"('25.03249', '121.557848')"
6452,臺北市信義區基隆路1段333號1807（國貿大樓）,"('25.034268', '121.561078')"
6456,苗栗縣竹南鎮科中路12號8樓(訴訟及非訟代理人聯絡處),"('24.709568', '120.915431')"
6464,台中市西屯區文心路二段201號6樓之6,"('24.15961', '120.647311')"
6477,台南市安南區科技五路19號,"('23.04732', '120.144256')"
6491,桃園市龜山區興業街5號2樓之1,"('24.988294', '121.328244')"
6504,高雄市燕巢區角宿里四林路699號,"('22.78301', '120.343848')"
6505,台北市敦化北路201號後棟4樓377室,"('25.056636', '121.549405')"
6525,新北市中和區橋安街35號10樓,"('25.0051402', '121.4899136')"
6531,新竹縣竹北市台元一街一號10樓之一,"('24.84138', '121.01949')"
6533,新竹科學園區新竹市力行一路1號3樓A1-4,"('24.773856', '121.017725')"
6541,"P.O, Box 31119, Grand Pavilion, 802 West Bay Rd.,KY1-1205","('19.3292943', '-81.3833179')"
6552,高雄市楠梓加工出口區新開發路8號,"('22.64767612', '120.29984892')"
6558,新竹科學園區新竹市展業一路9號6樓之一、之三,"('24.783903', '121.00121')"
6573,新北市新店區北新路三段207-5號4樓,"('24.985049', '121.539961')"
6579,新北市新店區寶橋路235巷135號5樓,"('24.984142', '121.552059')"
6581,彰化縣伸港鄉彰濱工業區線工北一路36號,"('24.1557891', '120.4528082')"
6582,屏東縣枋寮鄉中山路三段55號,"('22.408631', '120.586583')"
6591,新北市中和區建八路16號6樓之2,"('24.998243', '121.486811')"
6592,台北市中山區松江路121號15樓,"('25.052678', '121.533229')"
6605,彰化縣鹿港鎮頭南里南勢巷20-3號,"('24.0874236', '120.4615716')"
6625,臺北市內湖區新湖一路370號3樓,"('25.063019', '121.583362')"
6641,"高雄市鼓山區民利街15,17,19號(台灣分公司)","('22.6618459', '120.2928073')"
6655,新北市三重區光復路2段69號16樓,"('25.056943', '121.47225')"
6666,福建省漳州台商投資區白礁工業園 15-17 號通用廠房,"('23.975744', '120.979772')"
6668,台中市南屯區工業區二十二路21號,"('24.159774', '120.606055')"
6669,新北市汐止區新台五路一段90號8樓,"('25.060505', '121.648193')"
6670,台北市中山區南京東路二段172號3樓,"('25.051831', '121.534607')"
6671,臺中市大里區工業八路58號,"('24.097861', '120.716375')"
6672,桃園市平鎮區湧豐里工業五路10號,"('24.903447', '121.198217')"
6674,新竹縣竹北市台元一街1號13樓之一,"('24.84138', '121.01949')"
6698,台南市安南區工業一路36號,"('23.043653', '120.152208')"
6706,台中市西屯區工業區35路3號,"('24.170232', '120.591465')"
6715,新北市中和區連城路268號2樓之1,"('24.996619', '121.486837')"
8011,新北市新莊區五權三路12巷3號,"('25.063054', '121.45296')"
8016,新竹縣竹北市台元一街5號11樓之1,"('24.84177', '121.01896')"
8021,新北市樹林區佳園路三段203號,"('24.947295', '121.385574')"
8028,新竹科學園區新竹市力行路6號,"('24.774262', '121.024715')"
8033,台中巿工業區六路七號,"('24.171888', '120.608055')"
8039,高雄市前鎮區高雄加工出口區環區三路一號,"('22.58656748', '120.31836792')"
8046,桃園市蘆竹區南崁路一段338號,"('25.05563', '121.28198')"
8070,高雄市楠梓加工出口區東七街16號6樓,"('22.64767612', '120.29984892')"
8072,台北市南港區三重路19-11號E棟10樓,"('25.058266', '121.613908')"
8081,新竹市科學園區工業東三路2號,"('24.777428', '121.008201')"
8101,台北市內湖區瑞光路258巷2號7樓,"('25.075111', '121.575438')"
8103,新北市淡水區中正東路一段3巷9號9樓,"('25.16550689', '121.45174001')"
8104,新竹縣湖口鄉新竹工業區光復北路12號,"('24.875915', '121.037364')"
8105,苗栗縣頭份市蘆竹里4鄰工業路15號,"('24.673176', '120.887809')"
8110,高雄市高雄加工出口區北一路18號,"('22.64767612', '120.29984892')"
8112,台北市內湖區港墘路189號7樓,"('25.075811', '121.574758')"
8114,新北市土城區大同街23號,"('24.95951', '121.415978')"
8131,雲林縣斗六市榴中里河南街329號,"('23.713693', '120.575002')"
8150,新竹科學工業園區新竹縣研發一路一號,"('23.975744', '120.979772')"
8163,桃園市龜山區山鶯路167-1號,"('24.985923', '121.327741')"
8201,台北市內湖區瑞光路513巷36號10樓,"('25.080253', '121.569915')"
8210,新北市中和區建一路150號15樓,"('24.998448', '121.487788')"
8213,桃園市平鎮區工業二路１２號,"('24.904312', '121.201945')"
8215,桃園市龜山區建國東路29號,"('24.986714', '121.322626')"
8222,台南市新營區新工路13巷1號,"('23.306296', '120.283206')"
8249,台北市內湖區南京東路六段501號9樓,"('25.061789', '121.58863')"
8261,新竹縣竹北市台元一街5號12樓之1及12樓之2,"('24.84177', '121.01896')"
8271,新北市土城區大安里忠承路32號1樓,"('24.965338', '121.438473')"
8341,雲林縣元長鄉元東路1之20號,"('23.655324', '120.321469')"
8367,台中市梧棲區臨港路3段68號,"('24.227923', '120.514259')"
8374,新北市三重區光復路一段83巷7號2樓,"('25.050174', '121.473111')"
8404,"P.O.BOX 32052,Grand Cayman KYI-1208,Cayman Islands.","('19.3292802', '-81.3833762')"
8411,"P. O. Box 31119 Grand Pavilion, Hibiscus Way, 802 West Bay R","('19.3292802', '-81.3833762')"
8422,高雄市岡山區中山南路308號1樓,"('22.78673', '120.299942')"
8427,新北市新店區民權路95號16樓,"('24.982814', '121.537146')"
8429,台北市士林區後港街96號7樓F室(台灣辦事處),"('25.086226', '121.521769')"
8442,"P. O. Box 31119 Grand Pavilion, Hibiscus Way, 802 West Bay R","('19.3292802,', '-81.3833762')"
8443,(104)台北市中山區松江路168號5樓,"('23.975744', '120.979772')"
8454,台北市內湖區洲子街96號4樓,"('25.079884', '121.570922')"
8462,高雄市左營區博愛三路102號1-2樓,"('22.673468', '120.305461')"
8463,台北市八德路2段308號10F,"('25.047153', '121.542551')"
8464,台中市南屯區五權西路二段236號19F之1,"('24.140318', '120.649208')"
8466,"PO Box 309, Ugland House, Grand Cayman, KY1-1104, Cayman Isl","('19.2921936', '-81.3877219')"
8467,"PO Box 309, Ugland House, Grand Cayman, KY1-1104, Cayman Isl","('19.2921936', '-81.3877219')"
8473,台北市吉林路99號3樓,"('25.0559', '121.530255')"
8478,高雄市前鎮區金福路1號,"('22.571009', '120.328318')"
8480,台北市中山區中山北路二段96號7樓705室,"('25.059532', '121.522621')"
8481,台中市西屯區工業區十二路六號,"('24.176234', '120.597769')"
8482,"P.O.Box 31119 Grand pavilion,Hibiscus Way,802 West Bay Road,","('19.3292802', '-81.3833762')"
8488,"2nd Fl, 802 West Bay Road, P.O. Box 10338, Cayman Islands","('19.3289351', '-81.3827713')"
8497,台北市內湖區陽光街321巷56號5樓,"('25.071649', '121.577889')"
8499,新北市中和區中正路955號5樓(訴訟.非訴訟代理人地址),"('25.006786', '121.483378')"
8926,北市內湖區瑞光路392號6樓,"('25.077824', '121.57124')"
8940,台中市東區旱溪東路1段456號,"('24.142141', '120.701676')"
8996,桃園市中壢區吉林北路5-2號,"('24.984485', '121.251066')"
9103,台北市信義區松高路9號11樓,"('25.039523', '121.565053')"
910322,中國上海閔行區吳中路1688號A棟,"('23.975744', '120.979772')"
910482,香港上環永樂街148號南和行大廈16樓04至05室,"('23.975744', '120.979772')"
9105,新北市深坑區北深路三段147號,"('25.002652', '121.602784')"
910861,香港灣仔告士打道77-79 號富通大廈31樓,"('23.975744', '120.979772')"
9110,越南同奈省邊和市三協坊第五區,"('23.975744', '120.979772')"
911608,"8 Penjuru Lane,Singapore 609189","('1.3084874', '103.7362723')"
911616,中國河南省鄭州市金水區農業路東62號蘇荷中心18樓,"('23.975744', '120.979772')"
911622,"99 Moo1, Tumbon Nikompattana, Amphur Nikompattana, Rayong TH","('12.6756456', '101.1449965,')"
911868,香港灣仔告士打道138號聯合鹿島大廈15樓,"('23.975744', '120.979772')"
912000,香港觀塘鴻圖道31號鴻貿中心12樓1206室,"('23.975744', '120.979772')"
912398,香港德輔道中317-319號啟德商業大廈20樓2003室,"('23.975744', '120.979772')"
9136,香港康樂廣場1號怡和大廈33樓3311-3312室,"('23.975744', '120.979772')"
9188,香港新界沙田穗禾路1號豐利工業中心A座6樓1-2號室,"('23.975744', '120.979772')"
9802,臺灣雲林縣斗六市雲科路三段76號(訴訟及非訴訟代理人聯絡處),"('23.975744', '120.979772')"
9902,台北市中正區延平南路七十五號二、三樓,"('25.044321', '121.510277')"
9904,台中市西屯區台灣大道四段600號,"('24.179342', '120.623806')"
9905,台北市松江路293之805號,"('25.060658', '121.533489')"
9906,高雄市前鎮區民權二路6號27樓,"('22.605026', '120.309722')"
9907,台南市永康區蔦松里中正北路837號,"('23.05072', '120.26721')"
9908,"台北市光復北路11巷35號1,4,5,13樓","('25.0501568', '121.5577093')"
9910,雲林縣斗六市科工八路52號,"('23.721311', '120.508716')"
9911,台中市大雅區雅潭路4段436號,"('24.221031', '120.65809')"
9912,台北市南港區園區街3之1號五樓之1,"('25.058954', '121.612182')"
9914,彰化縣大村鄉美港村美港路116號,"('23.9814237', '120.5726403')"
9917,台北市鄭州路139號6樓,"('25.050533', '121.510095')"
9918,新北市永和區永和路一段100號,"('25.006998', '121.513246')"
9919,台南市佳里區民安里同安寮77-1號,"('23.166516', '120.193417')"
9921,台中市大甲區順帆路19號,"('24.407371', '120.638634')"
9924,高雄市岡山區本洲里育才路88號,"('22.805874', '120.277378')"
9925,台北市內湖區行愛路128號,"('25.063854', '121.580029')"
9926,新北市三重區力行路一段52號(通訊地址),"('25.068417', '121.485537')"
9927,高雄市大寮區莒光三街六號,"('22.577463', '120.426783')"
9928,台北市南港區重陽路118號,"('25.056219', '121.59863')"
9929,台北市信義區市民大道六段288號9樓,"('25.049215', '121.579137')"
9930,80661高雄市前鎮區成功二路88號22樓,"('23.975744', '120.979772')"
9931,高雄市鹽埕區大義街56號,"('22.620933', '120.286225')"
9933,台北市中山北路六段89號,"('25.105813', '121.524129')"
9934,台中市潭子區(台中加工出口區)建國路22號,"('24.2192', '120.700186')"
9935,彰化縣福興鄉沿海路四段三七三號,"('24.0368422', '120.4205057')"
9937,台北市羅斯福路六段140號4樓,"('24.996301', '121.540669')"
9938,彰化縣和美鎮好修里和港路575號,"('24.1323884', '120.4893088')"
9939,台中市西屯區工業區2路6號,"('24.167905', '120.611306')"
9940,台北市信義區信義路五段一００號,"('25.03263', '121.565985')"
9941,台北市敦化南路二段二號十五樓,"('25.03303', '121.548367')"
9942,南投市南崗工業區工業路336號,"('23.91152368', '120.68738437')"
9943,台北市信義區忠孝東路5段293號4樓,"('25.041141', '121.572317')"
9944,桃園市八德區聯華街41號,"('24.941911', '121.279253')"
9945,台北市八德路二段三０八號十一樓之一,"('25.047153', '121.542551')"
9946,台北市松山區八德路3段30號12樓,"('25.04811', '121.551527')"
9955,桃園市觀音區大潭里一鄰環科路323號,"('25.038102', '121.06266')"
9958,桃園市觀音區中山路一段1119號,"('25.028392', '121.109276')"