,id,auc,acu
0,1101,0.5585427407678046,0.5318595578673602
1,1102,0.5686550441749177,0.5324675324675324
2,1103,0.5580055259442407,0.548051948051948
3,1104,0.5977134136047163,0.564935064935065
4,1108,0.5899156545209177,0.5506493506493506
5,1109,0.6134737870221342,0.5779816513761468
6,1110,0.6418235531453659,0.5963541666666666
7,1201,0.529810298102981,0.5272727272727272
8,1203,0.6059416094839045,0.5727272727272728
9,1210,0.6097258203799656,0.5766233766233766
10,1213,0.5882949161807579,0.5631868131868132
11,1215,0.6321434131351487,0.5935064935064935
12,1216,0.5260509536931972,0.512987012987013
13,1217,0.6109228750743928,0.5727272727272728
14,1218,0.6036333188696643,0.5675324675324676
15,1219,0.6107598804834986,0.5885416666666666
16,1220,0.5942742585456047,0.5753246753246753
17,1225,0.6068234091489905,0.5778961384820239
18,1227,0.5522976018843787,0.5246753246753246
19,1229,0.5643978066409288,0.5428571428571428
20,1231,0.6226452702702703,0.5909090909090909
21,1232,0.6358207025161814,0.5961038961038961
22,1233,0.619380268761685,0.5987012987012987
23,1234,0.5891881793478262,0.5651041666666666
24,1235,0.6625235327259485,0.6133682830930537
25,1236,0.5903795413030242,0.5630689206762028
26,1256,0.5595208540218471,0.5337620578778135
27,1301,0.5434221898125642,0.5285714285714286
28,1303,0.5367843089611976,0.5285714285714286
29,1304,0.5589291378972875,0.538961038961039
30,1305,0.563984720872476,0.5363636363636364
31,1307,0.5659452272972681,0.551948051948052
32,1308,0.5873054491143416,0.5441558441558442
33,1309,0.552648467530011,0.5428571428571428
34,1310,0.6342484291271114,0.5971316818774446
35,1312,0.5507373974525044,0.5181818181818182
36,1313,0.5589912280701754,0.5493506493506494
37,1314,0.5996675603943235,0.5688311688311688
38,1315,0.5636618969384208,0.5509138381201044
39,1316,0.6235320163487739,0.5984354628422425
40,1319,0.5671512985562572,0.5467532467532468
41,1321,0.5703094691994094,0.5636363636363636
42,1323,0.6008780824140169,0.564935064935065
43,1324,0.5657818312566554,0.5384615384615384
44,1325,0.6646391923204237,0.6135770234986945
45,1326,0.5803508771929826,0.548051948051948
46,1337,0.6302586206896551,0.5907692307692308
47,1338,0.579973010528566,0.5555555555555556
48,1339,0.5890821902531502,0.5592654424040067
49,1340,0.6785824737579363,0.5957446808510638
50,1341,0.6172772988505747,0.5377358490566038
51,1402,0.5655506756756756,0.5402597402597402
52,1409,0.5790475033902079,0.5597402597402598
53,1410,0.624996486197785,0.5814569536423841
54,1413,0.5962933949039333,0.5641361256544503
55,1414,0.5861894344514665,0.5675324675324676
56,1416,0.6146054354600392,0.5925925925925926
57,1417,0.6028180832122464,0.556135770234987
58,1418,0.6463299351251158,0.6179604261796042
59,1419,0.5986462637741048,0.5748663101604278
60,1423,0.5791749179393972,0.546875
61,1432,0.6332456291695422,0.5986666666666667
62,1434,0.5638669187863015,0.5506493506493506
63,1435,0.5740709476570255,0.5454545454545454
64,1436,0.6762187224426808,0.6417322834645669
65,1437,0.5647298537269929,0.5415584415584416
66,1438,0.6350168515428161,0.5928571428571429
67,1439,0.5826309879733221,0.5630689206762028
68,1440,0.5790866863645276,0.5597402597402598
69,1441,0.5644654746451153,0.5557011795543906
70,1442,0.6199843413583871,0.5818181818181818
71,1443,0.6100427350427351,0.5978835978835979
72,1444,0.5738240770725389,0.5506493506493506
73,1445,0.6119630863395082,0.5844155844155844
74,1446,0.5816336915811758,0.5571428571428572
75,1447,0.5898760330578513,0.5688311688311688
76,1449,0.6177587402836078,0.5986666666666667
77,1451,0.6094070607414904,0.58994708994709
78,1452,0.5762813636394303,0.5467532467532468
79,1453,0.6539206886703929,0.6114732724902217
80,1454,0.5595543345543346,0.5260416666666666
81,1455,0.5777715854719443,0.5337662337662338
82,1456,0.6060995826902189,0.5821812596006144
83,1457,0.6095571095571096,0.5718015665796344
84,1459,0.5840455840455839,0.5493506493506494
85,1460,0.6105854403529611,0.5896103896103896
86,1463,0.6267825898979253,0.5961038961038961
87,1464,0.6065169436474855,0.5662337662337662
88,1465,0.6155639097744362,0.5859375
89,1466,0.6083540974529347,0.5850785340314136
90,1467,0.5795202702702702,0.5493506493506494
91,1468,0.6087457507991539,0.6012987012987013
92,1470,0.5861918965945812,0.5445378151260504
93,1471,0.6029693846206355,0.57421875
94,1472,0.5957395320537641,0.5721784776902887
95,1473,0.6099874440441097,0.5727272727272728
96,1474,0.5707029772518506,0.5376623376623376
97,1475,0.5704183879757405,0.55096011816839
98,1476,0.6255975280762132,0.6038961038961039
99,1477,0.5735783357739104,0.538961038961039
100,1503,0.6081233062330624,0.5831168831168831
101,1504,0.6063650056993976,0.5844155844155844
102,1506,0.6273735056991938,0.6031331592689295
103,1507,0.5790828895593307,0.5454545454545454
104,1512,0.5840869588832762,0.5708712613784135
105,1513,0.5792239866106054,0.530638852672751
106,1514,0.5526417004048583,0.5272727272727272
107,1515,0.6564836377006986,0.6140808344198174
108,1516,0.5990813136954395,0.5910404624277457
109,1517,0.6032473502054944,0.5883116883116883
110,1519,0.5935177903129576,0.5818181818181818
111,1521,0.5847519381414084,0.548051948051948
112,1522,0.5831590381605226,0.5467532467532468
113,1524,0.5604401535544895,0.5337662337662338
114,1525,0.5836669883443183,0.5714285714285714
115,1526,0.6317468004150812,0.601572739187418
116,1527,0.5965586742311138,0.56640625
117,1528,0.5914943890613935,0.5766233766233766
118,1529,0.565264708468912,0.5423956931359354
119,1530,0.6141448266448265,0.5880052151238592
120,1531,0.5675998797617094,0.5467532467532468
121,1532,0.6203135881434203,0.5636363636363636
122,1533,0.6068563018427711,0.5701298701298702
123,1535,0.5979269254835813,0.5747724317295189
124,1536,0.5924889672836878,0.5636363636363636
125,1537,0.5767899552005181,0.5506493506493506
126,1538,0.6270486555697824,0.6190476190476191
127,1539,0.5776845933585746,0.5578673602080624
128,1540,0.5303746054916908,0.5012987012987012
129,1541,0.6444968126949682,0.5955786736020806
130,1558,0.6031411917098445,0.5635910224438903
131,1560,0.5681345540971209,0.5584415584415584
132,1568,0.6165892099414022,0.6017897091722595
133,1582,0.6098665816118787,0.5794270833333334
134,1583,0.5806410256410256,0.5552631578947368
135,1587,0.6812199036918138,0.6289308176100629
136,1589,0.5965537298240513,0.5635451505016722
137,1590,0.5702565949990994,0.5321888412017167
138,1592,0.647239844711675,0.6096385542168675
139,1598,0.5988703604088219,0.5860805860805861
140,1603,0.619050784856879,0.5760869565217391
141,1604,0.6265730152650874,0.592156862745098
142,1605,0.5696820856047929,0.5545454545454546
143,1608,0.5052050505255882,0.509090909090909
144,1609,0.5884411123632659,0.5532467532467532
145,1611,0.6120554571467502,0.5924479166666666
146,1612,0.6046060458576682,0.5662337662337662
147,1614,0.6021301211378793,0.5697522816166884
148,1615,0.5986711737964798,0.5484293193717278
149,1616,0.6240218878248973,0.6064935064935065
150,1617,0.5937060612147363,0.5564304461942258
151,1618,0.5981266937669376,0.5701298701298702
152,1626,0.5813138031753378,0.5574387947269304
153,1701,0.5871580367684263,0.5597402597402598
154,1702,0.5984075573549258,0.5636363636363636
155,1707,0.598336753429096,0.577922077922078
156,1708,0.6109627385886506,0.5805194805194805
157,1709,0.5737223698247569,0.5442708333333334
158,1710,0.5820917678812417,0.561038961038961
159,1711,0.5887010796221324,0.551948051948052
160,1712,0.5748776575222856,0.5493506493506494
161,1713,0.6207878240398566,0.6039215686274509
162,1714,0.6145215189873419,0.5766233766233766
163,1717,0.623774067747007,0.5935064935064935
164,1718,0.5931124514248705,0.5662337662337662
165,1720,0.6140773424006909,0.587012987012987
166,1721,0.6306988092648977,0.5987012987012987
167,1722,0.6064102564102565,0.5623376623376624
168,1723,0.5895100502512562,0.5571428571428572
169,1724,0.6122395549994559,0.5729166666666666
170,1725,0.6235485024526175,0.5857142857142857
171,1726,0.5992474226804124,0.564875491480996
172,1727,0.6203243243243243,0.5818181818181818
173,1730,0.5953363584720995,0.587012987012987
174,1731,0.5643784786641929,0.525974025974026
175,1732,0.610953594126671,0.590612777053455
176,1733,0.6381047297297298,0.6064935064935065
177,1734,0.5561732402748472,0.535064935064935
178,1735,0.6094080120729867,0.5732984293193717
179,1736,0.57867345285668,0.5597402597402598
180,1737,0.6120170152428216,0.5814863102998696
181,1760,0.644630293375813,0.603448275862069
182,1762,0.5859668180920403,0.5472779369627507
183,1773,0.594190379403794,0.564935064935065
184,1776,0.6221521942110178,0.6109215017064846
185,1783,0.5975583750932935,0.5873684210526315
186,1786,0.5693660517621146,0.5755693581780539
187,1789,0.6027712609970675,0.5694227769110765
188,1795,0.6420454545454545,0.6857142857142857
189,1802,0.6177970732892101,0.5805194805194805
190,1805,0.5992603266890458,0.6064425770308123
191,1806,0.6254339100721376,0.6
192,1808,0.5869186458762433,0.564935064935065
193,1809,0.5958656649012605,0.5658409387222947
194,1810,0.5758566694339265,0.5441558441558442
195,1817,0.5875570969379124,0.5605749486652978
196,1902,0.6159074134820404,0.5900783289817232
197,1903,0.554117510751259,0.5546875
198,1904,0.6015376207696875,0.561038961038961
199,1905,0.6054467748102026,0.5749674054758801
200,1906,0.5805220774274287,0.5682704811443433
201,1907,0.6125532360067764,0.5935064935064935
202,1909,0.5944484936831876,0.561038961038961
203,2002,0.5648625661518522,0.5402597402597402
204,2006,0.6028317157583187,0.5714285714285714
205,2007,0.5865673066433947,0.55078125
206,2008,0.5944408641318053,0.5746367239101717
207,2009,0.5857079945799457,0.561038961038961
208,2010,0.5683565203269636,0.5493506493506494
209,2012,0.6039950214429697,0.5799739921976593
210,2013,0.5665172049991885,0.5506493506493506
211,2014,0.5608194622279129,0.5514993481095176
212,2015,0.6403995110783963,0.6051948051948052
213,2017,0.541331087004164,0.5136897001303781
214,2020,0.5735965274068465,0.5467532467532468
215,2022,0.6115433958054439,0.5850785340314136
216,2023,0.5376227453047598,0.525974025974026
217,2024,0.5739527027027026,0.5467532467532468
218,2025,0.6169668898316321,0.5848787446504993
219,2027,0.5850225873524372,0.5597402597402598
220,2028,0.6226785175431379,0.5971316818774446
221,2029,0.59764920478767,0.564935064935065
222,2030,0.5282960199004976,0.5298701298701298
223,2031,0.5797871621621621,0.5506493506493506
224,2032,0.597239047560383,0.5701298701298702
225,2033,0.6335773164612798,0.5945241199478487
226,2034,0.5801562531872795,0.5701298701298702
227,2038,0.5465651953323186,0.5194805194805194
228,2049,0.563319970845481,0.5363636363636364
229,2059,0.5815468471389205,0.5597402597402598
230,2062,0.5912653061224489,0.5597402597402598
231,2069,0.6195204196328212,0.5806451612903226
232,2101,0.5350241791631907,0.525974025974026
233,2102,0.5834744235698889,0.561038961038961
234,2103,0.5763330158279797,0.5623376623376624
235,2104,0.5720708860759494,0.5363636363636364
236,2105,0.5542092526497946,0.538961038961039
237,2106,0.5408960631624486,0.5181818181818182
238,2107,0.5706766197722271,0.5490196078431373
239,2108,0.5374587659528446,0.5402597402597402
240,2109,0.6276474932419251,0.5932203389830508
241,2114,0.6023087594133968,0.5718390804597702
242,2115,0.5904828127228642,0.5527426160337553
243,2201,0.6020366722846061,0.5766233766233766
244,2204,0.5725988623683422,0.5416666666666666
245,2206,0.6493060475409727,0.6012987012987013
246,2207,0.609606925028337,0.5636363636363636
247,2208,0.6264685250389903,0.578125
248,2227,0.5714902603755507,0.538961038961039
249,2228,0.5844334337138456,0.5604166666666667
250,2231,0.5664713064713065,0.5490753911806543
251,2233,0.6833333333333333,0.6666666666666666
252,2236,0.6244470524510247,0.5978260869565217
253,2239,0.6153469611528822,0.58125
254,2243,0.6675409836065574,0.6649746192893401
255,2301,0.5634886891264442,0.5376623376623376
256,2302,0.6040816466036408,0.5714285714285714
257,2303,0.5835696537568195,0.5701298701298702
258,2305,0.5731756756756756,0.5688311688311688
259,2308,0.5694062078272605,0.574025974025974
260,2312,0.5665872635620728,0.5506493506493506
261,2313,0.5604411654812128,0.5506493506493506
262,2314,0.6026176600563442,0.5529411764705883
263,2316,0.5453205500017059,0.5365535248041775
264,2317,0.5483571259028177,0.5377604166666666
265,2321,0.5815088237362019,0.5768725361366623
266,2323,0.5291162585848577,0.5372549019607843
267,2324,0.6070895849785031,0.5662337662337662
268,2327,0.5883535391409408,0.5731225296442688
269,2328,0.5808482215145463,0.564935064935065
270,2329,0.6222913996215591,0.5885416666666666
271,2330,0.5729403255461821,0.5506493506493506
272,2331,0.6814325946381945,0.6261437908496732
273,2332,0.5888830304996756,0.5545454545454546
274,2337,0.5595533752712089,0.5514993481095176
275,2338,0.5936390834296593,0.5619295958279009
276,2340,0.5681311771219225,0.5542483660130719
277,2342,0.5839065323676506,0.5830065359477125
278,2344,0.5842837837837839,0.5662337662337662
279,2345,0.5767858112142431,0.5363636363636364
280,2347,0.5724025272707636,0.5571428571428572
281,2348,0.5857901898529126,0.5633802816901409
282,2349,0.5848125620655412,0.5835509138381201
283,2351,0.6097186631598164,0.5831168831168831
284,2352,0.6119391891891892,0.5831168831168831
285,2353,0.5957662174655338,0.577922077922078
286,2354,0.5820472504706826,0.5558441558441558
287,2355,0.5856929653365388,0.5688311688311688
288,2356,0.5352488791659914,0.5168831168831168
289,2357,0.579297157622739,0.5511811023622047
290,2358,0.5459862267447837,0.5364583333333334
291,2359,0.5297299885101493,0.5163398692810458
292,2360,0.5978497458360372,0.5701298701298702
293,2362,0.583318133608955,0.5506493506493506
294,2363,0.5964470284237725,0.5723598435462842
295,2364,0.5708944695259593,0.5858453473132372
296,2365,0.5969847473267113,0.574025974025974
297,2367,0.5781283982166159,0.5571428571428572
298,2368,0.5850628707959584,0.5636363636363636
299,2369,0.5921919732080161,0.5753246753246753
300,2371,0.5628745777487196,0.5423728813559322
301,2373,0.6226087548505684,0.5919165580182529
302,2374,0.5922128355361767,0.5611979166666666
303,2375,0.6097383619303324,0.5812417437252312
304,2376,0.5958358084026354,0.5701298701298702
305,2377,0.6020092787967323,0.5805194805194805
306,2379,0.594652399201166,0.5623376623376624
307,2380,0.6013568010936432,0.5846354166666666
308,2382,0.5952337546588884,0.5727272727272728
309,2383,0.6095097156093168,0.574025974025974
310,2385,0.5537595203370604,0.5376623376623376
311,2387,0.5753170590185677,0.5558475689881734
312,2388,0.6482001355257152,0.6010430247718384
313,2390,0.6112180526287352,0.5792207792207792
314,2392,0.5818789817514306,0.5584415584415584
315,2393,0.5755756667746463,0.5428571428571428
316,2395,0.5670225751590958,0.5467532467532468
317,2397,0.5794991244143042,0.551948051948052
318,2399,0.6097088824361552,0.5831168831168831
319,2401,0.5789230374689558,0.564935064935065
320,2402,0.5761755274261604,0.5597402597402598
321,2404,0.582962272617445,0.5625
322,2405,0.6283918676662321,0.5974025974025974
323,2406,0.5853144380372104,0.57421875
324,2408,0.5648148148148148,0.5423728813559322
325,2409,0.5892788471269254,0.5571428571428572
326,2412,0.6145700725078873,0.5826771653543307
327,2413,0.5929490423084448,0.5558441558441558
328,2414,0.5720804157846171,0.5623376623376624
329,2415,0.6125358871439686,0.59375
330,2417,0.5957787924911212,0.5753246753246753
331,2419,0.543133635549282,0.5377604166666666
332,2420,0.5657500135699941,0.5428571428571428
333,2421,0.5744441192684903,0.5571428571428572
334,2423,0.6018595361955077,0.5688311688311688
335,2424,0.6204129093497863,0.5606758832565284
336,2425,0.5982698035770662,0.5633986928104575
337,2426,0.5771224489795918,0.5619295958279009
338,2427,0.5949100340411736,0.5584415584415584
339,2428,0.5612885815483218,0.5376623376623376
340,2429,0.6089727156198499,0.579957356076759
341,2430,0.6382182275604612,0.6012987012987013
342,2431,0.582786363882423,0.5636363636363636
343,2433,0.6124036530423926,0.5766233766233766
344,2434,0.5917338431383375,0.5557011795543906
345,2436,0.5470272971197021,0.5215686274509804
346,2438,0.5934429794957177,0.5953991880920162
347,2439,0.5533420289264339,0.5311688311688312
348,2440,0.5891473413306707,0.5757575757575758
349,2441,0.6310134169550758,0.5922077922077922
350,2442,0.590080526838899,0.5454545454545454
351,2443,0.6183311993171149,0.590612777053455
352,2444,0.5870558669490775,0.5651041666666666
353,2448,0.5695735921487238,0.551948051948052
354,2449,0.5501373626373627,0.5467532467532468
355,2450,0.5814058864902885,0.551948051948052
356,2451,0.5903546549303381,0.5558441558441558
357,2453,0.586981897185731,0.564935064935065
358,2454,0.5525339216916652,0.551948051948052
359,2455,0.5759122701092892,0.5611979166666666
360,2456,0.5831323723955462,0.5538057742782152
361,2457,0.5891744946755895,0.5652741514360313
362,2458,0.5639657546792214,0.5325520833333334
363,2459,0.5635869047132682,0.5528031290743155
364,2460,0.5711870748299319,0.5454545454545454
365,2461,0.5903405283570572,0.5753246753246753
366,2462,0.5966751918158569,0.5714285714285714
367,2464,0.5920762354528586,0.5584415584415584
368,2465,0.5873005921281782,0.5686274509803921
369,2466,0.6610702936830813,0.6285714285714286
370,2467,0.5913177506775068,0.5662337662337662
371,2468,0.573040984989037,0.551948051948052
372,2471,0.5738433803273375,0.5623376623376624
373,2472,0.5976256527415145,0.5671447196870926
374,2474,0.6002401488246235,0.564935064935065
375,2476,0.5720475491395481,0.5481770833333334
376,2477,0.6081150593609185,0.5759162303664922
377,2478,0.5707170430089162,0.5378590078328982
378,2480,0.6086720032840722,0.578125
379,2481,0.6036198050978582,0.5611979166666666
380,2482,0.5783323043150169,0.5591677503250976
381,2483,0.5674165266163161,0.535064935064935
382,2484,0.6033267217184803,0.5701298701298702
383,2485,0.578632275581198,0.5428571428571428
384,2486,0.576559302096295,0.538961038961039
385,2488,0.5970890002386067,0.5626631853785901
386,2489,0.5637307554600788,0.5545454545454546
387,2491,0.6055064130915524,0.585464333781965
388,2492,0.6004648760330579,0.581913499344692
389,2493,0.5700032446463335,0.5428571428571428
390,2495,0.5746614289288106,0.551948051948052
391,2496,0.6281814686658977,0.5824345146379045
392,2497,0.5952907197483324,0.564935064935065
393,2498,0.5884138714410316,0.5714285714285714
394,2499,0.6191244548100026,0.5793650793650794
395,2501,0.5573184015249507,0.530638852672751
396,2504,0.572342093878434,0.5376623376623376
397,2505,0.5967331081081081,0.551948051948052
398,2506,0.6010518847128845,0.5835509138381201
399,2509,0.5950633983713179,0.5727272727272728
400,2511,0.5808219178082191,0.5441558441558442
401,2514,0.5865144281520932,0.578125
402,2515,0.5509462410666595,0.5285714285714286
403,2516,0.5812875548097223,0.5558441558441558
404,2520,0.5319118073687265,0.535064935064935
405,2524,0.5509040622299048,0.548051948051948
406,2527,0.5840107944004048,0.5532467532467532
407,2528,0.5922060944825099,0.5739726027397261
408,2530,0.6179619145651055,0.5805194805194805
409,2534,0.5970729887396553,0.5716145833333334
410,2535,0.5733796343167231,0.5701298701298702
411,2536,0.6511577697414583,0.612987012987013
412,2537,0.63807884877738,0.6217277486910995
413,2538,0.5652197419729807,0.5493506493506494
414,2539,0.6180717410323708,0.58994708994709
415,2540,0.6143654114365412,0.5647773279352226
416,2542,0.5534839745333842,0.5423728813559322
417,2543,0.6221025815217391,0.59765625
418,2545,0.5895894269309933,0.5701298701298702
419,2546,0.6357577230175282,0.5987012987012987
420,2547,0.6012400186611314,0.5675324675324676
421,2548,0.5462693749195183,0.5246753246753246
422,2597,0.6145133754726564,0.5697211155378487
423,2601,0.6309247967479675,0.5909090909090909
424,2603,0.5477774172615185,0.5246753246753246
425,2605,0.5986604230100043,0.577922077922078
426,2606,0.6066624262437071,0.5766233766233766
427,2607,0.572358108108108,0.5467532467532468
428,2608,0.5490160349854227,0.522077922077922
429,2609,0.5850965145624446,0.5775749674054759
430,2610,0.5686340446056752,0.5454545454545454
431,2611,0.603432953042328,0.5729166666666666
432,2612,0.5824102105408009,0.57421875
433,2613,0.6001854779650807,0.551948051948052
434,2614,0.5871773636991029,0.5869281045751634
435,2615,0.6152500945281693,0.5792207792207792
436,2616,0.6186957663184657,0.5857142857142857
437,2617,0.6075285551886538,0.5688311688311688
438,2618,0.5766996579432065,0.5506493506493506
439,2630,0.7269646719538573,0.6726190476190477
440,2633,0.5821757274338306,0.5375939849624061
441,2634,0.6071753153193095,0.5633802816901409
442,2636,0.5841106965174129,0.5590551181102362
443,2637,0.5657889396657386,0.5356125356125356
444,2642,0.581578853302831,0.5576519916142557
445,2701,0.5456175002367456,0.5344603381014305
446,2702,0.5954950039218361,0.5703125
447,2704,0.5856298216129749,0.551948051948052
448,2705,0.6121370579331223,0.5768229166666666
449,2706,0.5854156955731648,0.5623376623376624
450,2707,0.620411899624989,0.5922077922077922
451,2712,0.5811883599172044,0.5714285714285714
452,2722,0.6367391863689642,0.5897920604914934
453,2723,0.6026371101769479,0.5667613636363636
454,2727,0.6315347355559434,0.5927750410509032
455,2731,0.5524517552525852,0.539553752535497
456,2739,0.6297706379422416,0.5919732441471572
457,2748,0.6252844652054138,0.5714285714285714
458,2801,0.5577062535157812,0.5571428571428572
459,2809,0.592605842963603,0.5818181818181818
460,2812,0.5768487028485271,0.5506493506493506
461,2816,0.5589410385076907,0.546875
462,2820,0.6616180210400006,0.6161879895561357
463,2823,0.5409253149268937,0.5246753246753246
464,2832,0.5728716654066313,0.561038961038961
465,2834,0.5809887676854952,0.5571428571428572
466,2836,0.5902600748494874,0.5545454545454546
467,2838,0.5727403156384505,0.5514993481095176
468,2841,0.5702213266026163,0.5493506493506494
469,2845,0.5864686916680808,0.551948051948052
470,2849,0.5427167041137853,0.5311688311688312
471,2850,0.5592737785722024,0.5402597402597402
472,2851,0.5874215070643642,0.5623376623376624
473,2852,0.604841811226039,0.5701298701298702
474,2855,0.5505061419088202,0.5376623376623376
475,2867,0.583966062309168,0.5500910746812386
476,2880,0.5654155405405403,0.5623376623376624
477,2881,0.587781996872906,0.5701298701298702
478,2882,0.5530727764621749,0.5272727272727272
479,2883,0.5529574473840827,0.525974025974026
480,2884,0.5966850267958643,0.564935064935065
481,2885,0.5908784216882916,0.561038961038961
482,2886,0.5704239175313556,0.5506493506493506
483,2887,0.5604806854091751,0.5580182529335072
484,2888,0.5672427129132063,0.5584415584415584
485,2889,0.583197841119919,0.5688311688311688
486,2890,0.571908207175621,0.548051948051948
487,2891,0.5258500783233403,0.535064935064935
488,2892,0.5829247698425668,0.5597402597402598
489,2897,0.6320176799007444,0.5877192982456141
490,2901,0.5949487704918033,0.5626631853785901
491,2903,0.5421263216133972,0.525974025974026
492,2904,0.59125653567212,0.5675324675324676
493,2905,0.5599699083016489,0.5376623376623376
494,2906,0.6494647696476965,0.6103896103896104
495,2908,0.5759391191709845,0.561038961038961
496,2910,0.6206352090254706,0.6029411764705882
497,2911,0.5667669418562707,0.5584415584415584
498,2912,0.5531578947368421,0.5376623376623376
499,2913,0.5914069195419362,0.5688311688311688
500,2915,0.5190391229724504,0.49609375
501,2923,0.5769318181818183,0.5447897623400365
502,2929,0.6016982551682133,0.5898520084566596
503,2936,0.7261034619525187,0.6814814814814815
504,2939,0.6295999999999999,0.6114285714285714
505,3002,0.6266793125016997,0.5968790637191157
506,3003,0.5491664473994914,0.5376623376623376
507,3004,0.623503120256367,0.5827814569536424
508,3005,0.5719350442573403,0.5532467532467532
509,3006,0.5598706812184043,0.5467532467532468
510,3008,0.5935828147177641,0.5636363636363636
511,3010,0.5391129250962738,0.5454545454545454
512,3011,0.5489505282893712,0.5246753246753246
513,3013,0.5483119031506127,0.5337662337662338
514,3014,0.6307175528873642,0.6010430247718384
515,3015,0.5714854653141807,0.5358539765319427
516,3016,0.5778006756756756,0.5623376623376624
517,3017,0.5988193919429744,0.5818181818181818
518,3018,0.6102666463718381,0.5905511811023622
519,3019,0.5747827495007287,0.5558441558441558
520,3021,0.5682596903216947,0.5602094240837696
521,3022,0.6087560024009604,0.587467362924282
522,3023,0.5997869510937416,0.5688311688311688
523,3024,0.5873800305376813,0.5714285714285714
524,3025,0.5570089294753681,0.5415584415584416
525,3026,0.5827627372147591,0.5673202614379085
526,3027,0.6032751637919961,0.587012987012987
527,3028,0.6221122223647868,0.5948051948051948
528,3029,0.5635419126328218,0.5415584415584416
529,3030,0.5652355794857262,0.5454545454545454
530,3031,0.584358219883929,0.5727272727272728
531,3032,0.5913568252811681,0.5662337662337662
532,3033,0.597732643415906,0.5714285714285714
533,3034,0.578441695182943,0.5597402597402598
534,3035,0.6042156796083498,0.5775749674054759
535,3036,0.5786025457763255,0.5578673602080624
536,3037,0.5957338045715523,0.561038961038961
537,3038,0.5930312601230969,0.5701298701298702
538,3040,0.6214661654135338,0.592156862745098
539,3041,0.5978473448322694,0.5716145833333334
540,3042,0.5643927889255608,0.5415584415584416
541,3043,0.6086994131650335,0.5896103896103896
542,3044,0.5444308943089432,0.5285714285714286
543,3045,0.6284851617115034,0.6101694915254238
544,3046,0.6151962168266516,0.5853018372703412
545,3047,0.5855563201640761,0.5623376623376624
546,3048,0.5777730470571539,0.5467532467532468
547,3049,0.5844008498875756,0.5638020833333334
548,3050,0.5646174724342663,0.5533854166666666
549,3051,0.5866332721788187,0.5639686684073107
550,3052,0.5927371030124748,0.5766233766233766
551,3054,0.6336173163263905,0.5932203389830508
552,3055,0.5872730387118876,0.559322033898305
553,3056,0.5726506752123406,0.5533854166666666
554,3057,0.5353866452264622,0.5246753246753246
555,3058,0.5803168497172684,0.5584415584415584
556,3059,0.5918449380024526,0.5768229166666666
557,3060,0.6251391188685903,0.5677083333333334
558,3062,0.6206542932512936,0.577922077922078
559,3090,0.6099469549724652,0.574025974025974
560,3094,0.5878538812785388,0.5727272727272728
561,3130,0.5694387844210281,0.5606469002695418
562,3149,0.5563434680509208,0.5502392344497608
563,3164,0.609549062049062,0.5960264900662252
564,3167,0.6126060300663476,0.5676229508196722
565,3189,0.51714210408937,0.4844155844155844
566,3209,0.5755533063427801,0.561038961038961
567,3229,0.6087475312705727,0.5831168831168831
568,3231,0.5824030939615011,0.5584415584415584
569,3257,0.5691097666378565,0.55359765051395
570,3266,0.6394960305496935,0.61
571,3296,0.6055338435651088,0.5831168831168831
572,3305,0.638055132758329,0.6012987012987013
573,3308,0.6289705882352941,0.6118421052631579
574,3311,0.5849545516212182,0.5690104166666666
575,3312,0.5553537071394214,0.5335276967930029
576,3321,0.7117091049382717,0.672782874617737
577,3338,0.5737393465909091,0.5357142857142857
578,3346,0.6637620937732571,0.6235294117647059
579,3356,0.6081652348847325,0.587012987012987
580,3376,0.5872412464773027,0.551948051948052
581,3380,0.5816608409407132,0.5572916666666666
582,3383,0.609854315557999,0.5963541666666666
583,3406,0.5750863837598532,0.5467532467532468
584,3413,0.5444954271623436,0.5279329608938548
585,3416,0.6168252004227567,0.5888324873096447
586,3419,0.5734887877803055,0.5402597402597402
587,3432,0.5942084492032038,0.5568345323741007
588,3437,0.6037352693602692,0.5619266055045872
589,3443,0.5750553515498433,0.5467532467532468
590,3450,0.6151109731072469,0.5948051948051948
591,3454,0.6106228541573369,0.5648854961832062
592,3481,0.590716857034591,0.5558441558441558
593,3494,0.6073934346245559,0.5922077922077922
594,3501,0.5530441184416707,0.522077922077922
595,3504,0.5826937679665888,0.5428571428571428
596,3515,0.6174802894481045,0.5896103896103896
597,3518,0.5687033556681376,0.5506493506493506
598,3528,0.6031800036291054,0.5752508361204013
599,3530,0.7561848292782662,0.7
600,3532,0.6059476767952037,0.5716145833333334
601,3533,0.5910869579884093,0.5597402597402598
602,3535,0.5805638965535898,0.5636363636363636
603,3536,0.6094086604496494,0.5949535192563081
604,3543,0.9500000000000001,0.9166666666666666
605,3545,0.5826805564033178,0.5455729166666666
606,3550,0.6068383301096066,0.5637393767705382
607,3557,0.6495164396561348,0.6167979002624672
608,3563,0.6183462532299742,0.5909090909090909
609,3576,0.5786561958157077,0.5454545454545454
610,3583,0.5732327132327132,0.5411985018726592
611,3588,0.557466011266385,0.5493506493506494
612,3591,0.6280503519481984,0.5829787234042553
613,3593,0.6017155835080363,0.58203125
614,3596,0.5813413620420494,0.5441558441558442
615,3605,0.5939414245199368,0.5896103896103896
616,3607,0.6223877761493785,0.5961038961038961
617,3617,0.5897873661337886,0.5623376623376624
618,3622,0.6080275244953048,0.5636363636363636
619,3645,0.5835866261398177,0.5665101721439749
620,3653,0.518040383978815,0.5116883116883116
621,3661,0.6099358520824489,0.6029055690072639
622,3665,0.5865022632049818,0.5578635014836796
623,3669,0.5913264916102893,0.5555555555555556
624,3673,0.5462924540347293,0.5310734463276836
625,3679,0.5656366425597195,0.5463108320251178
626,3682,0.5998183221325445,0.592814371257485
627,3686,0.590591659320952,0.5769230769230769
628,3694,0.5953500429061784,0.5595238095238095
629,3698,0.5796220133176655,0.5444617784711389
630,3701,0.6560481914218522,0.6057838660578386
631,3702,0.5306581278103284,0.5182291666666666
632,3703,0.5809614078768675,0.5531914893617021
633,3704,0.5735657991202346,0.5552486187845304
634,3705,0.6243034825870647,0.5712230215827339
635,3706,0.5602906005307473,0.5535353535353535
636,3708,0.6139306599832915,0.5884476534296029
637,3711,0.5219907407407407,0.4807692307692308
638,3712,0.5886026541764247,0.5725806451612904
639,4104,0.6021076635564461,0.5584415584415584
640,4106,0.5712657133717646,0.548051948051948
641,4108,0.5697459505541347,0.5584415584415584
642,4119,0.6082955220655756,0.5701298701298702
643,4133,0.5919514631249324,0.5597402597402598
644,4137,0.5519496372767857,0.5604166666666667
645,4141,0.6051755585955312,0.5826377295492488
646,4142,0.6053509050492222,0.5795644891122278
647,4144,0.6046855648823449,0.5696400625978091
648,4148,0.6069444444444444,0.5675675675675675
649,4155,0.6109922756981581,0.5706521739130435
650,4164,0.618468237704918,0.5953654188948306
651,4190,0.6505673906989696,0.6158357771260997
652,4306,0.6191531215116121,0.5971316818774446
653,4414,0.617218140639673,0.5856209150326798
654,4426,0.6036609362054681,0.5673076923076923
655,4438,0.5878374538221086,0.5746268656716418
656,4439,0.696969696969697,0.5945945945945946
657,4526,0.5548868511477543,0.5454545454545454
658,4532,0.6001457598067333,0.5909090909090909
659,4536,0.6252978719858688,0.5857142857142857
660,4540,0.6176870748299319,0.5714285714285714
661,4545,0.5890046296296296,0.5925925925925926
662,4551,0.5961734045258074,0.5633802816901409
663,4552,0.6737038491751768,0.6503496503496503
664,4555,0.5772251308900525,0.5634218289085545
665,4557,0.5799418604651163,0.5292397660818714
666,4560,0.5997996794871795,0.5625
667,4562,0.640625,0.7073170731707317
668,4564,0.6894712430426716,0.6236559139784946
669,4566,0.7276333789329684,0.6549707602339181
670,4571,0.7350852272727273,0.7037037037037037
671,4572,0.5910326086956521,0.6181818181818182
672,4576,0.683974358974359,0.625
673,4581,0.7150000000000001,0.55
674,4720,0.6021139539103612,0.5506849315068493
675,4722,0.6412006869420118,0.578125
676,4725,0.5897788637250273,0.5727272727272728
677,4737,0.6598975026709402,0.6206896551724138
678,4739,0.646585557299843,0.6089108910891089
679,4746,0.5896588486140724,0.5620437956204379
680,4755,0.5494498734533183,0.5167364016736402
681,4763,0.5947674418604652,0.5786350148367952
682,4764,0.6191385669125394,0.615819209039548
683,4766,0.6164606376057254,0.5765765765765766
684,4807,0.7113914373088684,0.6728110599078341
685,4904,0.5813884446963411,0.5558441558441558
686,4906,0.5848530235256814,0.5597402597402598
687,4912,0.638310185185185,0.6102150537634409
688,4915,0.6061606783413848,0.5656028368794326
689,4916,0.6275533167151365,0.5738045738045738
690,4919,0.5735027081180928,0.5524475524475524
691,4927,0.6096328451189609,0.5673352435530086
692,4930,0.5717951039874432,0.5497953615279673
693,4934,0.5872494750906662,0.5617283950617284
694,4935,0.5614654002713704,0.5458715596330275
695,4938,0.5739082742877473,0.5564625850340136
696,4942,0.5734329779829285,0.5416036308623298
697,4943,0.6636495083863504,0.6121673003802282
698,4952,0.5607634212285374,0.555205047318612
699,4956,0.6597794088395592,0.6273584905660378
700,4958,0.5262003084215647,0.5385852090032154
701,4960,0.6087092731829573,0.5581761006289309
702,4961,0.6273964990275076,0.6
703,4967,0.5985605757696921,0.5882352941176471
704,4968,0.6062793343763333,0.5505952380952381
705,4976,0.6045276255292621,0.5531531531531532
706,4977,0.6096732365145229,0.5717255717255717
707,4989,0.6114050558495002,0.5555555555555556
708,4994,0.5941033852611773,0.5991561181434599
709,4999,0.5652216378662661,0.528046421663443
710,5007,0.6421314838331542,0.609642301710731
711,5203,0.5993722064894743,0.556135770234987
712,5215,0.5765848734598734,0.5546623794212219
713,5225,0.5696827973613687,0.5340501792114696
714,5234,0.5729049452176489,0.5601374570446735
715,5243,0.5961421443349155,0.5708333333333333
716,5258,0.6285216840772396,0.5992063492063492
717,5264,0.5707495404537848,0.5452865064695009
718,5269,0.5891294273419398,0.5545454545454546
719,5283,0.6719858156028369,0.6363636363636364
720,5284,0.5677237491190978,0.5648535564853556
721,5285,0.6490807204303091,0.5974025974025974
722,5288,0.6607639363690232,0.6109785202863962
723,5305,0.5851223335377903,0.5541069100391134
724,5388,0.5520998482037442,0.5415584415584416
725,5434,0.5403377935240465,0.5155844155844156
726,5469,0.5977115052370154,0.5597402597402598
727,5471,0.5736648313130832,0.551948051948052
728,5484,0.5697601790077698,0.5611979166666666
729,5515,0.6084358296061961,0.58203125
730,5519,0.5876164130935916,0.5836909871244635
731,5521,0.629217145651111,0.5883424408014571
732,5522,0.5883670715249663,0.5909090909090909
733,5525,0.5700570005985743,0.5410691003911343
734,5531,0.5998207339759851,0.6
735,5533,0.5940188281123195,0.5688311688311688
736,5534,0.5873926951733074,0.5558441558441558
737,5538,0.6328566288900881,0.5856236786469344
738,5607,0.5974854227405249,0.5831168831168831
739,5608,0.6375858221470767,0.5911458333333334
740,5706,0.596875841368926,0.5660377358490566
741,5871,0.5818600505125539,0.5856
742,5876,0.6780684104627767,0.625
743,5880,0.5782073992629243,0.5598086124401914
744,5906,0.6405200985807765,0.6048780487804878
745,5907,0.5828025477707007,0.5559322033898305
746,6005,0.5919808933956726,0.5766233766233766
747,6024,0.7123243933588761,0.6205128205128205
748,6108,0.5984823892225288,0.5714285714285714
749,6112,0.5969861111111111,0.5545454545454546
750,6115,0.5850263023926692,0.551948051948052
751,6116,0.6022396025783142,0.5671447196870926
752,6117,0.5925154152570119,0.5757180156657964
753,6120,0.5578349087353325,0.5363636363636364
754,6128,0.5879352226720648,0.5584415584415584
755,6131,0.5626300351308026,0.5372262773722628
756,6133,0.636199172394925,0.6057441253263708
757,6136,0.592187668718281,0.5688311688311688
758,6139,0.5837200818758486,0.5376623376623376
759,6141,0.5598422218619983,0.5415584415584416
760,6142,0.598108077107328,0.5688311688311688
761,6152,0.5968261426158958,0.564935064935065
762,6153,0.5784438775510203,0.564935064935065
763,6155,0.6022404972248233,0.576072821846554
764,6164,0.5995460836997231,0.5506493506493506
765,6165,0.5687553288044225,0.5790849673202615
766,6166,0.618391401738004,0.5818181818181818
767,6168,0.5455744045003076,0.535064935064935
768,6172,0.6168806977559609,0.5783783783783784
769,6176,0.5962930726204212,0.577922077922078
770,6177,0.5870821754664549,0.5476190476190477
771,6183,0.6791155093828276,0.6363636363636364
772,6184,0.5460013936710936,0.5311688311688312
773,6189,0.6195934959349594,0.5792207792207792
774,6191,0.589673472694863,0.5623376623376624
775,6192,0.5978280788678861,0.5755208333333334
776,6196,0.6220566774138809,0.5896103896103896
777,6197,0.5555816806379064,0.5215123859191656
778,6201,0.6049918500407497,0.577373211963589
779,6202,0.5922738231103247,0.5623376623376624
780,6205,0.604483934150689,0.577922077922078
781,6206,0.599955471896695,0.551948051948052
782,6209,0.5669189070948601,0.561038961038961
783,6213,0.6437868103960663,0.6116883116883117
784,6214,0.6255701892613665,0.5798561151079137
785,6215,0.6007132300098985,0.5682704811443433
786,6216,0.6078916085805373,0.5675324675324676
787,6224,0.5967675554595994,0.5662337662337662
788,6225,0.6560977832267472,0.6212765957446809
789,6226,0.5717116200169635,0.546875
790,6230,0.6412654167185748,0.596931659693166
791,6235,0.616366814022823,0.5731070496083551
792,6239,0.5453140952393831,0.522077922077922
793,6243,0.5475004089868033,0.5337662337662338
794,6251,0.564044883097231,0.538961038961039
795,6257,0.6087553427473895,0.574025974025974
796,6269,0.5505503107518102,0.5246753246753246
797,6271,0.56285392242223,0.525974025974026
798,6277,0.5707909593005482,0.535064935064935
799,6278,0.5956139007960807,0.5656984785615491
800,6281,0.6123831775700934,0.5963541666666666
801,6282,0.5766752577319587,0.551948051948052
802,6283,0.6034716996906613,0.5775749674054759
803,6285,0.5439277795803591,0.5194805194805194
804,6288,0.5969973009446694,0.577922077922078
805,6289,0.5922598838740074,0.5947712418300654
806,6405,0.5884082134082135,0.5427974947807933
807,6409,0.6325318627923568,0.5899122807017544
808,6412,0.6239774570916233,0.6033057851239669
809,6414,0.5747087378640777,0.5614035087719298
810,6415,0.608907488986784,0.5786163522012578
811,6416,0.6352171136653895,0.559748427672956
812,6431,0.6324652777777777,0.5866336633663366
813,6442,0.6303884634387352,0.5777777777777777
814,6443,0.6259228876127974,0.5918367346938775
815,6449,0.6014085894405043,0.5841584158415841
816,6451,0.6036675005803008,0.5609137055837563
817,6452,0.5611183887342395,0.5169712793733682
818,6456,0.5757310115297755,0.555858310626703
819,6464,0.6571098265895955,0.6174496644295302
820,6477,0.6301369863013698,0.6027397260273972
821,6491,0.6835748792270532,0.64
822,6504,0.5547668240850059,0.553639846743295
823,6505,0.6036639676113361,0.5727272727272728
824,6525,0.593119658119658,0.545751633986928
825,6531,0.6610243055555556,0.597972972972973
826,6533,0.5947776993648554,0.5815899581589958
827,6541,0.6057098765432097,0.578125
828,6552,0.6315619967793881,0.592
829,6558,0.5413306451612903,0.509090909090909
830,6573,0.637289029535865,0.6080402010050251
831,6579,0.6793965110796794,0.6213592233009708
832,6581,0.6021567217828899,0.622093023255814
833,6582,0.6404761904761904,0.593607305936073
834,6591,0.5930087390761548,0.5810055865921788
835,6592,0.6517857142857144,0.5405405405405406
836,6605,0.5838122378968267,0.5571428571428572
837,6625,0.6066497604959143,0.6035502958579881
838,6641,0.6765311374163664,0.648
839,6655,0.6449180327868852,0.6036036036036037
840,6666,0.6617555831265509,0.6140350877192983
841,6668,0.6755390835579516,0.5871559633027523
842,6669,0.6240740740740741,0.5617977528089888
843,6670,0.5728291316526611,0.5514018691588785
844,6671,0.6241716079525635,0.6296296296296297
845,6672,0.6148947951273532,0.5882352941176471
846,6674,0.6489398084815322,0.6216216216216216
847,6698,0.66875,0.575
848,6706,0.5570934256055363,0.5
849,6715,0.6071428571428572,0.6666666666666666
850,8011,0.5997346134332436,0.5660964230171073
851,8016,0.5971626180836707,0.5597402597402598
852,8021,0.5486501916646277,0.5260416666666666
853,8028,0.631010101010101,0.6028368794326241
854,8033,0.5514779783294095,0.5671447196870926
855,8039,0.5712633181126332,0.5428571428571428
856,8046,0.5603522380381883,0.5545454545454546
857,8070,0.6027044981371905,0.5749674054758801
858,8072,0.6103137334966653,0.5723598435462842
859,8081,0.5884117301339602,0.5701298701298702
860,8101,0.5873193533462155,0.5703125
861,8103,0.5725596426836509,0.5428571428571428
862,8104,0.6889717425431712,0.6336633663366337
863,8105,0.5435975609756097,0.5181818181818182
864,8110,0.5828869935455877,0.5545454545454546
865,8112,0.5710067757261635,0.5558441558441558
866,8114,0.5817829457364342,0.5641952983725136
867,8131,0.5627256835469523,0.5441558441558442
868,8150,0.6085138280664377,0.5609756097560976
869,8163,0.5661742854055222,0.5467532467532468
870,8201,0.6048026145217854,0.5893089960886571
871,8210,0.6068273419370598,0.5869218500797448
872,8213,0.572346800369798,0.5571428571428572
873,8215,0.606338628937499,0.5829787234042553
874,8222,0.5449511062692917,0.5152284263959391
875,8249,0.5975030528737494,0.5558441558441558
876,8261,0.5898639455782312,0.5541069100391134
877,8271,0.6205005458973712,0.5800865800865801
878,8341,0.6253256621797655,0.5833333333333334
879,8367,0.6295330352707402,0.5905511811023622
880,8374,0.5616658495396851,0.564935064935065
881,8404,0.6118950348510097,0.5844544095665172
882,8411,0.589432109095618,0.5457413249211357
883,8422,0.5479227405247814,0.5179968701095462
884,8427,0.6078791208791209,0.5801652892561984
885,8429,0.6262244761777659,0.5865209471766849
886,8442,0.6546348980559507,0.6083650190114068
887,8443,0.6396050530665915,0.6247030878859857
888,8454,0.650236848666168,0.6359102244389028
889,8462,0.6577034883720929,0.6373626373626373
890,8463,0.6527306435394671,0.6204986149584487
891,8464,0.6026015894436947,0.5504587155963303
892,8466,0.6696033978074958,0.5984848484848485
893,8467,0.5976559139784945,0.5916398713826366
894,8473,0.579245584166844,0.5309090909090909
895,8478,0.614121313833613,0.5901639344262295
896,8480,0.6353914890500256,0.5683760683760684
897,8481,0.6319583214387668,0.6371308016877637
898,8482,0.5632066938037087,0.5413533834586466
899,8488,0.6041986330032083,0.5643153526970954
900,8497,0.7084371108343712,0.6832298136645962
901,8499,0.628526645768025,0.553763440860215
902,8926,0.57427653601123,0.5584415584415584
903,8940,0.6341460922171354,0.5981794538361509
904,8996,0.5935510295267528,0.5591397849462365
905,9802,0.6698282442748092,0.6298932384341637
906,9902,0.6069523984212064,0.577922077922078
907,9904,0.5814275299708391,0.5493506493506494
908,9905,0.5659314573286942,0.5376623376623376
909,9906,0.5995813397129187,0.5689655172413793
910,9907,0.6051687249485429,0.5805194805194805
911,9908,0.6469690436591858,0.6298701298701299
912,9910,0.647518577763379,0.6116883116883117
913,9911,0.5818114307717697,0.5580182529335072
914,9912,0.6085176792450222,0.5908496732026144
915,9914,0.5587961463730571,0.5324675324675324
916,9917,0.6035189960809796,0.5662337662337662
917,9918,0.599004533806426,0.5730659025787965
918,9919,0.5615926761635494,0.5493506493506494
919,9921,0.5834497230262669,0.5675324675324676
920,9924,0.6342947182314477,0.5961038961038961
921,9925,0.6335866735369096,0.6090909090909091
922,9926,0.6175857823794942,0.592747559274756
923,9927,0.5955571775169123,0.5727272727272728
924,9928,0.6435036218675205,0.6380027739251041
925,9929,0.6185464909155682,0.5752330226364847
926,9930,0.5749988173198439,0.5558441558441558
927,9931,0.6848783766599452,0.6285714285714286
928,9933,0.5445912942573403,0.5337662337662338
929,9934,0.5923061259120991,0.564935064935065
930,9935,0.5850036089056687,0.5744125326370757
931,9937,0.6219421282235352,0.5905511811023622
932,9938,0.6062689215639794,0.5909090909090909
933,9939,0.5761988611830742,0.5584415584415584
934,9940,0.5361423815344304,0.522077922077922
935,9941,0.5708353589369631,0.522077922077922
936,9942,0.5815910026244595,0.5727272727272728
937,9943,0.6445248307228628,0.5966057441253264
938,9944,0.5803270443671161,0.5662337662337662
939,9945,0.55439576096396,0.5234375
940,9946,0.5751094589012804,0.5748987854251012
941,9955,0.6007653061224489,0.5844155844155844
942,9958,0.6074330525861139,0.574025974025974
943,1240,0.6684758529020824,0.6370370370370371
944,1258,0.6337358698649022,0.6043046357615894
945,1259,0.6365235523712772,0.5947712418300654
946,1264,0.5872248537196991,0.5567282321899736
947,1268,0.5746746539971079,0.5482233502538071
948,1333,0.6144376409925878,0.5807799442896936
949,1336,0.5600481738589156,0.5344603381014305
950,1565,0.5733735435599543,0.548051948051948
951,1569,0.5724111928587441,0.5545454545454546
952,1570,0.6143075619484571,0.594488188976378
953,1580,0.5793775510204082,0.5363636363636364
954,1584,0.6477957283680176,0.6023468057366362
955,1586,0.6431448440794235,0.6197411003236246
956,1591,0.6219233433387208,0.5925297113752123
957,1593,0.594923480643738,0.5809199318568995
958,1595,0.5908453329148193,0.5586854460093896
959,1597,0.61583634659167,0.5886654478976234
960,1599,0.583186165299136,0.5740402193784278
961,1742,0.6118410099889012,0.587696335078534
962,1752,0.5263344978875527,0.5116883116883116
963,1777,0.6298985019539731,0.6015625
964,1781,0.5666538063232278,0.5441558441558442
965,1784,0.5608286418015481,0.5558441558441558
966,1785,0.588765442591033,0.5597222222222222
967,1788,0.6184969333478071,0.5768229166666666
968,1796,0.6865079365079365,0.6303030303030303
969,1799,0.5899113521192171,0.5801825293350718
970,1813,0.5738025977540253,0.5344603381014305
971,1815,0.5621455193647709,0.5493506493506494
972,2035,0.678749199743918,0.6181046676096181
973,2061,0.6162876322909888,0.6095791001451378
974,2063,0.6126555846708157,0.580829756795422
975,2064,0.606123101054405,0.5833333333333334
976,2065,0.6118857142857143,0.5869565217391305
977,2066,0.5227334650228186,0.5255623721881391
978,2067,0.6153809760367137,0.5869565217391305
979,2070,0.7067099567099567,0.616822429906542
980,2221,0.5732038140482761,0.5597402597402598
981,2230,0.551438992336203,0.5574712643678161
982,2235,0.6321721311475409,0.5989974937343359
983,2596,0.5946733688850192,0.5710560625814863
984,2640,0.5844874100719425,0.5555555555555556
985,2641,0.6875913785785029,0.6385542168674698
986,2643,0.61243881370573,0.5993589743589743
987,2718,0.6129634332148299,0.5739348370927319
988,2719,0.561622003142005,0.5460636515912898
989,2724,0.6926062228169957,0.6606786427145709
990,2726,0.6469785475601357,0.6111111111111112
991,2729,0.6059984077225458,0.5905096660808435
992,2732,0.582371646920039,0.5392405063291139
993,2734,0.6247911024030427,0.591304347826087
994,2736,0.6165834626840626,0.5880503144654088
995,2740,0.6456349206349207,0.6504854368932039
996,2743,0.8541666666666666,0.8
997,2745,0.7327615489130436,0.6602564102564102
998,2752,0.5980392156862745,0.5576923076923077
999,2916,0.5815929020026069,0.5733695652173914
1000,2924,0.6706005799325293,0.61
1001,2926,0.5964432670086242,0.5833333333333334
1002,2928,0.5658012170385395,0.5365079365079365
1003,2937,0.6426546256431797,0.5612244897959183
1004,3064,0.6274125970190261,0.5971316818774446
1005,3066,0.5821961132155036,0.5725806451612904
1006,3067,0.6893912982847581,0.6490630323679727
1007,3071,0.6118139901034637,0.5778364116094987
1008,3073,0.59918955099678,0.589572192513369
1009,3078,0.5983122362869198,0.5701298701298702
1010,3081,0.6107097650581951,0.5916666666666667
1011,3083,0.6093674864035652,0.6142857142857143
1012,3085,0.5855205818608131,0.5785123966942148
1013,3086,0.6020489418394537,0.5692729766803841
1014,3088,0.5505884893639996,0.5376623376623376
1015,3089,0.638631655056383,0.5955204216073782
1016,3092,0.5962444867248984,0.5597315436241611
1017,3093,0.5998297412898135,0.5619596541786743
1018,3095,0.614207997739155,0.5733157199471598
1019,3105,0.6254576455574384,0.5925925925925926
1020,3114,0.5995027736436206,0.5799739921976593
1021,3115,0.5994755384738569,0.5742574257425742
1022,3118,0.5892585068562721,0.538562091503268
1023,3122,0.5824873763938565,0.5435897435897435
1024,3128,0.5805184790916038,0.5545454545454546
1025,3131,0.5647154226859283,0.5447976878612717
1026,3141,0.6271656271656272,0.5964912280701754
1027,3144,0.5506356876049484,0.52088772845953
1028,3147,0.6238224637681159,0.6308724832214765
1029,3152,0.6036626525542714,0.5753246753246753
1030,3162,0.6202573655361424,0.5896414342629482
1031,3163,0.5432731317890327,0.5189873417721519
1032,3169,0.5817240794162566,0.5623376623376624
1033,3171,0.5980059820538384,0.5670650730411687
1034,3176,0.5955846479102294,0.5650793650793651
1035,3178,0.6608187134502923,0.6491228070175439
1036,3188,0.6204423763386028,0.6089828269484808
1037,3191,0.5982456739137855,0.5911458333333334
1038,3202,0.6094147324568522,0.5818181818181818
1039,3205,0.6202141704562124,0.5923482849604221
1040,3206,0.6309716599190284,0.6
1041,3207,0.6247209987500744,0.5897435897435898
1042,3211,0.58657761630459,0.5597402597402598
1043,3213,0.6204052557662183,0.574025974025974
1044,3217,0.6070657872484355,0.5753246753246753
1045,3218,0.5896940125256452,0.5584415584415584
1046,3219,0.6249391891891892,0.6007326007326007
1047,3221,0.598956952178909,0.551948051948052
1048,3224,0.5741756728849728,0.563564875491481
1049,3226,0.6327457264957266,0.5885486018641811
1050,3227,0.5583225178455549,0.5324675324675324
1051,3228,0.5959220667801348,0.5747724317295189
1052,3230,0.5898933486317798,0.5603674540682415
1053,3232,0.6299511069603911,0.5987012987012987
1054,3234,0.6148740639891084,0.5819793205317577
1055,3236,0.5626583946637471,0.5467532467532468
1056,3252,0.6181355446159729,0.5894590846047156
1057,3259,0.5983743424401833,0.5701298701298702
1058,3260,0.5876254925244239,0.548051948051948
1059,3264,0.5904869884461722,0.5545454545454546
1060,3265,0.5620185109568532,0.5397653194263363
1061,3268,0.5432199279379157,0.5494791666666666
1062,3272,0.6137423991155334,0.5727699530516432
1063,3276,0.5903350952569394,0.5657370517928287
1064,3284,0.626733926128591,0.587012987012987
1065,3285,0.5945573380867499,0.5679862306368331
1066,3287,0.5803719497749349,0.544137022397892
1067,3288,0.5911458333333334,0.5843023255813954
1068,3289,0.5786224489795918,0.5488917861799217
1069,3290,0.6064573683307599,0.5831168831168831
1070,3293,0.6187728114615678,0.5857142857142857
1071,3294,0.5860928270042194,0.5506493506493506
1072,3297,0.6236593318704755,0.5844155844155844
1073,3303,0.5648442444990438,0.548051948051948
1074,3306,0.5719996160386155,0.5469973890339426
1075,3310,0.6097750683203701,0.5795006570302234
1076,3313,0.6389888994003907,0.5974025974025974
1077,3317,0.62526227727515,0.5909090909090909
1078,3322,0.5843713948250289,0.5753246753246753
1079,3323,0.6328450045928569,0.5909090909090909
1080,3324,0.5597088593045348,0.5402597402597402
1081,3325,0.6036407385380992,0.5818181818181818
1082,3332,0.6166922290388549,0.5830670926517572
1083,3339,0.6079343844789104,0.568
1084,3354,0.605614342054102,0.5847568988173456
1085,3360,0.5668625338023301,0.5506493506493506
1086,3362,0.6251461233144846,0.5974025974025974
1087,3363,0.6091901728844404,0.5605839416058395
1088,3372,0.5923888904311135,0.5794270833333334
1089,3373,0.5774514976865005,0.5578673602080624
1090,3374,0.5176895799236225,0.5143603133159269
1091,3379,0.6135373134328358,0.5811023622047244
1092,3388,0.5580976412802935,0.5298701298701298
1093,3390,0.6074421146373057,0.5792207792207792
1094,3402,0.6081121212734795,0.5753246753246753
1095,3426,0.6841383462670592,0.642570281124498
1096,3434,0.5812047274113611,0.5578034682080925
1097,3438,0.6111167406386586,0.5818181818181818
1098,3441,0.5777182688142402,0.5504201680672269
1099,3444,0.6126997822424914,0.5986928104575163
1100,3455,0.5610353376703214,0.5441558441558442
1101,3465,0.5975696121036536,0.5588235294117647
1102,3466,0.6060513447432763,0.5784447476125512
1103,3479,0.5726512009613554,0.5412719891745602
1104,3483,0.5550427026258221,0.5298701298701298
1105,3484,0.5625202790395847,0.5701298701298702
1106,3489,0.6148271404604086,0.5869281045751634
1107,3490,0.6054091444538805,0.5768229166666666
1108,3491,0.5977366672070027,0.5662337662337662
1109,3492,0.5925305765870704,0.5618279569892473
1110,3498,0.6020317264535581,0.5794270833333334
1111,3499,0.5782827243800747,0.5753246753246753
1112,3508,0.5831962691466823,0.5714285714285714
1113,3511,0.5890434699869509,0.5688311688311688
1114,3512,0.6073126167710737,0.5916775032509753
1115,3516,0.5288761941871872,0.5236220472440944
1116,3520,0.6146434603305952,0.5846354166666666
1117,3521,0.6583359563529536,0.6279683377308707
1118,3522,0.5921664310569814,0.5714285714285714
1119,3523,0.6058836291361066,0.5729303547963206
1120,3526,0.5918616033755274,0.564935064935065
1121,3527,0.6120101265822785,0.5857142857142857
1122,3529,0.6010746198595116,0.5788712011577424
1123,3531,0.5838981014179283,0.5458115183246073
1124,3537,0.5317690320287617,0.5124183006535947
1125,3540,0.5481689189189188,0.535064935064935
1126,3541,0.6326619433198382,0.5909090909090909
1127,3546,0.5665443437476769,0.5597402597402598
1128,3548,0.5894914016872161,0.561038961038961
1129,3551,0.5775253683812814,0.5441558441558442
1130,3552,0.6046660727783177,0.5805194805194805
1131,3555,0.6302320019134179,0.5936454849498328
1132,3556,0.5949493243243243,0.561038961038961
1133,3558,0.5981918408388996,0.5602536997885835
1134,3564,0.6207983193277311,0.6042105263157894
1135,3567,0.6301797486441724,0.6017069701280228
1136,3570,0.6352671902197005,0.5973856209150327
1137,3577,0.5600712116167347,0.5286458333333334
1138,3580,0.6264158576051779,0.6095890410958904
1139,3581,0.584049225255613,0.5524296675191815
1140,3587,0.5995034441813238,0.5584415584415584
1141,3594,0.5287804231245212,0.5334608030592735
1142,3597,0.797979797979798,0.9
1143,3609,0.5689283689283688,0.5625
1144,3611,0.5913195780266062,0.5753246753246753
1145,3615,0.5881777929155314,0.5684485006518905
1146,3623,0.5982550482879718,0.5700808625336927
1147,3624,0.5824561403508771,0.5645161290322581
1148,3625,0.5868556962025315,0.5506493506493506
1149,3628,0.6109791357349379,0.5885634588563459
1150,3629,0.5861767279090114,0.5703363914373089
1151,3630,0.5815427589170605,0.5508021390374331
1152,3631,0.6241519556940117,0.566813509544787
1153,3632,0.6613133262733577,0.6233766233766234
1154,3642,0.5891997861343787,0.5678627145085804
1155,3646,0.5981740481740482,0.5737976782752903
1156,3652,0.6079095261222507,0.5650459921156373
1157,3663,0.5904106910039113,0.5495495495495496
1158,3664,0.6275828730316952,0.5846994535519126
1159,3666,0.5889727175735406,0.5851851851851851
1160,3672,0.6115007012622722,0.582010582010582
1161,3675,0.5983082706766918,0.5804794520547946
1162,3680,0.5949050185376294,0.5703245749613601
1163,3684,0.6303971845148315,0.6088888888888889
1164,3685,0.6167921547537017,0.6140602582496413
1165,3687,0.6214201730074745,0.5974025974025974
1166,3689,0.5991966646329062,0.5747330960854092
1167,3691,0.5733131453054783,0.5432624113475177
1168,3693,0.5942219880576045,0.5657620041753654
1169,3707,0.6110065960609439,0.5813397129186603
1170,3709,0.6585314977054652,0.6377551020408163
1171,3710,0.5984555984555985,0.5418994413407822
1172,3713,0.6965811965811965,0.5909090909090909
1173,4102,0.5864433282134308,0.576072821846554
1174,4105,0.5531308016877637,0.5181818181818182
1175,4107,0.5980107468519323,0.5651041666666666
1176,4109,0.6044863659749613,0.5703125
1177,4111,0.5854228429035461,0.5558441558441558
1178,4113,0.6128675897498459,0.5844155844155844
1179,4114,0.5369032832919322,0.5246753246753246
1180,4116,0.6554954821507925,0.5805471124620061
1181,4120,0.5703078564867349,0.548051948051948
1182,4121,0.6132454768818405,0.6025974025974026
1183,4123,0.5668688795109019,0.5584415584415584
1184,4126,0.5821975628020968,0.5501955671447197
1185,4127,0.589744891397784,0.5506493506493506
1186,4128,0.6010583297852929,0.5766233766233766
1187,4129,0.5467127674764907,0.5285714285714286
1188,4130,0.6271862518393946,0.5977382875605816
1189,4131,0.6288652759709248,0.608955223880597
1190,4138,0.5835260187464261,0.5675287356321839
1191,4139,0.6127981947130882,0.6041979010494752
1192,4147,0.5958874458874459,0.5748502994011976
1193,4152,0.6114374848067418,0.5923217550274223
1194,4153,0.5766178266178267,0.5606936416184971
1195,4154,0.5350788781770377,0.5264026402640264
1196,4157,0.5831891792418109,0.5565031982942431
1197,4160,0.5975333814058731,0.5711775043936731
1198,4161,0.6047131617141548,0.572265625
1199,4162,0.5995670995670996,0.5782073813708261
1200,4163,0.6140121164744968,0.579136690647482
1201,4167,0.638977688977689,0.5873925501432665
1202,4168,0.6258850593712979,0.599271402550091
1203,4171,0.6588577857190127,0.6173708920187794
1204,4173,0.6916580400276053,0.6460905349794238
1205,4174,0.6300323606845107,0.5963541666666666
1206,4175,0.6246474443520078,0.5720720720720721
1207,4183,0.6099358974358975,0.5973451327433629
1208,4188,0.6582411214437485,0.6223958333333334
1209,4192,0.6063239374908719,0.6029055690072639
1210,4198,0.6120060407752328,0.6080402010050251
1211,4205,0.6238570921695461,0.58984375
1212,4207,0.5921525889236043,0.5532467532467532
1213,4303,0.6232458943507379,0.5862977602108037
1214,4304,0.601094155794262,0.5724137931034483
1215,4305,0.6383995088006549,0.597997138769671
1216,4401,0.6035260921344665,0.5623376623376624
1217,4402,0.5852806490561593,0.5656292286874154
1218,4406,0.6408494208494208,0.6017569546120058
1219,4413,0.6045200525969756,0.5873925501432665
1220,4416,0.6401455496850234,0.5914742451154529
1221,4417,0.5773337112622826,0.551948051948052
1222,4419,0.5971596927966102,0.5737410071942446
1223,4420,0.5717083536955587,0.545578231292517
1224,4429,0.6238649532144525,0.5829662261380323
1225,4430,0.624945054945055,0.6117824773413897
1226,4432,0.5958747135217723,0.5667870036101083
1227,4433,0.6028256124181421,0.5651105651105651
1228,4502,0.610650826528264,0.5859154929577465
1229,4503,0.6276613750643525,0.6115485564304461
1230,4506,0.5909932602627817,0.5697522816166884
1231,4510,0.5766023341794504,0.548051948051948
1232,4513,0.5763630321403622,0.5494791666666666
1233,4523,0.5631175619609128,0.5571428571428572
1234,4527,0.6215760296568378,0.5924479166666666
1235,4528,0.6174879482179612,0.5896103896103896
1236,4529,0.5606010247888104,0.5658409387222947
1237,4530,0.6079252688729814,0.554093567251462
1238,4533,0.5821961721196415,0.5324675324675324
1239,4534,0.6173964295351578,0.5830013280212484
1240,4535,0.6062299341568266,0.576271186440678
1241,4538,0.7368526696105981,0.65
1242,4541,0.6089594127806564,0.5727482678983834
1243,4542,0.5973969143057187,0.5625
1244,4543,0.6357371933778279,0.6065573770491803
1245,4549,0.6020804505619887,0.5665024630541872
1246,4550,0.6406846737145071,0.6115485564304461
1247,4554,0.6351893453145058,0.6079136690647482
1248,4556,0.6524485276023295,0.597444089456869
1249,4561,0.634906045751634,0.6326530612244898
1250,4563,0.6913429522752497,0.644927536231884
1251,4568,0.7017857142857142,0.6198347107438017
1252,4580,0.8461538461538461,0.7419354838709677
1253,4609,0.5959189402446056,0.5733882030178327
1254,4702,0.6291448029474155,0.6089238845144357
1255,4706,0.5997967269595177,0.5656167979002624
1256,4707,0.5819525468589639,0.5623376623376624
1257,4711,0.6354431354431354,0.6108179419525066
1258,4712,0.6069664031620553,0.5900783289817232
1259,4714,0.5963009166350273,0.5675324675324676
1260,4716,0.5937533853320333,0.5675324675324676
1261,4721,0.5668712445190278,0.5324675324675324
1262,4726,0.5961435218324982,0.5717299578059072
1263,4728,0.6100647993311037,0.567043618739903
1264,4729,0.5824502625034541,0.5825747724317295
1265,4735,0.5732869703630714,0.5307692307692308
1266,4736,0.6307930471245032,0.6025641025641025
1267,4741,0.6693029631973004,0.6020408163265306
1268,4743,0.5639118864577174,0.5444617784711389
1269,4744,0.560330747243773,0.5390070921985816
1270,4745,0.5895063873559543,0.5722222222222222
1271,4747,0.6746738632895941,0.6331877729257642
1272,4754,0.5717036493673208,0.515625
1273,4760,0.6483325037332006,0.5888888888888889
1274,4767,0.6055440771349863,0.5272727272727272
1275,4803,0.5601331360946745,0.5440729483282675
1276,4804,0.689652448657188,0.6676737160120846
1277,4806,0.6482664622199505,0.6270096463022508
1278,4903,0.5815580533463183,0.5558441558441558
1279,4905,0.6321870094191523,0.5767195767195767
1280,4907,0.6533329210981944,0.6112084063047285
1281,4908,0.5908227783487262,0.5597402597402598
1282,4909,0.5562563697599233,0.5402597402597402
1283,4911,0.6187580911566448,0.6076696165191741
1284,4924,0.6768521055997075,0.6446540880503144
1285,4931,0.7932692307692307,0.6851851851851852
1286,4933,0.6060752078609223,0.5779816513761468
1287,4939,0.5563423228079686,0.5396578538102644
1288,4944,0.5874878489098736,0.5813253012048193
1289,4946,0.5769939360274036,0.5707831325301205
1290,4947,0.5543819797462275,0.5576619273301737
1291,4950,0.6044878075707601,0.5845588235294118
1292,4953,0.5605727269448552,0.5626326963906582
1293,4966,0.5665103985800826,0.5295031055900621
1294,4971,0.6054820002188424,0.5691699604743083
1295,4972,0.5893322228952149,0.5642023346303502
1296,4973,0.552587607333488,0.5408163265306123
1297,4974,0.5928214674438239,0.5843949044585988
1298,4979,0.6355421686746987,0.6038338658146964
1299,4987,0.6036890324865009,0.5863787375415282
1300,4991,0.5565653153153152,0.54739336492891
1301,4995,0.5938225041430939,0.5608108108108109
1302,5009,0.5408651733254002,0.5311688311688312
1303,5011,0.647279474276786,0.6306913996627319
1304,5013,0.6293441938178779,0.5738786279683378
1305,5014,0.600119415947457,0.5831168831168831
1306,5015,0.5556588528813193,0.5454545454545454
1307,5016,0.587111801242236,0.5683930942895087
1308,5102,0.614518970189702,0.587012987012987
1309,5201,0.582133552721788,0.5667539267015707
1310,5202,0.6021960478234647,0.5585106382978723
1311,5205,0.6054519595448798,0.5612648221343873
1312,5206,0.6343650681937725,0.6019021739130435
1313,5209,0.6271941391941391,0.5953991880920162
1314,5210,0.5951098501980455,0.5673202614379085
1315,5211,0.575319385048449,0.5467532467532468
1316,5212,0.6407495222591831,0.5883134130146083
1317,5213,0.5995822730109952,0.5887728459530026
1318,5220,0.6630851241046144,0.6346153846153846
1319,5223,0.6667321288295366,0.6853146853146853
1320,5227,0.6282462949894143,0.5836820083682008
1321,5230,0.6293947103043638,0.5803722504230119
1322,5245,0.6557429485315499,0.6172506738544474
1323,5251,0.6038548752834467,0.5732368896925859
1324,5263,0.5918017539197449,0.5646630236794171
1325,5272,0.5878881477833983,0.555984555984556
1326,5274,0.499890715159993,0.4866412213740458
1327,5276,0.5925633716787132,0.5743073047858942
1328,5278,0.5838035769349367,0.568359375
1329,5281,0.5896474277481143,0.5566343042071198
1330,5287,0.5580278488206877,0.5497835497835498
1331,5289,0.6017892020089286,0.5625
1332,5291,0.6098370927318296,0.6
1333,5299,0.6335095836087244,0.603448275862069
1334,5301,0.6245692521612962,0.6061068702290077
1335,5302,0.6163211177873934,0.5714285714285714
1336,5304,0.6313852442614984,0.6090425531914894
1337,5306,0.5579611530372386,0.5281045751633987
1338,5309,0.5642668059909439,0.5617685305591678
1339,5310,0.6231594249267943,0.608355091383812
1340,5312,0.6269355821987401,0.5851755526657998
1341,5314,0.6315564342199855,0.601593625498008
1342,5315,0.5685544322948903,0.5399737876802096
1343,5321,0.6706746743753322,0.6185714285714285
1344,5324,0.6396389557623209,0.612
1345,5328,0.5998921051184782,0.5853976531942634
1346,5340,0.6191749427043545,0.5939947780678851
1347,5344,0.6416219961091129,0.5968379446640316
1348,5345,0.5609291778357912,0.5539473684210526
1349,5347,0.6016472179942498,0.5844155844155844
1350,5348,0.6528971759451394,0.5918367346938775
1351,5349,0.585000236440157,0.5792207792207792
1352,5351,0.5719062078272605,0.5441558441558442
1353,5353,0.6366734318861249,0.596078431372549
1354,5355,0.5745579174054523,0.561038961038961
1355,5356,0.6082064297800338,0.5851755526657998
1356,5364,0.618550785732687,0.5959252971137521
1357,5371,0.5905937200054847,0.5510471204188482
1358,5381,0.5930303949611395,0.5634178905206942
1359,5383,0.6071738996530084,0.5600522193211488
1360,5386,0.5699445014457606,0.5358361774744027
1361,5392,0.5896997769771831,0.5493506493506494
1362,5398,0.5955542885749249,0.575
1363,5403,0.602146039519777,0.57421875
1364,5410,0.6084344297888509,0.5753246753246753
1365,5425,0.5795304232804233,0.5454545454545454
1366,5426,0.6049688141267955,0.5701298701298702
1367,5432,0.5742206688078595,0.5360983102918587
1368,5438,0.573554054054054,0.5584415584415584
1369,5439,0.5730668989358829,0.5584415584415584
1370,5443,0.5681388420307995,0.5449804432855281
1371,5450,0.5720407731376975,0.5740498034076016
1372,5452,0.6036909824815248,0.5844155844155844
1373,5455,0.6206428988895383,0.5811965811965812
1374,5457,0.6130392023874118,0.5807291666666666
1375,5460,0.6015032479678943,0.5729166666666666
1376,5464,0.6219339317235412,0.578125
1377,5465,0.6203502183530349,0.5902503293807642
1378,5468,0.6202376260386901,0.5965909090909091
1379,5474,0.5803259525071701,0.5617685305591678
1380,5475,0.5416010686513048,0.5572916666666666
1381,5478,0.5983789390898737,0.5714285714285714
1382,5481,0.5797968240760002,0.5517693315858454
1383,5483,0.559045768566494,0.5402597402597402
1384,5487,0.5868095602028766,0.5520421607378129
1385,5488,0.5469913456643476,0.5285714285714286
1386,5489,0.6313000216309755,0.5922077922077922
1387,5490,0.5733772151898736,0.5467532467532468
1388,5493,0.6471982846088287,0.6033810143042913
1389,5498,0.578681611739463,0.5376623376623376
1390,5508,0.5965896441221117,0.5506493506493506
1391,5511,0.6263251249206306,0.5950196592398427
1392,5512,0.5689430554055513,0.5584415584415584
1393,5514,0.5752709190672153,0.5555555555555556
1394,5516,0.5774399321285076,0.5374823196605375
1395,5520,0.6181488659201838,0.5901201602136181
1396,5523,0.6281735843674225,0.6156914893617021
1397,5529,0.5953604181385428,0.5652741514360313
1398,5530,0.596263088298791,0.5584415584415584
1399,5536,0.5967503395947369,0.5609065155807366
1400,5543,0.6222193548387096,0.5964285714285714
1401,5601,0.6445888347647738,0.6067864271457086
1402,5603,0.5933784226028144,0.5598958333333334
1403,5604,0.6157046669599517,0.5940054495912807
1404,5609,0.558057399611399,0.5506493506493506
1405,5701,0.6014418054868327,0.5814863102998696
1406,5703,0.6556379821958457,0.6200941915227629
1407,5704,0.643627643095758,0.5893129770992367
1408,5820,0.5932414877615206,0.5619295958279009
1409,5864,0.6777621503359899,0.625
1410,5878,0.6694963214487832,0.6022408963585434
1411,5902,0.5925366839079185,0.5660377358490566
1412,5903,0.5855650522317191,0.5533854166666666
1413,5904,0.5935986394557823,0.561038961038961
1414,5905,0.5548914476575547,0.535064935064935
1415,6015,0.5568877411597529,0.5441558441558442
1416,6016,0.5958771763302055,0.5571428571428572
1417,6020,0.5964779157281767,0.5675324675324676
1418,6021,0.5853696646082568,0.5597402597402598
1419,6023,0.5373455041018999,0.5168831168831168
1420,6026,0.5881716552470249,0.5880503144654088
1421,6101,0.6269207614242304,0.596816976127321
1422,6103,0.6408840239249596,0.6
1423,6104,0.5252901484480432,0.5116883116883116
1424,6109,0.6016365770809745,0.5684210526315789
1425,6111,0.5910849291936908,0.5609418282548476
1426,6113,0.550539934800326,0.5331599479843954
1427,6114,0.6685663467205524,0.6256077795786061
1428,6118,0.5907628299721265,0.5857142857142857
1429,6121,0.5599998639844398,0.5423728813559322
1430,6122,0.6078499702268175,0.5682704811443433
1431,6123,0.5672554347826088,0.5571428571428572
1432,6124,0.6104043569495832,0.5721784776902887
1433,6125,0.6102983352340592,0.564935064935065
1434,6126,0.607328867787794,0.5844155844155844
1435,6127,0.5670800032400907,0.538961038961039
1436,6129,0.5667381814992477,0.5532467532467532
1437,6130,0.5945589101953851,0.5666666666666667
1438,6134,0.6045852335757427,0.5838751625487646
1439,6138,0.5979559104559105,0.5704960835509139
1440,6140,0.5554461439121837,0.5482954545454546
1441,6143,0.5654062686082391,0.538961038961039
1442,6144,0.6528232494411192,0.6041666666666666
1443,6146,0.6252530774214448,0.5974025974025974
1444,6147,0.5634883673841294,0.5467532467532468
1445,6148,0.5792473518702417,0.5626631853785901
1446,6150,0.5719698006790055,0.5464052287581699
1447,6151,0.571457485781367,0.5623376623376624
1448,6154,0.5989283776451437,0.5729166666666666
1449,6156,0.6081679076639507,0.5883940620782726
1450,6158,0.6324209295368634,0.6098829648894668
1451,6160,0.5826950718339418,0.5558441558441558
1452,6161,0.5894360512051666,0.5638020833333334
1453,6163,0.6016179018026308,0.5727272727272728
1454,6167,0.5766604022824147,0.5423728813559322
1455,6169,0.563767538648554,0.5651041666666666
1456,6170,0.6258424457316083,0.5948051948051948
1457,6171,0.5876639325959777,0.5700680272108843
1458,6173,0.5884904981430811,0.56640625
1459,6174,0.607382108183079,0.5721784776902887
1460,6175,0.5602499055432613,0.5337662337662338
1461,6179,0.6349369337360101,0.6121372031662269
1462,6180,0.5565293069948187,0.5272727272727272
1463,6182,0.5595474300831444,0.5428571428571428
1464,6185,0.5862967556540539,0.5584415584415584
1465,6186,0.631832630059408,0.5900783289817232
1466,6187,0.5787618083670716,0.5545454545454546
1467,6188,0.5704513070549226,0.5493506493506494
1468,6190,0.5921674913934117,0.5714285714285714
1469,6194,0.6021264170388182,0.5738562091503268
1470,6195,0.6153085817965176,0.5825747724317295
1471,6198,0.6021088242443886,0.5675675675675675
1472,6199,0.5895400751187018,0.5763293310463122
1473,6203,0.5565338244918061,0.5415584415584416
1474,6204,0.6261555767657485,0.5992167101827677
1475,6207,0.5565866526338515,0.5402597402597402
1476,6208,0.5431265559458446,0.5221354166666666
1477,6210,0.5804636209813875,0.5721716514954487
1478,6212,0.672658527696793,0.6108597285067874
1479,6217,0.5482893786980252,0.5311688311688312
1480,6218,0.5984656802218489,0.5571428571428572
1481,6219,0.6474666950113379,0.6296296296296297
1482,6220,0.6093060610373503,0.5766233766233766
1483,6221,0.6073153257417626,0.5643044619422573
1484,6222,0.6007760416666668,0.5725806451612904
1485,6223,0.5778846153846153,0.5506493506493506
1486,6227,0.5802804421055481,0.5617685305591678
1487,6228,0.5879505110274341,0.5608465608465608
1488,6229,0.5780755118788447,0.5651041666666666
1489,6231,0.601433367768595,0.5688311688311688
1490,6233,0.6143353040082443,0.5844155844155844
1491,6234,0.5611170900427098,0.5467532467532468
1492,6236,0.6101184719535783,0.5790754257907542
1493,6237,0.5480034300221466,0.522077922077922
1494,6238,0.5813186813186813,0.5826086956521739
1495,6240,0.6219385033221786,0.6155717761557178
1496,6241,0.5611519851021936,0.5503448275862068
1497,6242,0.6267948806881244,0.5826446280991735
1498,6244,0.5903293143294771,0.5701298701298702
1499,6245,0.5634618891012351,0.5376623376623376
1500,6246,0.6391125541125542,0.6173333333333333
1501,6247,0.6257427235711056,0.5925925925925926
1502,6248,0.6143442072761445,0.5850144092219021
1503,6259,0.5882348275752673,0.5538461538461539
1504,6261,0.5690228872645299,0.548051948051948
1505,6263,0.5778558661033475,0.5467532467532468
1506,6264,0.6189723347625765,0.5916230366492147
1507,6265,0.582442645074224,0.5493506493506494
1508,6266,0.59024064171123,0.5597402597402598
1509,6270,0.5724313415811179,0.5571428571428572
1510,6274,0.5612940379403794,0.564935064935065
1511,6275,0.602749824162744,0.5857142857142857
1512,6276,0.6089038988644627,0.5817941952506597
1513,6279,0.5938935267736531,0.5766233766233766
1514,6284,0.5904291033388268,0.5520833333333334
1515,6287,0.6117025921956254,0.5893854748603352
1516,6290,0.5560518284448766,0.5428571428571428
1517,6291,0.6626730644274504,0.6320754716981132
1518,6292,0.5862527836619412,0.5656697009102731
1519,6294,0.6100211657440574,0.5655270655270656
1520,6404,0.6177883570279552,0.581986143187067
1521,6411,0.6104869976359337,0.5760869565217391
1522,6417,0.6732209737827716,0.6320474777448071
1523,6418,0.6933040078201368,0.6526315789473685
1524,6419,0.6832845377185541,0.6572164948453608
1525,6425,0.6215521271622253,0.61
1526,6426,0.587547519007603,0.55
1527,6432,0.6427559487668777,0.5887096774193549
1528,6435,0.654800061050061,0.6080246913580247
1529,6438,0.6038415366146458,0.5367965367965368
1530,6441,0.6288235294117647,0.6256410256410256
1531,6446,0.6229783037475345,0.6153846153846154
1532,6457,0.5586763153927334,0.5546448087431693
1533,6461,0.626799123904881,0.5987654320987654
1534,6462,0.5790601503759399,0.5382262996941896
1535,6465,0.6550279329608939,0.64
1536,6469,0.6039934492315444,0.5760517799352751
1537,6470,0.580868859401468,0.5473372781065089
1538,6472,0.6737943925233645,0.6206896551724138
1539,6482,0.6170287071313824,0.6115702479338843
1540,6485,0.6312173477420739,0.6
1541,6486,0.6169181034482758,0.5970695970695971
1542,6488,0.6548027156012637,0.6086956521739131
1543,6492,0.6084648058252428,0.5627705627705628
1544,6494,0.6408163265306123,0.5913621262458472
1545,6496,0.6139160919102236,0.5524691358024691
1546,6497,0.6192072653199796,0.6367713004484304
1547,6499,0.5790207006369427,0.5614035087719298
1548,6506,0.5574801608483684,0.5394932935916542
1549,6508,0.5742176898442165,0.5493506493506494
1550,6509,0.6160060975609757,0.577922077922078
1551,6510,0.6169791666666666,0.5483870967741935
1552,6512,0.627554615926709,0.6054421768707483
1553,6514,0.6444494064232817,0.5945121951219512
1554,6516,0.715034965034965,0.7037037037037037
1555,6523,0.6031924031303684,0.590443686006826
1556,6527,0.7894736842105263,0.8181818181818182
1557,6530,0.614010989010989,0.5730994152046783
1558,6532,0.5375302663438256,0.5330882352941176
1559,6535,0.6343191964285714,0.6139705882352942
1560,6538,0.6842058562555456,0.6755725190839694
1561,6542,0.6478357191547376,0.6162361623616236
1562,6547,0.6190134099616859,0.6352201257861635
1563,6548,0.683885973927625,0.6654411764705882
1564,6556,0.6729390681003584,0.6455026455026455
1565,6560,0.6569916396979504,0.6356275303643725
1566,6561,0.6511584800741427,0.5743243243243243
1567,6568,0.6366279069767441,0.6205533596837944
1568,6569,0.615567216391804,0.6220472440944882
1569,6570,0.6563620071684588,0.615819209039548
1570,6574,0.6551369863013697,0.6405228758169934
1571,6576,0.6342094782954998,0.6293706293706294
1572,6577,0.654596201246919,0.5957446808510638
1573,6578,0.6583417849898581,0.6031746031746031
1574,6589,0.6328125,0.6285714285714286
1575,6590,0.7009803921568627,0.6633663366336634
1576,6593,0.6257968262579682,0.6206896551724138
1577,6594,0.6151333910443062,0.5921052631578947
1578,6596,0.6722200697404106,0.6136363636363636
1579,6603,0.5825773718924404,0.5376623376623376
1580,6609,0.5601959302639391,0.5402597402597402
1581,6612,0.6395807388958076,0.5899280575539568
1582,6613,0.604119425547997,0.5642458100558659
1583,6615,0.702470007057163,0.6494252873563219
1584,6616,0.6710772520716386,0.630057803468208
1585,6624,0.6796296296296297,0.64
1586,6629,0.6860739575137687,0.5972222222222222
1587,6640,0.6559029807130333,0.6153846153846154
1588,6642,0.7395833333333334,0.6923076923076923
1589,6643,0.7301010101010101,0.65
1590,6649,0.5709064327485379,0.5405405405405406
1591,6654,0.6521239954075775,0.5126050420168067
1592,6662,0.7415021929824561,0.7078651685393258
1593,6664,0.6339330334832584,0.6141732283464567
1594,6667,0.7991530550514216,0.7130434782608696
1595,6679,0.7539787798408488,0.654320987654321
1596,6680,0.815,0.7142857142857143
1597,6683,0.5376093294460641,0.5595238095238095
1598,6690,0.6136363636363636,0.6222222222222222
1599,6697,0.7011278195488722,0.7575757575757576
1600,6716,0.7777777777777778,0.75
1601,6803,0.6166149430311507,0.582995951417004
1602,7402,0.5783867403314917,0.5751633986928104
1603,8024,0.5833470966321207,0.5594771241830065
1604,8027,0.6049503483029495,0.5652173913043478
1605,8032,0.6329327414503081,0.582995951417004
1606,8034,0.5915089573433832,0.5684485006518905
1607,8038,0.6286744169808686,0.5841995841995842
1608,8040,0.6463566805616499,0.6158854166666666
1609,8042,0.5908504937196699,0.5701298701298702
1610,8043,0.5584158348333607,0.5339425587467362
1611,8044,0.5890446292211099,0.551948051948052
1612,8047,0.5758167508167509,0.5517711171662125
1613,8048,0.5776520136878127,0.551948051948052
1614,8049,0.5818067218347804,0.564935064935065
1615,8050,0.5788635013233944,0.5545454545454546
1616,8054,0.5734714003944773,0.5766233766233766
1617,8059,0.577072058844094,0.5442536327608983
1618,8064,0.5874095670014038,0.5623376623376624
1619,8066,0.6082961897915169,0.586687306501548
1620,8067,0.6525266880391316,0.6194563662374821
1621,8068,0.5802229403219589,0.5591836734693878
1622,8069,0.5793706482431045,0.5597402597402598
1623,8071,0.5873947578555118,0.5633986928104575
1624,8074,0.5784144458888528,0.5506493506493506
1625,8076,0.5646219031683489,0.5506493506493506
1626,8077,0.6497136311569301,0.6307385229540918
1627,8080,0.634321524638013,0.6026666666666667
1628,8083,0.6175864978902953,0.5857142857142857
1629,8084,0.6400954176073794,0.5905511811023622
1630,8085,0.6233789029535866,0.5922077922077922
1631,8086,0.5722746490783021,0.5402597402597402
1632,8087,0.6043242855606153,0.5913173652694611
1633,8088,0.5738482659741384,0.5597402597402598
1634,8091,0.5983201312969645,0.5703125
1635,8092,0.6396764738110893,0.5974025974025974
1636,8093,0.583559670781893,0.5686274509803921
1637,8096,0.5359583779982384,0.525974025974026
1638,8097,0.6372414957373174,0.5979680696661829
1639,8099,0.5746107032978895,0.548051948051948
1640,8107,0.6090485074626866,0.573490813648294
1641,8109,0.604045091046631,0.5688311688311688
1642,8111,0.5512286661370299,0.5598958333333334
1643,8121,0.5619150248392061,0.5636363636363636
1644,8147,0.6051003381521242,0.5670498084291188
1645,8155,0.5797259255324799,0.5573770491803278
1646,8171,0.5837273933963829,0.5610932475884244
1647,8176,0.5848658614709145,0.5568627450980392
1648,8182,0.5446983830845771,0.5324675324675324
1649,8183,0.6472382885168273,0.6168831168831169
1650,8234,0.5575926125931526,0.525974025974026
1651,8240,0.6215424655276602,0.577922077922078
1652,8255,0.5884544391180586,0.5714285714285714
1653,8277,0.5767531900970663,0.5675324675324676
1654,8279,0.6519142003801249,0.6286764705882353
1655,8287,0.6146614985654381,0.589238845144357
1656,8289,0.6045565666168681,0.5768229166666666
1657,8291,0.5562966150315548,0.553875236294896
1658,8299,0.5228436498566368,0.5155844155844156
1659,8342,0.6997773703509691,0.6571428571428571
1660,8349,0.6145943295353161,0.5833333333333334
1661,8354,0.6030969761592301,0.5647058823529412
1662,8358,0.6221676913953997,0.5935754189944135
1663,8383,0.528800545176069,0.5116883116883116
1664,8390,0.6283472433666811,0.5909090909090909
1665,8401,0.5718140908352348,0.5477453580901857
1666,8403,0.5913305556504218,0.5751824817518248
1667,8406,0.5861836384311802,0.5776293823038398
1668,8409,0.6209389320115964,0.6118143459915611
1669,8410,0.5741682823464819,0.5505124450951684
1670,8415,0.6427028451001053,0.6159420289855072
1671,8416,0.6228475090827651,0.5855379188712522
1672,8418,0.6261538461538462,0.597444089456869
1673,8420,0.6090625,0.5637755102040817
1674,8421,0.586314308681672,0.5607985480943739
1675,8423,0.5974229344525525,0.5756972111553785
1676,8424,0.614435621100397,0.581651376146789
1677,8426,0.5874056353003723,0.5591572123176661
1678,8431,0.5789416257501364,0.5378590078328982
1679,8432,0.5926000537201183,0.5568561872909699
1680,8433,0.6270405405405405,0.6172161172161172
1681,8435,0.6641063254689431,0.6231617647058824
1682,8436,0.5605631510416667,0.532258064516129
1683,8437,0.5588017329836963,0.5386666666666666
1684,8440,0.6589590964590964,0.6049382716049383
1685,8444,0.6172159862729677,0.5929203539823009
1686,8446,0.5728274828767124,0.5557894736842105
1687,8450,0.6753645524599882,0.6298076923076923
1688,8455,0.6038599529877521,0.60828025477707
1689,8472,0.5996503496503496,0.5893416927899686
1690,8476,0.5676012918379331,0.5531914893617021
1691,8477,0.641740412979351,0.6083650190114068
1692,8489,0.6296538461538461,0.6130434782608696
1693,8905,0.601527397260274,0.5699346405228758
1694,8906,0.6706610492368252,0.625
1695,8908,0.6513019300804271,0.6064139941690962
1696,8916,0.5473653648787338,0.5298701298701298
1697,8917,0.6572652582159624,0.612590799031477
1698,8921,0.6392518501387604,0.5940860215053764
1699,8923,0.5459897539262619,0.5430327868852459
1700,8924,0.6018449880569969,0.5755208333333334
1701,8927,0.621826017446912,0.5918635170603674
1702,8928,0.5833469721767593,0.54177545691906
1703,8929,0.6243344719337307,0.5919165580182529
1704,8930,0.532542901294968,0.5207792207792208
1705,8931,0.6072370862019211,0.564875491480996
1706,8932,0.6068713641177409,0.5983935742971888
1707,8933,0.5827446988973707,0.5611979166666666
1708,8934,0.5434422750424448,0.511400651465798
1709,8935,0.5965342556685184,0.5615183246073299
1710,8936,0.6192654360967185,0.5766233766233766
1711,8937,0.5999155961791831,0.5783289817232375
1712,8938,0.5833918349713793,0.5545454545454546
1713,8941,0.6416382123074589,0.6066024759284732
1714,8942,0.5926005045572916,0.5494791666666666
1715,9949,0.5909571044826237,0.5761154855643045
1716,9950,0.6182672983060581,0.5809906291834003
1717,9951,0.5860176584944379,0.5636363636363636
1718,9960,0.6291186043855642,0.5893333333333334
1719,9962,0.6142199867961641,0.57421875
