,id,model,auc
0,1101,2,0.7567516879219804
1,1102,2,0.7393726526637919
2,1103,2,0.7470626677234111
3,1104,2,0.7796357017811988
4,1108,2,0.7852013888888889
5,1109,2,0.7739147042803483
6,1110,2,0.7716589700531766
7,1201,2,0.7652964865990836
8,1203,2,0.7541174836828217
9,1210,2,0.7196322681886986
10,1213,2,0.769697464994824
11,1215,2,0.7656302123874124
12,1216,2,0.7766028448671423
13,1217,2,0.7566743103328469
14,1218,2,0.7583860209824221
15,1219,2,0.729138608305275
16,1220,2,0.7586748595896123
17,1225,2,0.7192827170207187
18,1227,2,0.7360638430871383
19,1229,2,0.7642762982596378
20,1231,2,0.7698557084727874
21,1232,2,0.7925986727209222
22,1233,2,0.737454861111111
23,1234,2,0.7418570665767361
24,1235,2,0.7794517637059074
25,1236,2,0.7509859741702541
26,1256,2,0.7406319045514803
27,1301,2,0.7201391492730076
28,1303,2,0.7384259259259259
29,1304,2,0.7397362754146042
30,1305,2,0.7350151032169157
31,1307,2,0.7394216517045614
32,1308,2,0.7379218164143869
33,1309,2,0.760180502879618
34,1310,2,0.7649686438005815
35,1312,2,0.7483013088276246
36,1313,2,0.7161350844277674
37,1314,2,0.7870179662385014
38,1315,2,0.7184979838709677
39,1316,2,0.7513739167195096
40,1319,2,0.74307590804917
41,1321,2,0.7135505943671
42,1323,2,0.7858899993011391
43,1324,2,0.723343777819836
44,1325,2,0.7899090302412981
45,1326,2,0.7553541666666667
46,1337,2,0.751573319655152
47,1338,2,0.7529399557277255
48,1339,2,0.763514136801808
49,1340,2,0.793990110308102
50,1341,2,0.8604444444444445
51,1402,2,0.7352137073211454
52,1409,2,0.7579851129719896
53,1410,2,0.7685904630870054
54,1413,2,0.79450120618703
55,1414,2,0.7567633320358116
56,1416,2,0.8043193717277487
57,1417,2,0.7616923665094941
58,1418,2,0.7764256912442395
59,1419,2,0.7599360975430607
60,1423,2,0.7743200982855867
61,1432,2,0.7628101704536967
62,1434,2,0.740997992583712
63,1435,2,0.7318607434525486
64,1436,2,0.758012097784459
65,1437,2,0.7268367389462279
66,1438,2,0.7942400147928993
67,1439,2,0.7491214614419188
68,1440,2,0.75455854797662
69,1441,2,0.7626067406167552
70,1442,2,0.778478548084278
71,1443,2,0.7465277777777778
72,1444,2,0.7248080915030859
73,1445,2,0.7650686468369164
74,1446,2,0.8032042732905448
75,1447,2,0.7385631130004723
76,1449,2,0.786036841634624
77,1451,2,0.7769178082191781
78,1452,2,0.7674296557860202
79,1453,2,0.7736160558464223
80,1454,2,0.7103232686517229
81,1455,2,0.7512876014421136
82,1456,2,0.7389435727511938
83,1457,2,0.7471632868772706
84,1459,2,0.720868142578669
85,1460,2,0.78367976706279
86,1463,2,0.7826349184214196
87,1464,2,0.7801134771644718
88,1465,2,0.7294816490067151
89,1466,2,0.7317512553547618
90,1467,2,0.7705626651829183
91,1468,2,0.7353421894561135
92,1470,2,0.7907450319500035
93,1471,2,0.7998116040568871
94,1472,2,0.7801531128123645
95,1473,2,0.7359468814014269
96,1474,2,0.7927322229785105
97,1475,2,0.7497819133469034
98,1476,2,0.735496558505408
99,1477,2,0.7630409421698795
100,1503,2,0.7862868494901503
101,1504,2,0.7623283200711023
102,1506,2,0.737215777262181
103,1507,2,0.789450834930955
104,1512,2,0.7665459610027856
105,1513,2,0.7468585468585468
106,1514,2,0.776640859315059
107,1515,2,0.7803008560888708
108,1516,2,0.7883099241792
109,1517,2,0.7810012640820125
110,1519,2,0.7805573301483251
111,1521,2,0.761761503238776
112,1522,2,0.7503753545014735
113,1524,2,0.7508444067608139
114,1525,2,0.7886262768580486
115,1526,2,0.7453769057029928
116,1527,2,0.76797666457067
117,1528,2,0.7582159951994865
118,1529,2,0.743753765060241
119,1530,2,0.7560716729745961
120,1531,2,0.7424277207335058
121,1532,2,0.786089859507581
122,1533,2,0.7183929692404268
123,1535,2,0.7712577594467359
124,1536,2,0.7072326825540194
125,1537,2,0.7723568174535728
126,1538,2,0.7784003588419992
127,1539,2,0.7542053606183619
128,1540,2,0.7660437284554654
129,1541,2,0.7812701009592528
130,1558,2,0.7602509139685962
131,1560,2,0.7468154856992041
132,1568,2,0.7896776911733728
133,1582,2,0.7648551483420595
134,1583,2,0.7318629821367619
135,1587,2,0.813379602853287
136,1589,2,0.7511370080198123
137,1590,2,0.7861778257860892
138,1592,2,0.7456563706563707
139,1598,2,0.7747351879874288
140,1603,2,0.7831214662467271
141,1604,2,0.7776825396825398
142,1605,2,0.7538373918237509
143,1608,2,0.7268116445494337
144,1609,2,0.7783008356545961
145,1611,2,0.7616794692737431
146,1612,2,0.7622970739768641
147,1614,2,0.7245003518648838
148,1615,2,0.7928219948449581
149,1616,2,0.7728443941679235
150,1617,2,0.7665968052565991
151,1618,2,0.7614348218626293
152,1626,2,0.7523251322279669
153,1701,2,0.7655924361575013
154,1702,2,0.783677639993327
155,1707,2,0.7547511877969493
156,1708,2,0.7535217137617738
157,1709,2,0.7690287247121942
158,1710,2,0.7941188723788362
159,1711,2,0.77959927772762
160,1712,2,0.7654921948780624
161,1713,2,0.7714301763846758
162,1714,2,0.7678239997767203
163,1717,2,0.7462495987942896
164,1718,2,0.7348398249086905
165,1720,2,0.7647522757278855
166,1721,2,0.7486759681093393
167,1722,2,0.7626407810134844
168,1723,2,0.7529649895149083
169,1724,2,0.7662277034559642
170,1725,2,0.7746651568622003
171,1726,2,0.7753898140060995
172,1727,2,0.7733820444790176
173,1730,2,0.7756566676483374
174,1731,2,0.7606508711188977
175,1732,2,0.7760941579405406
176,1733,2,0.7806869802222377
177,1734,2,0.7528633257720194
178,1735,2,0.7792569331733823
179,1736,2,0.7275407055159276
180,1737,2,0.7408440387649313
181,1760,2,0.7743181818181817
182,1762,2,0.7472451790633609
183,1773,2,0.77614970952507
184,1776,2,0.8011173767752715
185,1783,2,0.7913148821172306
186,1786,2,0.7659830904839
187,1789,2,0.7805339849942946
188,1795,2,0.9285714285714285
189,1802,2,0.7641259809709007
190,1805,2,0.7556733739667698
191,1806,2,0.7507678410117434
192,1808,2,0.7746084152334153
193,1809,2,0.7885852989731106
194,1810,2,0.7355491734379378
195,1817,2,0.7524963576276608
196,1902,2,0.7861560768546473
197,1903,2,0.7287282547699214
198,1904,2,0.7652649489547886
199,1905,2,0.7760187340494152
200,1906,2,0.7614782614782615
201,1907,2,0.7184166666666667
202,1909,2,0.7732247284878864
203,2002,2,0.7716643454038997
204,2006,2,0.7312392259356059
205,2007,2,0.7353841283241874
206,2008,2,0.7486429760440036
207,2009,2,0.7591780148813703
208,2010,2,0.7765158880062217
209,2012,2,0.7241333814788067
210,2013,2,0.7766290814470775
211,2014,2,0.7835103185734322
212,2015,2,0.764514984556307
213,2017,2,0.751145680050452
214,2020,2,0.7805889297867906
215,2022,2,0.781246881015185
216,2023,2,0.7670269819657098
217,2024,2,0.7695910290237468
218,2025,2,0.7699305731944798
219,2027,2,0.7683580284665851
220,2028,2,0.7557325592203575
221,2029,2,0.7543304787855197
222,2030,2,0.7473512575403435
223,2031,2,0.75906607917269
224,2032,2,0.7364952710232305
225,2033,2,0.7786449296403051
226,2034,2,0.7566783537857918
227,2038,2,0.7789031035299692
228,2049,2,0.7373051627525409
229,2059,2,0.7152093895409404
230,2062,2,0.7851101659461721
231,2069,2,0.7321749685308399
232,2101,2,0.7612334189874296
233,2102,2,0.8025062253434432
234,2103,2,0.7747793759988882
235,2104,2,0.7462073851796281
236,2105,2,0.7572270441215397
237,2106,2,0.7310561253600903
238,2107,2,0.7789015612577307
239,2108,2,0.7320381129767597
240,2109,2,0.7912581699346405
241,2114,2,0.7697183098591549
242,2115,2,0.7724396180490545
243,2201,2,0.7767296479031173
244,2204,2,0.761135438165895
245,2206,2,0.7861104932436189
246,2207,2,0.7544222886125199
247,2208,2,0.7620108019454812
248,2227,2,0.7522615160147293
249,2228,2,0.7433431415286254
250,2231,2,0.7512563653059521
251,2233,3,0.8993055555555555
252,2236,2,0.7718442031259808
253,2239,2,0.7588044485634847
254,2243,2,0.8067806603773585
255,2301,2,0.7375877894444057
256,2302,2,0.7500348398065694
257,2303,2,0.7227481075074658
258,2305,2,0.737355747198267
259,2308,2,0.7401401213737173
260,2312,2,0.7549236111111111
261,2313,2,0.7303963105474448
262,2314,2,0.7399961687454769
263,2316,2,0.7423994289073654
264,2317,2,0.7192285102991148
265,2321,2,0.7399257726588725
266,2323,2,0.758508175114879
267,2324,2,0.7786842543969325
268,2327,2,0.7361961206896551
269,2328,2,0.7414179933872357
270,2329,2,0.7473266728493942
271,2330,2,0.7476937591725487
272,2331,2,0.8020498732037193
273,2332,2,0.7554356892620809
274,2337,2,0.7651529963828331
275,2338,2,0.7653411278748207
276,2340,2,0.7424348009713864
277,2342,2,0.7923375625853438
278,2344,2,0.7468985301881026
279,2345,2,0.783328663491174
280,2347,2,0.7700584225900682
281,2348,2,0.7858181203515888
282,2349,2,0.7592147435897436
283,2351,2,0.762897477112307
284,2352,2,0.747117210185392
285,2353,2,0.7909387658514178
286,2354,2,0.7590674478621747
287,2355,2,0.7498540754638315
288,2356,2,0.7295513313299322
289,2357,2,0.7748125353706847
290,2358,2,0.7594562647754137
291,2359,2,0.7542314007831249
292,2360,2,0.719200077851304
293,2362,2,0.7130257660167131
294,2363,2,0.7669689119170985
295,2364,2,0.7640734810700521
296,2365,2,0.7299955390749157
297,2367,2,0.7599653560397363
298,2368,3,0.71
299,2369,3,0.7284882025358645
300,2371,2,0.7804506141537074
301,2373,2,0.7854833619692135
302,2374,2,0.7582086944366787
303,2375,2,0.7653449017639468
304,2376,2,0.7821472724999653
305,2377,2,0.7753827049628871
306,2379,2,0.7320447409733123
307,2380,2,0.7734551759622773
308,2382,2,0.7220117611077128
309,2383,2,0.7466739496499992
310,2385,2,0.749909678315848
311,2387,2,0.7293724058966652
312,2388,2,0.7489219899994382
313,2390,2,0.7803192381911235
314,2392,2,0.7533335648308909
315,2393,2,0.7803651033927256
316,2395,2,0.7304613506573686
317,2397,2,0.7856507539434369
318,2399,2,0.7872557596967046
319,2401,2,0.7013286654881054
320,2402,2,0.7542599805258033
321,2404,2,0.7685406698564593
322,2405,2,0.7510985561833018
323,2406,2,0.7801326815642459
324,2408,2,0.7588153017693545
325,2409,2,0.7549743461394068
326,2412,2,0.7377295728794366
327,2413,2,0.7993298015823357
328,2414,2,0.7764746897224933
329,2415,2,0.7583058567117469
330,2417,2,0.7581522878099896
331,2419,2,0.754142932931256
332,2420,2,0.7672583894948934
333,2421,2,0.7340552416823602
334,2423,2,0.754455714166458
335,2424,2,0.765171090752486
336,2425,2,0.7962005649717515
337,2426,2,0.7535977400654708
338,2427,2,0.7706973572512074
339,2428,2,0.7491787190801654
340,2429,2,0.8019348462386436
341,2430,2,0.7609832197900379
342,2431,2,0.7810437078729762
343,2433,2,0.7674479166666666
344,2434,2,0.7582460770739586
345,2436,2,0.7255965521605242
346,2438,2,0.7504599781035217
347,2439,2,0.7502747252747253
348,2440,2,0.7614813227626599
349,2441,2,0.7654532967032966
350,2442,2,0.7988153963732371
351,2443,2,0.7884769694239541
352,2444,2,0.7882906521130703
353,2448,2,0.7398060891627403
354,2449,3,0.7161297085750227
355,2450,2,0.7711970421438895
356,2451,2,0.7109452045280922
357,2453,3,0.7566053092912598
358,2454,2,0.7322552629750574
359,2455,2,0.7498868581375109
360,2456,2,0.7669540434627716
361,2457,2,0.7905870132786839
362,2458,2,0.7660407160407161
363,2459,2,0.7640422265682502
364,2460,2,0.795385145784082
365,2461,2,0.7438124834883689
366,2462,2,0.7581314085642036
367,2464,2,0.7615354599551263
368,2465,2,0.7389017694583524
369,2466,2,0.8532311861580155
370,2467,2,0.7614375000000001
371,2468,2,0.7098749982619337
372,2471,2,0.7740372593148286
373,2472,2,0.7525564304461942
374,2474,2,0.7231151414078244
375,2476,2,0.7341856536549952
376,2477,2,0.7349816849816849
377,2478,2,0.7577781715095677
378,2480,2,0.767079982597224
379,2481,2,0.7407778962108387
380,2482,2,0.7519301897140929
381,2483,2,0.7451740947075209
382,2484,2,0.7281748236209099
383,2485,2,0.7168114317736061
384,2486,2,0.7714124639819596
385,2488,2,0.7609226698770893
386,2489,2,0.7821666666666667
387,2491,2,0.794983957058894
388,2492,2,0.730979373438184
389,2493,2,0.7499930489907134
390,2495,2,0.7439066290826987
391,2496,2,0.7996788599528326
392,2497,2,0.7574527446467183
393,2498,2,0.7851587500347831
394,2499,2,0.7713522426965645
395,2501,2,0.7472552863744574
396,2504,2,0.7664386890709622
397,2505,2,0.7672631241551346
398,2506,2,0.8016080870258862
399,2509,2,0.758485456509843
400,2511,2,0.7950171220909916
401,2514,2,0.7646218487394958
402,2515,2,0.7391590241730103
403,2516,2,0.7650347222222222
404,2520,2,0.7706669912366115
405,2524,2,0.7597686944595252
406,2527,2,0.7274822054162264
407,2528,2,0.7964778433754517
408,2530,2,0.7635586743555896
409,2534,2,0.7794501977555098
410,2535,2,0.7526775766016713
411,2536,2,0.7700336092439308
412,2537,2,0.7908907721549742
413,2538,2,0.7333903941405099
414,2539,2,0.7485176508019147
415,2540,2,0.7517130952790883
416,2542,2,0.7216323937959822
417,2543,2,0.7329815119001852
418,2545,2,0.7818717477808387
419,2546,2,0.7659916045813411
420,2547,2,0.7736043605054855
421,2548,2,0.7166151876895678
422,2597,2,0.8079892982990386
423,2601,2,0.7840141277641277
424,2603,2,0.7552580861404392
425,2605,2,0.7714453706667409
426,2606,2,0.7981931061332888
427,2607,2,0.7322554601261153
428,2608,2,0.766088058018625
429,2609,2,0.7749971722655808
430,2610,2,0.7787186323931731
431,2611,2,0.7722624370165354
432,2612,2,0.7572109461352708
433,2613,2,0.7638944838794817
434,2614,2,0.7136357824752813
435,2615,2,0.7487981771195154
436,2616,2,0.7579691914151991
437,2617,2,0.8133437356329847
438,2618,2,0.7355858238561227
439,2630,2,0.8618082368082368
440,2633,2,0.742925111220959
441,2634,2,0.7561375366159854
442,2636,2,0.7961945461945461
443,2637,2,0.7843057943169177
444,2642,2,0.75016771019678
445,2701,2,0.7080133905220213
446,2702,2,0.7690029028083797
447,2704,2,0.7466626762621973
448,2705,2,0.7712334976485921
449,2706,2,0.7247316233143999
450,2707,2,0.7616645381013196
451,2712,2,0.7565888506187015
452,2722,2,0.7500965279634085
453,2723,2,0.7259584393553858
454,2727,2,0.7945740353715814
455,2731,2,0.761475297189583
456,2739,2,0.7575705939629991
457,2748,2,0.8278778843660876
458,2801,2,0.7708985108246778
459,2809,2,0.7520950311785785
460,2812,2,0.757477556842017
461,2816,2,0.7495770768671532
462,2820,2,0.7753934843061578
463,2823,2,0.7295806967526597
464,2832,2,0.7470771005950064
465,2834,2,0.7561588668240523
466,2836,2,0.7551912530177647
467,2838,2,0.791103828350945
468,2841,2,0.7271900618337483
469,2845,2,0.7301218927231173
470,2849,2,0.7143274853801169
471,2850,2,0.7484712667639497
472,2851,2,0.7636337022890123
473,2852,2,0.7338078044716011
474,2855,2,0.7111373420358285
475,2867,2,0.7571012838007185
476,2880,2,0.7292390318755668
477,2881,2,0.7337822445095779
478,2882,2,0.7119465329991645
479,2883,2,0.7343359005727632
480,2884,2,0.7659942221661268
481,2885,2,0.7651114941889562
482,2886,2,0.7680627427882255
483,2887,2,0.7299496509176979
484,2888,2,0.7197021412948077
485,2889,2,0.7389311910583304
486,2890,2,0.7571235397440544
487,2891,2,0.7230632203981836
488,2892,2,0.708700663639539
489,2897,2,0.769987336428873
490,2901,2,0.7654650754650753
491,2903,2,0.7690116973687866
492,2904,2,0.7824036750806183
493,2905,2,0.7057849115837141
494,2906,2,0.7515381373788452
495,2908,2,0.7521733092626024
496,2910,2,0.749865752590975
497,2911,2,0.7681280254418553
498,2912,2,0.7223268255401931
499,2913,2,0.7301214625594791
500,2915,2,0.7327721937161735
501,2923,2,0.7155054834938483
502,2929,2,0.7874727151940781
503,2936,2,0.7691955286787612
504,2939,2,0.841024872640096
505,3002,2,0.7614965277777779
506,3003,2,0.7238442907056056
507,3004,2,0.7566367842683632
508,3005,2,0.7693002069243269
509,3006,2,0.7522568190656074
510,3008,2,0.7279404607961735
511,3010,2,0.7639206526286432
512,3011,2,0.7382164272765305
513,3013,2,0.7565861881608827
514,3014,2,0.7311199553135037
515,3015,2,0.7630081811582063
516,3016,2,0.7720589257174623
517,3017,2,0.7806409988142569
518,3018,2,0.7706877137818947
519,3019,2,0.7537471002514273
520,3021,2,0.74715860899067
521,3022,2,0.7420002799552071
522,3023,2,0.7660458351071378
523,3024,2,0.7545487166497804
524,3025,2,0.745332166374927
525,3026,2,0.741702726473175
526,3027,2,0.763759706161667
527,3028,2,0.7539747064137308
528,3029,2,0.7721116811969021
529,3030,2,0.7264067175657913
530,3031,2,0.7547537905132842
531,3032,2,0.7656404060603536
532,3033,2,0.7521039087494785
533,3034,2,0.7588988111771569
534,3035,2,0.7585438804171949
535,3036,2,0.7331536762560946
536,3037,2,0.7628430487042313
537,3038,2,0.728682711637257
538,3040,2,0.7864445538981143
539,3041,2,0.7537137870855148
540,3042,2,0.7577372931975719
541,3043,2,0.749056603773585
542,3044,2,0.7396948105264622
543,3045,2,0.7594182098225225
544,3046,2,0.7680534488985193
545,3047,2,0.7500837942014413
546,3048,2,0.7533975518152732
547,3049,2,0.7538645811315436
548,3050,2,0.7571277311867164
549,3051,2,0.785501890319018
550,3052,2,0.7583201157581323
551,3054,2,0.7686413484255439
552,3055,2,0.7714167004175803
553,3056,2,0.7523879346459993
554,3057,2,0.7423188446204033
555,3058,2,0.7226505420487914
556,3059,2,0.7623038042032454
557,3060,2,0.7629554316380865
558,3062,2,0.7443419220055709
559,3090,2,0.7591229215574602
560,3094,2,0.7505736735971074
561,3130,2,0.7592305619188788
562,3149,2,0.7644378039114881
563,3164,2,0.7637308841688404
564,3167,2,0.7933076408686165
565,3189,2,0.7621274880462583
566,3209,2,0.7599902771025766
567,3229,2,0.7899600924175594
568,3231,2,0.7484710330256866
569,3257,2,0.7755650083556003
570,3266,2,0.7900197758734345
571,3296,2,0.7552305826953715
572,3305,2,0.7880979571120417
573,3308,2,0.7471919034419034
574,3311,2,0.7796096386216939
575,3312,2,0.7738109982660392
576,3321,2,0.7735500702388121
577,3338,2,0.784098475880438
578,3346,2,0.8488956846755012
579,3356,2,0.7435680771260286
580,3376,2,0.7668002337423824
581,3380,2,0.7444979751431364
582,3383,2,0.7378739027923756
583,3406,2,0.7399422294435418
584,3413,2,0.7507544354170123
585,3416,2,0.8092524759191426
586,3419,2,0.7385526591655602
587,3432,2,0.7352549434787063
588,3437,2,0.7760063018683708
589,3443,2,0.7688045108605077
590,3450,2,0.7639310584958218
591,3454,2,0.7655372393629298
592,3481,2,0.7688378834120714
593,3494,2,0.7735275173548987
594,3501,2,0.7618425986362437
595,3504,2,0.7725108435744871
596,3515,2,0.7549059888579387
597,3518,2,0.7739323830873127
598,3528,2,0.7646816950464397
599,3530,2,0.8056090515166104
600,3532,2,0.7392719904981486
601,3533,2,0.7521977030010971
602,3535,2,0.7361024207789318
603,3536,2,0.7993869709324495
604,3543,1,0.9500000000000001
605,3545,2,0.7334323455409562
606,3550,2,0.7210415732389922
607,3557,2,0.7789424269137873
608,3563,2,0.7902892561983471
609,3576,2,0.7659970342184046
610,3583,2,0.7362355766414806
611,3588,2,0.7360509400838147
612,3591,2,0.7749515383468363
613,3593,2,0.7596830484330485
614,3596,2,0.7481271441573899
615,3605,2,0.7468326263820319
616,3607,2,0.7559633540025696
617,3617,2,0.7509445887566155
618,3622,2,0.7633381852790102
619,3645,2,0.7471232987522498
620,3653,2,0.7498853609393455
621,3661,2,0.7763951266717948
622,3665,2,0.742109873265267
623,3669,2,0.7347370920820882
624,3673,2,0.7501313628899836
625,3679,2,0.7881401809973239
626,3682,2,0.7543382477546178
627,3686,2,0.7630987846975931
628,3694,2,0.7414519906323185
629,3698,2,0.781343298636327
630,3701,2,0.8126499496942962
631,3702,2,0.758934681507758
632,3703,2,0.7784027980180706
633,3704,2,0.7553436747369756
634,3705,2,0.7712883823994935
635,3706,2,0.7555754475703325
636,3708,2,0.7535630120076311
637,3711,2,0.7417237442922374
638,3712,2,0.8352664576802508
639,4104,2,0.7489063867016623
640,4106,2,0.7264537721377772
641,4108,2,0.7593097980889307
642,4119,2,0.7266070907803192
643,4133,2,0.7492979480620586
644,4137,2,0.7366473440519159
645,4141,2,0.7926528832099581
646,4142,2,0.7214534681073544
647,4144,2,0.7806598050713794
648,4148,2,0.8045217547644732
649,4155,2,0.8345705196182398
650,4164,2,0.7873064522549058
651,4190,2,0.7920596458527493
652,4306,2,0.7718458156564595
653,4414,2,0.7803758741258741
654,4426,2,0.8195094760312152
655,4438,2,0.7370227370227371
656,4439,2,0.8380681818181819
657,4526,2,0.7273584641059083
658,4532,2,0.7665611843756098
659,4536,2,0.768267463235294
660,4540,3,0.7264150943396226
661,4545,2,0.7918136760752689
662,4551,2,0.7579100047223909
663,4552,2,0.801933774834437
664,4555,2,0.783181750961254
665,4557,3,0.695477514814411
666,4560,2,0.7709216101694916
667,4562,2,0.7775235189422833
668,4564,2,0.8087719298245615
669,4566,2,0.8260061919504644
670,4571,2,0.9066666666666666
671,4572,2,0.7603485838779956
672,4576,2,0.7844444444444445
673,4581,2,0.888888888888889
674,4720,2,0.7442534317534318
675,4722,2,0.7481199709222169
676,4725,2,0.7400168966488313
677,4737,2,0.7992197213290461
678,4739,2,0.8102766798418972
679,4746,2,0.7754000975306999
680,4755,2,0.7774869589091242
681,4763,2,0.7765989522481438
682,4764,2,0.8480263157894735
683,4766,2,0.8732339089481946
684,4807,2,0.780905695611578
685,4904,2,0.7647517365219448
686,4906,2,0.7487362690774764
687,4912,2,0.774900153609831
688,4915,2,0.7710416856818745
689,4916,2,0.7759482478617056
690,4919,2,0.7679572247632546
691,4927,2,0.7584867361937424
692,4930,2,0.7441879388106197
693,4934,2,0.7537388724035607
694,4935,2,0.7544043908388671
695,4938,2,0.7585011237338751
696,4942,2,0.769649890176475
697,4943,2,0.7299647177419355
698,4952,2,0.7840040095899471
699,4956,2,0.754193455324761
700,4958,2,0.7240758547008546
701,4960,2,0.7640949554896143
702,4961,2,0.8025793650793651
703,4967,2,0.7751479289940828
704,4968,2,0.792749658002736
705,4976,2,0.7707967707967709
706,4977,2,0.7715007215007216
707,4989,2,0.8189497716894975
708,4994,2,0.7924775236144304
709,4999,2,0.7664405295984243
710,5007,2,0.774461137172436
711,5203,2,0.7562329977283563
712,5215,2,0.7636857008022653
713,5225,2,0.8125541183209666
714,5234,2,0.7626128778955633
715,5243,2,0.7542107360185454
716,5258,2,0.8500103156591706
717,5264,2,0.7394501278772379
718,5269,2,0.7900227721685689
719,5283,2,0.839572192513369
720,5284,2,0.8031235394921327
721,5285,2,0.8158643283113622
722,5288,2,0.7455869690011482
723,5305,2,0.7274354849989509
724,5388,3,0.7401966252963325
725,5434,2,0.770742722156604
726,5469,2,0.786503225268309
727,5471,2,0.7431111111111112
728,5484,2,0.761647027541424
729,5515,2,0.7822734488136348
730,5519,2,0.7722316733683885
731,5521,2,0.7687513803003534
732,5522,2,0.7605988082446029
733,5525,2,0.7504153577661431
734,5531,2,0.7705359528597747
735,5533,2,0.7150047305005983
736,5534,2,0.7502465038121293
737,5538,2,0.7816421012849584
738,5607,2,0.7869943123205174
739,5608,2,0.7914797731888964
740,5706,2,0.7394719916694742
741,5871,2,0.777688663210674
742,5876,2,0.8030764029749831
743,5880,2,0.7633083073529724
744,5906,2,0.7647684584953959
745,5907,2,0.748687428078251
746,6005,2,0.7320850750621468
747,6024,2,0.7781190926275992
748,6108,2,0.748948214410511
749,6112,2,0.7695193418616628
750,6115,2,0.769337035897149
751,6116,2,0.7775448658779761
752,6117,2,0.7606804683998207
753,6120,2,0.7369648584576768
754,6128,2,0.7697550815698184
755,6131,2,0.7912806875418266
756,6133,2,0.7805845731771658
757,6136,2,0.7724465838681893
758,6139,2,0.7275943888556439
759,6141,2,0.7631227850740048
760,6142,2,0.7774694745030492
761,6152,2,0.7730895272625854
762,6153,2,0.7398569345093409
763,6155,2,0.7690336647964002
764,6164,2,0.7620266796359342
765,6165,2,0.7951903638814016
766,6166,2,0.7623515521911244
767,6168,2,0.7299048270280076
768,6172,2,0.7204171000467298
769,6176,2,0.7219863822691586
770,6177,2,0.7773786089238846
771,6183,2,0.7976287557057073
772,6184,2,0.7710450636587001
773,6189,2,0.7584971861321476
774,6191,2,0.7516358256230724
775,6192,2,0.7520448179271708
776,6196,2,0.7768526748513971
777,6197,2,0.7629656862745098
778,6201,2,0.7469611528822055
779,6202,2,0.7611162816541416
780,6205,2,0.7542286380869059
781,6206,2,0.7554304773816969
782,6209,2,0.7445649901751746
783,6213,2,0.7754969509230577
784,6214,2,0.7556902460232214
785,6215,2,0.7743920274109979
786,6216,2,0.7494368664747841
787,6224,2,0.7408574724785945
788,6225,2,0.7590959764872809
789,6226,2,0.7692367141612568
790,6230,2,0.7671014724711908
791,6235,2,0.7733828177918266
792,6239,2,0.770736989172197
793,6243,2,0.7472793694868666
794,6251,2,0.73001237279653
795,6257,2,0.7454059309674284
796,6269,2,0.7381936532636785
797,6271,2,0.7113162609190773
798,6277,2,0.7443507153902953
799,6278,2,0.7632031897674786
800,6281,2,0.7633637548891786
801,6282,2,0.7722063834225714
802,6283,2,0.78929980241213
803,6285,2,0.7451987976119238
804,6288,2,0.796439628482972
805,6289,2,0.7294681274180135
806,6405,2,0.7456823224852072
807,6409,2,0.7673704336506387
808,6412,2,0.7979345493562232
809,6414,2,0.7545752692525711
810,6415,2,0.7392378003833112
811,6416,2,0.8374907612712489
812,6431,2,0.7402934010678555
813,6442,2,0.8124081152602176
814,6443,2,0.757825280837605
815,6449,2,0.7781518698850098
816,6451,2,0.7314754098360656
817,6452,2,0.7672950536146662
818,6456,2,0.7721245905769715
819,6464,2,0.8046210172174946
820,6477,2,0.7610955414012739
821,6491,2,0.8447368421052631
822,6504,2,0.7759150085973961
823,6505,2,0.7324070344080346
824,6525,2,0.7818805765271105
825,6531,2,0.743144604458473
826,6533,2,0.7898305084745763
827,6541,2,0.7934237868231268
828,6552,2,0.7556612948041123
829,6558,2,0.7599431818181818
830,6573,2,0.7923076923076924
831,6579,2,0.7299470899470899
832,6581,2,0.7951086956521738
833,6582,2,0.7389977810650887
834,6591,2,0.8355758101851852
835,6592,2,0.8680555555555556
836,6605,2,0.7675155686203484
837,6625,2,0.7834538152610441
838,6641,2,0.8405172413793103
839,6655,2,0.8014937106918241
840,6666,2,0.7482435597189696
841,6668,2,0.8256976259891712
842,6669,2,0.7884868421052631
843,6670,2,0.8135123614663257
844,6671,2,0.8318014705882353
845,6672,2,0.7055236728837877
846,6674,2,0.7482142857142857
847,6698,2,0.8376623376623377
848,6706,2,0.9111111111111112
849,6715,2,0.8344155844155844
850,8011,2,0.7558026789284287
851,8016,2,0.7557076198808482
852,8021,2,0.7535404422054296
853,8028,2,0.7992530345471522
854,8033,2,0.7474358044392863
855,8039,2,0.7433469484484346
856,8046,2,0.7799160788468509
857,8070,2,0.7590196174492417
858,8072,2,0.764954701964326
859,8081,2,0.7428923611111111
860,8101,2,0.7833816919838424
861,8103,2,0.7516623916134607
862,8104,2,0.76825
863,8105,2,0.7571388869589384
864,8110,2,0.7267940908772667
865,8112,2,0.7595194072179281
866,8114,2,0.77284543771777
867,8131,2,0.7528312374070729
868,8150,2,0.7571995721397129
869,8163,2,0.7431979166666667
870,8201,2,0.7847713787085514
871,8210,2,0.7835383159886471
872,8213,2,0.7618397654969297
873,8215,2,0.7359963613906831
874,8222,2,0.8128603903304503
875,8249,2,0.757719286061532
876,8261,2,0.7663495463709677
877,8271,2,0.7825178126877843
878,8341,2,0.7601252913752914
879,8367,2,0.7813609467455621
880,8374,2,0.7749216936543891
881,8404,2,0.7853432282003711
882,8411,2,0.797607429399135
883,8422,2,0.764573220064725
884,8427,2,0.7731606229448301
885,8429,2,0.7631994080857718
886,8442,2,0.7766877286331892
887,8443,2,0.7640869565217391
888,8454,2,0.7638954309938765
889,8462,2,0.8568322981366459
890,8463,2,0.7642857142857142
891,8464,2,0.7072169059011164
892,8466,2,0.7557328015952144
893,8467,2,0.8177429356010275
894,8473,2,0.8443659564771563
895,8478,2,0.8068119517543859
896,8480,2,0.7219150641025641
897,8481,2,0.7958430458430459
898,8482,2,0.807434245840043
899,8488,2,0.7988556338028169
900,8497,2,0.8391870208593333
901,8499,2,0.7365869424692953
902,8926,2,0.7495276071914857
903,8940,2,0.7711602356488719
904,8996,2,0.7797929985966007
905,9802,2,0.7754004726890756
906,9902,2,0.7550717070453913
907,9904,2,0.725748010647045
908,9905,2,0.7722534917656869
909,9906,2,0.7829732040635914
910,9907,2,0.7422184395192106
911,9908,2,0.785774352273991
912,9910,2,0.7823521649140841
913,9911,2,0.7515572390572391
914,9912,2,0.7626083053069601
915,9914,2,0.7491851095380655
916,9917,2,0.7454551188607311
917,9918,2,0.7600118308192844
918,9919,2,0.7282675515193853
919,9921,2,0.76125
920,9924,2,0.7965473948524797
921,9925,2,0.7592315752706951
922,9926,2,0.780497397058108
923,9927,2,0.7578811782187842
924,9928,2,0.7980775382253215
925,9929,2,0.7872612625747193
926,9930,2,0.7907209236834695
927,9931,2,0.7960895168573149
928,9933,2,0.7369111222417007
929,9934,2,0.7598305037611757
930,9935,2,0.7699987322515213
931,9937,2,0.7445213624394802
932,9938,2,0.7896299125121511
933,9939,2,0.7188781823996441
934,9940,2,0.7273556146382884
935,9941,2,0.7561317668675788
936,9942,2,0.7747121087943991
937,9943,2,0.7919788159371492
938,9944,2,0.7761125930085637
939,9945,2,0.7529628387349239
940,9946,2,0.798064902817022
941,9955,2,0.7763263129832045
942,9958,2,0.7784895833333334
943,1240,2,0.72040072859745
944,1258,2,0.7524476714504509
945,1259,2,0.7805678793256433
946,1264,2,0.7880163346847642
947,1268,2,0.8213785046728972
948,1333,2,0.7685851318944844
949,1336,2,0.7677664974619289
950,1565,2,0.7499012330276754
951,1569,2,0.7529002968395321
952,1570,2,0.7769584927043491
953,1580,2,0.7663750164529514
954,1584,2,0.7399818810045509
955,1586,2,0.8045873573309922
956,1591,2,0.7897017864003072
957,1593,2,0.7271041541240217
958,1595,3,0.734537884239745
959,1597,2,0.7572119428090833
960,1599,2,0.751745237101933
961,1742,2,0.8114939655788046
962,1752,2,0.7330389610389609
963,1777,2,0.7635009441219666
964,1781,2,0.7615543136570031
965,1784,2,0.7777700787838053
966,1785,2,0.741121458134352
967,1788,2,0.7456759692513368
968,1796,2,0.8724786324786326
969,1799,2,0.7756673182868314
970,1813,2,0.7430967428293631
971,1815,2,0.7708437395937396
972,2035,2,0.7934309637223714
973,2061,2,0.7588209549652064
974,2063,2,0.7721382472826087
975,2064,2,0.7705737578834027
976,2065,2,0.7390873015873015
977,2066,2,0.7483570065719738
978,2067,2,0.8005050505050504
979,2070,2,0.8497835497835498
980,2221,2,0.7453307799442895
981,2230,2,0.7492295780100657
982,2235,2,0.7741752451973738
983,2596,2,0.7721935853379153
984,2640,2,0.7667459134195646
985,2641,2,0.7396153652265967
986,2643,2,0.8129055038178047
987,2718,2,0.8116646738408396
988,2719,2,0.7613377723970945
989,2724,2,0.8527877820059799
990,2726,2,0.8097185113216203
991,2729,2,0.7906329610033314
992,2732,2,0.7216194331983805
993,2734,2,0.7598167406596525
994,2736,2,0.7956435983191836
995,2740,2,0.7566749815225425
996,2743,2,1.0
997,2745,2,0.8337461890243902
998,2752,2,0.75
999,2916,2,0.7707977499943066
1000,2924,2,0.8185247176972583
1001,2926,2,0.7935337617748041
1002,2928,2,0.7560041768186565
1003,2937,2,0.7490749306197966
1004,3064,2,0.7877748031049918
1005,3066,2,0.7563522152839726
1006,3067,2,0.8245942571785269
1007,3071,2,0.768385421163199
1008,3073,2,0.7314362756880183
1009,3078,2,0.7651822423750789
1010,3081,2,0.737655540193561
1011,3083,2,0.7601061019023251
1012,3085,2,0.7414596642518586
1013,3086,2,0.7608043546365916
1014,3088,2,0.756865040064824
1015,3089,2,0.7906448683015441
1016,3092,2,0.7784117027744413
1017,3093,2,0.7635982011559111
1018,3095,2,0.7786128672906931
1019,3105,2,0.7939333017975403
1020,3114,2,0.7366822202780209
1021,3115,2,0.7443507727911396
1022,3118,2,0.7714336021410713
1023,3122,2,0.7892982651865901
1024,3128,2,0.7589448487969163
1025,3131,2,0.7758973469741633
1026,3141,2,0.7337936325278098
1027,3144,2,0.7439055429864254
1028,3147,2,0.800332088003321
1029,3152,2,0.7717608847706702
1030,3162,2,0.7687171853459654
1031,3163,2,0.7263972602739726
1032,3169,2,0.7461435976434833
1033,3171,2,0.7562927397060962
1034,3176,2,0.7894874696169641
1035,3178,2,0.7840045592705167
1036,3188,2,0.745540085238726
1037,3191,2,0.7743185378590078
1038,3202,2,0.786068389142285
1039,3205,2,0.759339481335722
1040,3206,2,0.7716889757233122
1041,3207,2,0.7522168803418804
1042,3211,2,0.7794636164246648
1043,3213,2,0.7330621896757371
1044,3217,2,0.7741618521193268
1045,3218,2,0.7474443151595744
1046,3219,2,0.7896455223880596
1047,3221,2,0.7627068024281487
1048,3224,2,0.7292515563101303
1049,3226,2,0.7856137920979734
1050,3227,2,0.7418654421542553
1051,3228,2,0.7352828989192626
1052,3230,2,0.7536426641438574
1053,3232,2,0.748832401806906
1054,3234,2,0.7334347272743684
1055,3236,2,0.7502285318559558
1056,3252,2,0.737401530587688
1057,3259,2,0.7577216177433511
1058,3260,2,0.7532680757320698
1059,3264,2,0.7532126087077324
1060,3265,2,0.7209411205679707
1061,3268,2,0.7214125640043686
1062,3272,2,0.7518347980553478
1063,3276,2,0.7550002945681631
1064,3284,2,0.7550170390003786
1065,3285,2,0.7784677419354838
1066,3287,2,0.7685303387642354
1067,3288,2,0.7722663139329806
1068,3289,2,0.8037860702768354
1069,3290,2,0.7527470624099324
1070,3293,2,0.7833142062250043
1071,3294,2,0.7436823980210506
1072,3297,2,0.7402868007127924
1073,3303,2,0.7487914173315603
1074,3306,2,0.7538102960482439
1075,3310,2,0.7793737060041407
1076,3313,2,0.7898923611111113
1077,3317,2,0.7531484138370794
1078,3322,2,0.7743942530986823
1079,3323,2,0.7363866785781065
1080,3324,2,0.7684215629241808
1081,3325,2,0.7676507455037778
1082,3332,2,0.7554709699308706
1083,3339,2,0.7869271202456886
1084,3354,2,0.7769404186795492
1085,3360,2,0.7260803331842577
1086,3362,2,0.7787361912040576
1087,3363,2,0.8249514891495915
1088,3372,2,0.7686187252771743
1089,3373,2,0.7641891985724006
1090,3374,2,0.772497179717104
1091,3379,2,0.7806828588078588
1092,3388,2,0.7570487255071959
1093,3390,2,0.7548585468780366
1094,3402,2,0.7570990155939342
1095,3426,2,0.7409587888982337
1096,3434,2,0.7475166725166725
1097,3438,2,0.7618397654969298
1098,3441,2,0.7699102476709838
1099,3444,2,0.750491455691759
1100,3455,2,0.7123639093980728
1101,3465,2,0.7607147588765236
1102,3466,2,0.7304398808880934
1103,3479,2,0.7676064832265359
1104,3483,2,0.7554103560273963
1105,3484,2,0.7472848730626076
1106,3489,2,0.763368869936034
1107,3490,2,0.7860259103641457
1108,3491,2,0.7636190476190476
1109,3492,2,0.7804993872549021
1110,3498,2,0.771096936107916
1111,3499,2,0.764530712325332
1112,3508,2,0.7644690854622618
1113,3511,2,0.7304248208017152
1114,3512,2,0.7426709298330492
1115,3516,2,0.7271814006888635
1116,3520,2,0.76575603736011
1117,3521,2,0.7710648397885423
1118,3522,2,0.7497648528751122
1119,3523,2,0.7982214456101681
1120,3526,2,0.7418677786705826
1121,3527,2,0.766632729388298
1122,3529,2,0.7519293327796236
1123,3531,2,0.7626204130060171
1124,3537,2,0.7463186782335272
1125,3540,2,0.7460589349376114
1126,3541,2,0.7770556615224553
1127,3546,2,0.78084383958142
1128,3548,2,0.7575317970554675
1129,3551,2,0.761828195974385
1130,3552,2,0.7366647249729549
1131,3555,2,0.7725498724534777
1132,3556,2,0.7745114339353382
1133,3558,2,0.8062091503267974
1134,3564,2,0.7789496709400084
1135,3567,2,0.7832284555423878
1136,3570,2,0.7798748997368532
1137,3577,2,0.7433032587071646
1138,3580,2,0.7757400106386307
1139,3581,2,0.7408976860886535
1140,3587,2,0.7665865451220526
1141,3594,2,0.757268352303109
1142,3597,2,1.0
1143,3609,2,0.7687024988765802
1144,3611,2,0.7766520495181883
1145,3615,2,0.7485359536009911
1146,3623,2,0.7472760221995696
1147,3624,2,0.7125599786742491
1148,3625,2,0.774071984340933
1149,3628,2,0.8210402916285269
1150,3629,2,0.775732115972998
1151,3630,2,0.7660987572371575
1152,3631,2,0.7483187550211678
1153,3632,2,0.7797833935018049
1154,3642,2,0.7724761528246611
1155,3646,2,0.7620916468221858
1156,3652,2,0.7541818311567831
1157,3663,2,0.7558657558657559
1158,3664,2,0.7768444204352524
1159,3666,2,0.7723710588664114
1160,3672,2,0.7771737432436655
1161,3675,2,0.753576215425856
1162,3680,2,0.7458501503640393
1163,3684,2,0.77102355638941
1164,3685,2,0.7605588791736974
1165,3687,2,0.7659427919627972
1166,3689,2,0.7653924869611145
1167,3691,2,0.7301856235206179
1168,3693,2,0.7843761501656239
1169,3707,2,0.7787929057598009
1170,3709,2,0.8399834241060857
1171,3710,2,0.8390731292517007
1172,3713,2,0.8888888888888888
1173,4102,2,0.7014012160178908
1174,4105,2,0.7442458874458875
1175,4107,2,0.7850660238943618
1176,4109,2,0.7356006447995513
1177,4111,2,0.7738847989140598
1178,4113,2,0.7678061081535443
1179,4114,2,0.7499825800967154
1180,4116,2,0.8113825031928481
1181,4120,2,0.7878054187362747
1182,4121,2,0.7857351377275477
1183,4123,2,0.7377399533082556
1184,4126,2,0.7469369249045754
1185,4127,2,0.7630197497988961
1186,4128,2,0.7824180623336291
1187,4129,2,0.7619583333333333
1188,4130,2,0.75257681197479
1189,4131,2,0.7486989331251627
1190,4138,2,0.7483969439612539
1191,4139,2,0.7925353900600093
1192,4147,2,0.7646763866388954
1193,4152,2,0.8206636607017049
1194,4153,2,0.7987938596491228
1195,4154,2,0.7508324400757179
1196,4157,2,0.7451042264295276
1197,4160,2,0.7479133609401809
1198,4161,2,0.7521579283887468
1199,4162,2,0.7845871913580247
1200,4163,2,0.7780433760827234
1201,4167,2,0.7798533519553073
1202,4168,2,0.796288209606987
1203,4171,2,0.7754675081813931
1204,4173,2,0.765036657413339
1205,4174,2,0.7970772379748359
1206,4175,2,0.7894364384971694
1207,4183,2,0.8043402777777777
1208,4188,2,0.7846335001471887
1209,4192,2,0.780635681122197
1210,4198,2,0.7412414965986394
1211,4205,2,0.7406914706914708
1212,4207,2,0.7562874334516416
1213,4303,2,0.7518235125858125
1214,4304,2,0.7486150345260515
1215,4305,2,0.79580078125
1216,4401,2,0.7777616117947013
1217,4402,2,0.7379273294087381
1218,4406,2,0.7750789204570718
1219,4413,2,0.7627329410116295
1220,4416,2,0.7870819370523687
1221,4417,2,0.7514076362100132
1222,4419,2,0.7697117364447494
1223,4420,2,0.8131352828057752
1224,4429,2,0.7629662316360005
1225,4430,2,0.7673115126288905
1226,4432,2,0.7592233804507995
1227,4433,2,0.7683102208525937
1228,4502,2,0.7788655565581167
1229,4503,2,0.7883986753551971
1230,4506,2,0.8085490311051544
1231,4510,2,0.7544448406289546
1232,4513,2,0.7558000503440174
1233,4523,2,0.7949697268375105
1234,4527,2,0.7384397301789032
1235,4528,2,0.7833607564617916
1236,4529,2,0.7976300718030545
1237,4530,2,0.7669873242805134
1238,4533,2,0.7446113129432685
1239,4534,2,0.7566873188620098
1240,4535,2,0.789077160061616
1241,4538,2,0.7828557312252964
1242,4541,2,0.8142427745664739
1243,4542,2,0.7408760093497663
1244,4543,2,0.7780092592592593
1245,4549,2,0.7322163433274543
1246,4550,2,0.7626519401589528
1247,4554,2,0.7825617108406325
1248,4556,2,0.8066675388103959
1249,4561,2,0.7158580413297395
1250,4563,2,0.7800342549547346
1251,4568,2,0.7475490196078431
1252,4580,2,0.8681818181818182
1253,4609,2,0.7600112516701697
1254,4702,2,0.7460406105908296
1255,4706,2,0.7312916027078455
1256,4707,2,0.7779987389047873
1257,4711,2,0.777260991178369
1258,4712,2,0.7814623133772071
1259,4714,2,0.7450733956420903
1260,4716,2,0.794793826627886
1261,4721,2,0.7718395712272371
1262,4726,2,0.7595835802917614
1263,4728,2,0.7430327868852459
1264,4729,2,0.7158170273603948
1265,4735,2,0.7519469026548673
1266,4736,2,0.7957241471751223
1267,4741,2,0.8130541871921182
1268,4743,2,0.7578698581916926
1269,4744,2,0.8453091429935545
1270,4745,2,0.7766710934041611
1271,4747,2,0.7707154608563059
1272,4754,2,0.8164380838799443
1273,4760,3,0.7876797998749219
1274,4767,2,0.8104081632653062
1275,4803,2,0.7747359259405784
1276,4804,2,0.8397929753861957
1277,4806,2,0.7993674684888499
1278,4903,2,0.7629454043901053
1279,4905,2,0.7290504202892282
1280,4907,2,0.7668933574910046
1281,4908,2,0.779477963378487
1282,4909,2,0.7210592668532322
1283,4911,2,0.751596828368482
1284,4924,2,0.7790031703133933
1285,4931,1,0.7932692307692307
1286,4933,2,0.7601061757256965
1287,4939,2,0.7572807280728072
1288,4944,2,0.7473284166164961
1289,4946,2,0.7736391875746714
1290,4947,2,0.7369939506747325
1291,4950,2,0.8266272703571739
1292,4953,2,0.72304724261246
1293,4966,2,0.7495514354066986
1294,4971,2,0.766759345072598
1295,4972,2,0.7833149606299212
1296,4973,2,0.782021456123433
1297,4974,2,0.7890494049614483
1298,4979,2,0.7725488948283908
1299,4987,2,0.7485368036906975
1300,4991,2,0.8022644369700127
1301,4995,2,0.7283855120044403
1302,5009,2,0.7632589834605686
1303,5011,2,0.7689289122137405
1304,5013,2,0.7788290549261436
1305,5014,2,0.7428355957767723
1306,5015,2,0.7372696486817776
1307,5016,2,0.7937609329446065
1308,5102,2,0.7580198596914879
1309,5201,2,0.785953708277468
1310,5202,2,0.7711705328970433
1311,5205,2,0.7908533368504352
1312,5206,2,0.797116902434582
1313,5209,2,0.7629392248529634
1314,5210,2,0.77477781765215
1315,5211,2,0.7658724332487363
1316,5212,2,0.7569747801269731
1317,5213,2,0.7952288732394368
1318,5220,2,0.7964319248826291
1319,5223,2,0.836778846153846
1320,5227,2,0.7727621722846443
1321,5230,2,0.7857567647933393
1322,5245,2,0.7604633084577115
1323,5251,2,0.7673865500273374
1324,5263,2,0.7756436791125093
1325,5272,2,0.7660010599825415
1326,5274,2,0.7227546549835706
1327,5276,2,0.7652389903329753
1328,5278,2,0.7450360217887894
1329,5281,2,0.7736571737563086
1330,5287,2,0.7941001899335233
1331,5289,2,0.7816500968834321
1332,5291,2,0.7583732057416268
1333,5299,2,0.758446455505279
1334,5301,2,0.8269453658926502
1335,5302,2,0.777040235138594
1336,5304,2,0.7357541240003541
1337,5306,2,0.8015128115128115
1338,5309,2,0.7828992716290638
1339,5310,2,0.7620236111603502
1340,5312,2,0.7794160624573807
1341,5314,2,0.7810850772597847
1342,5315,2,0.763492612785672
1343,5321,2,0.7240178028511587
1344,5324,2,0.7796675986331157
1345,5328,2,0.7918523009248817
1346,5340,2,0.7583202324471521
1347,5344,2,0.7427687946917477
1348,5345,2,0.7319900703943227
1349,5347,2,0.7386541471048513
1350,5348,2,0.7709847143351447
1351,5349,2,0.7715347738483985
1352,5351,2,0.777421392817223
1353,5353,2,0.7071973214034495
1354,5355,2,0.7211416653252052
1355,5356,2,0.7746136173767751
1356,5364,2,0.803234044613355
1357,5371,2,0.7520596228979107
1358,5381,2,0.7670649408120368
1359,5383,2,0.778766835016835
1360,5386,2,0.7639622641509434
1361,5392,2,0.7491661455076088
1362,5398,2,0.8028375243441404
1363,5403,2,0.7828690023920079
1364,5410,2,0.7627927627927628
1365,5425,2,0.7290312693735677
1366,5426,2,0.7428985145770979
1367,5432,2,0.7886260595308495
1368,5438,2,0.7212150259787169
1369,5439,2,0.7874525610127705
1370,5443,2,0.7587229661586732
1371,5450,2,0.7631223979409556
1372,5452,2,0.800696339185915
1373,5455,2,0.7604424242424244
1374,5457,2,0.7610636157907971
1375,5460,2,0.7380119445005818
1376,5464,2,0.7726158277424566
1377,5465,2,0.7487762564966383
1378,5468,2,0.7500232120398741
1379,5474,2,0.7503508211298525
1380,5475,2,0.7492664691775991
1381,5478,2,0.7267059820510683
1382,5481,2,0.7439023526077098
1383,5483,3,0.7380625524332495
1384,5487,2,0.7702019660411082
1385,5488,2,0.7343809862147271
1386,5489,2,0.7491421158352862
1387,5490,2,0.7606517506357443
1388,5493,2,0.757288265128882
1389,5498,2,0.7480208420291066
1390,5508,2,0.7724121212121212
1391,5511,2,0.7800447354680289
1392,5512,2,0.7862245641805344
1393,5514,2,0.7833171889038634
1394,5516,2,0.7790705334057935
1395,5520,2,0.7717050074623025
1396,5523,2,0.7840964804112377
1397,5529,2,0.7690927675172705
1398,5530,2,0.746868370718136
1399,5536,2,0.7897323235243104
1400,5543,2,0.7872468936953521
1401,5601,2,0.7853653231608358
1402,5603,2,0.7564398066661079
1403,5604,2,0.7743472934691065
1404,5609,2,0.7604022888850356
1405,5701,2,0.7648056821612917
1406,5703,2,0.793934760448522
1407,5704,2,0.7851497584541062
1408,5820,2,0.7644668628275186
1409,5864,2,0.714796922526391
1410,5878,2,0.7996013289036544
1411,5902,2,0.7521165487892592
1412,5903,2,0.7681716522225328
1413,5904,2,0.7876342218950116
1414,5905,2,0.7838259458784865
1415,6015,2,0.765970200970201
1416,6016,2,0.7880427170868348
1417,6020,2,0.7645668689311953
1418,6021,2,0.7398280802292264
1419,6023,2,0.7557366644347729
1420,6026,2,0.7480266767970961
1421,6101,2,0.7432830786378436
1422,6103,2,0.7900357744107744
1423,6104,2,0.7569466093064822
1424,6109,2,0.7687445572258627
1425,6111,2,0.7726935375626703
1426,6113,2,0.7677331670648238
1427,6114,2,0.7827355122219171
1428,6118,2,0.7946721283069608
1429,6121,2,0.7308114341627061
1430,6122,2,0.7762880060210319
1431,6123,2,0.8053213102891653
1432,6124,2,0.7367503760148838
1433,6125,2,0.7580734792545099
1434,6126,2,0.7808534777373304
1435,6127,2,0.7257131749040191
1436,6129,2,0.7418225512670455
1437,6130,2,0.7976732124755416
1438,6134,2,0.8014186875393109
1439,6138,2,0.7493575888991363
1440,6140,2,0.7585264831394862
1441,6143,2,0.7620549578527063
1442,6144,2,0.7573462518195051
1443,6146,2,0.7796495676754239
1444,6147,2,0.7150495104468083
1445,6148,2,0.7395298861114805
1446,6150,2,0.7530286673863499
1447,6151,2,0.7478272010193977
1448,6154,2,0.7450807441289674
1449,6156,2,0.7270528658370423
1450,6158,2,0.7816129708575024
1451,6160,2,0.7204929338295941
1452,6161,2,0.761332386502085
1453,6163,2,0.7540032136524822
1454,6167,2,0.7095658936651583
1455,6169,2,0.7232750225933684
1456,6170,2,0.7524833060873902
1457,6171,2,0.7485233967217116
1458,6173,2,0.769042832411906
1459,6174,2,0.7650986851487408
1460,6175,2,0.7706905915775402
1461,6179,2,0.77825288845697
1462,6180,2,0.7354920276680669
1463,6182,2,0.7609785344292697
1464,6185,2,0.7903123783573375
1465,6186,2,0.7758792384024685
1466,6187,2,0.7683229383229383
1467,6188,2,0.7405876186310651
1468,6190,2,0.7635998322733943
1469,6194,2,0.7681483691328561
1470,6195,2,0.7851388888888888
1471,6198,2,0.7824316524111875
1472,6199,2,0.8294594495457713
1473,6203,2,0.7453214335518059
1474,6204,2,0.7716372134806226
1475,6207,2,0.7656791046843403
1476,6208,2,0.7696404700902306
1477,6210,2,0.7343719571567672
1478,6212,2,0.8304545796643334
1479,6217,2,0.7627203192550717
1480,6218,2,0.7509211752110013
1481,6219,2,0.7868582454183969
1482,6220,2,0.784373259052925
1483,6221,2,0.7897101974408707
1484,6222,2,0.702758770500706
1485,6223,3,0.7375048741087343
1486,6227,2,0.7397871216229369
1487,6228,2,0.7785997348368956
1488,6229,2,0.7231711987744159
1489,6231,2,0.7147716229348883
1490,6233,2,0.7535310734463276
1491,6234,2,0.7648771761965181
1492,6236,2,0.8271382587369712
1493,6237,2,0.7387224979292968
1494,6238,2,0.740478137779176
1495,6240,2,0.7803030303030303
1496,6241,2,0.7894564428025639
1497,6242,2,0.7779527559055118
1498,6244,2,0.7490481725609205
1499,6245,2,0.7678956155482124
1500,6246,2,0.7988795087133037
1501,6247,2,0.7447991279975086
1502,6248,2,0.7558927366180365
1503,6259,2,0.7917764719362284
1504,6261,2,0.7741016212023628
1505,6263,2,0.7501721439749609
1506,6264,2,0.7827242832332091
1507,6265,2,0.7793786645177424
1508,6266,2,0.7487779305364607
1509,6270,2,0.7100546432949422
1510,6274,2,0.7767692189711306
1511,6275,2,0.75933022673529
1512,6276,2,0.7687847132291576
1513,6279,2,0.7436459458710769
1514,6284,2,0.7407774374289164
1515,6287,2,0.757738638586425
1516,6290,2,0.7541857241857242
1517,6291,2,0.726034757092968
1518,6292,2,0.7236513251787442
1519,6294,2,0.7732494986631018
1520,6404,2,0.7652903811252268
1521,6411,2,0.7376505724240916
1522,6417,2,0.813262252151141
1523,6418,2,0.8826013513513513
1524,6419,2,0.7967029774872912
1525,6425,2,0.7416666666666667
1526,6426,2,0.7926748557208662
1527,6432,2,0.7510632396449705
1528,6435,2,0.7702101611915937
1529,6438,2,0.7610034112654963
1530,6441,2,0.8303030303030303
1531,6446,2,0.7694942044257113
1532,6457,2,0.7416944312232271
1533,6461,2,0.8300306251125924
1534,6462,2,0.7537063605930177
1535,6465,2,0.7603703703703704
1536,6469,2,0.7690476190476191
1537,6470,2,0.7334709207199167
1538,6472,2,0.7326591942820013
1539,6482,2,0.8122018772118788
1540,6485,2,0.8096098265895953
1541,6486,2,0.7804008252284114
1542,6488,2,0.7650445632798574
1543,6492,2,0.8041987286717966
1544,6494,2,0.8242398408638818
1545,6496,2,0.8192848817848818
1546,6497,2,0.7935585086747876
1547,6499,2,0.775854525567405
1548,6506,2,0.7452681098166047
1549,6508,3,0.7546618511535048
1550,6509,2,0.7374697281956271
1551,6510,2,0.7351317663817665
1552,6512,2,0.7803988960058325
1553,6514,2,0.7733317407230451
1554,6516,2,0.808974358974359
1555,6523,2,0.7588265176530355
1556,6527,2,0.9924242424242424
1557,6530,2,0.85625
1558,6532,2,0.7302215189873418
1559,6535,2,0.7829621774478616
1560,6538,2,0.7901115813774529
1561,6542,2,0.7388535031847134
1562,6547,2,0.7902960526315789
1563,6548,2,0.7591907446558609
1564,6556,2,0.815688775510204
1565,6560,2,0.7667153284671532
1566,6561,2,0.7870389884088514
1567,6568,2,0.7593860124695039
1568,6569,2,0.8399327731092437
1569,6570,2,0.8404970760233917
1570,6574,2,0.8302348336594911
1571,6576,2,0.7246075715604801
1572,6577,2,0.744747731975171
1573,6578,2,0.7855654761904762
1574,6589,2,0.7805714285714286
1575,6590,2,0.8034055727554179
1576,6593,2,0.7477499196399872
1577,6594,2,0.8401401747858441
1578,6596,2,0.779398762157383
1579,6603,2,0.7618823118561201
1580,6609,2,0.7558376478905454
1581,6612,2,0.7642237222757956
1582,6613,2,0.7941009642654565
1583,6615,2,0.7542553191489362
1584,6616,2,0.7016006097560975
1585,6624,2,0.8728571428571429
1586,6629,2,0.7851731601731602
1587,6640,2,0.7032019704433498
1588,6642,2,0.8516746411483254
1589,6643,1,0.7301010101010101
1590,6649,2,0.7322874493927126
1591,6654,2,0.8188775510204082
1592,6662,2,0.8158284023668639
1593,6664,2,0.7489601901366607
1594,6667,2,0.8911111111111111
1595,6679,1,0.7539787798408488
1596,6680,2,0.8921052631578947
1597,6683,3,0.8136363636363636
1598,6690,2,0.7794117647058824
1599,6697,2,0.9380952380952381
1600,6716,1,0.7777777777777778
1601,6803,2,0.7524215884422486
1602,7402,2,0.7618885869565217
1603,8024,2,0.7687238523292628
1604,8027,2,0.7784791965566715
1605,8032,2,0.7553821393816903
1606,8034,2,0.7734519150125804
1607,8038,2,0.7264264155060184
1608,8040,2,0.7424071554938433
1609,8042,2,0.7371300205919671
1610,8043,2,0.762090227037317
1611,8044,2,0.7515200211481202
1612,8047,2,0.752590811965812
1613,8048,2,0.7659756944444444
1614,8049,2,0.755391871675532
1615,8050,2,0.7407459006115995
1616,8054,3,0.7358380773437281
1617,8059,2,0.7589568661971832
1618,8064,2,0.7696944444444445
1619,8066,2,0.7812833748665006
1620,8067,2,0.7755180385407175
1621,8068,2,0.7261751842676697
1622,8069,2,0.7454087605905052
1623,8071,2,0.7788982812263137
1624,8074,2,0.7759637235339762
1625,8076,2,0.7867202032260752
1626,8077,2,0.7818501759678229
1627,8080,2,0.8014409731170523
1628,8083,2,0.7768191917789196
1629,8084,2,0.8093458077010709
1630,8085,2,0.7435460369913344
1631,8086,2,0.7319369622341938
1632,8087,2,0.7423792886719907
1633,8088,2,0.7746414932180011
1634,8091,2,0.7452143031231503
1635,8092,2,0.7462824239713773
1636,8093,2,0.7485741852487136
1637,8096,2,0.7010034395717178
1638,8097,2,0.7460332758001349
1639,8099,2,0.7618923953766993
1640,8107,2,0.777623473275647
1641,8109,2,0.7582923939328847
1642,8111,2,0.7617478287841191
1643,8121,2,0.7514978354978356
1644,8147,2,0.7672329203973999
1645,8155,2,0.7787528676856739
1646,8171,2,0.7708207179930796
1647,8176,2,0.7682690443884473
1648,8182,2,0.7431185031185031
1649,8183,2,0.7502563463030707
1650,8234,2,0.7398423811799251
1651,8240,2,0.7749270833333333
1652,8255,2,0.7513332502216312
1653,8277,2,0.7571144133644134
1654,8279,2,0.7535941765241129
1655,8287,2,0.7797636031614689
1656,8289,2,0.7331161095928806
1657,8291,2,0.7466311524609843
1658,8299,2,0.7785020689081571
1659,8342,2,0.7732244531015883
1660,8349,2,0.7595764156744368
1661,8354,2,0.7225865631985156
1662,8358,2,0.8015057902568417
1663,8383,2,0.7485803324099722
1664,8390,2,0.7799303683737645
1665,8401,2,0.7344638917914779
1666,8403,2,0.7643496692935547
1667,8406,2,0.751880787037037
1668,8409,2,0.7540327150466549
1669,8410,2,0.7545313881520779
1670,8415,2,0.8014470372912377
1671,8416,3,0.7127986568513496
1672,8418,2,0.783437096330178
1673,8420,2,0.7829524755754265
1674,8421,2,0.7411722967332628
1675,8423,2,0.7493308951874325
1676,8424,2,0.7617911285794499
1677,8426,2,0.7881891951978658
1678,8431,2,0.7872118614618325
1679,8432,2,0.7766091614888866
1680,8433,2,0.7758690606035182
1681,8435,2,0.7732514854823077
1682,8436,2,0.7567148936170213
1683,8437,2,0.7651032908959885
1684,8440,2,0.843804843804844
1685,8444,2,0.8038226654298083
1686,8446,2,0.796452890237584
1687,8450,2,0.7439276355573473
1688,8455,2,0.833326022109142
1689,8472,2,0.7898667230801777
1690,8476,2,0.7991021324354657
1691,8477,2,0.7266277939747328
1692,8489,2,0.857484879032258
1693,8905,2,0.7970070175438596
1694,8906,2,0.7770467183504485
1695,8908,2,0.8003922087079147
1696,8916,2,0.7583587257617728
1697,8917,2,0.7902183600713013
1698,8921,2,0.7756718441814596
1699,8923,2,0.7565148584490945
1700,8924,2,0.7870129689122422
1701,8927,2,0.7258777623910911
1702,8928,2,0.7693875256485933
1703,8929,2,0.747068328065026
1704,8930,2,0.7637089113990752
1705,8931,2,0.8009356097009441
1706,8932,2,0.7853603803768219
1707,8933,2,0.776889448466408
1708,8934,2,0.7892982696434278
1709,8935,2,0.7320675105485233
1710,8936,2,0.7364839594414894
1711,8937,2,0.7172325277966871
1712,8938,2,0.7741826014086751
1713,8941,2,0.8138445482792154
1714,8942,2,0.7493054586067289
1715,9949,2,0.7716595960694732
1716,9950,2,0.7855259757043163
1717,9951,2,0.7597158697158697
1718,9960,2,0.782386711917114
1719,9962,2,0.7458611807296017
